Tipo_Fundo_Classe;CNPJ_Fundo_Classe;Data_Referencia;Versao;Data_Entrega;Nome_Fundo_Classe;Data_Funcionamento;Publico_Alvo;Codigo_ISIN;Quantidade_Cotas_Emitidas;Fundo_Exclusivo;Cotistas_Vinculo_Familiar;Mandato;Segmento_Atuacao;Tipo_Gestao;Prazo_Duracao;Data_Prazo_Duracao;Encerramento_Exercicio_Social;Mercado_Negociacao_Bolsa;Mercado_Negociacao_MBO;Mercado_Negociacao_MB;Entidade_Administradora_BVMF;Entidade_Administradora_CETIP;Nome_Administrador;CNPJ_Administrador;Logradouro;Numero;Complemento;Bairro;Cidade;Estado;CEP;Telefone1;Telefone2;Telefone3;Site;Email
Classe;00.332.266/0001-31;2026-01-01;1;2026-02-12;VIA PARQUE SHOPPING FII RESP LTDA;1994-11-24;INVESTIDORES EM GERAL;BRFVPQCTF015;2800149;N;N;;Shoppings;Definida;Indeterminado;;31/12;S;N;N;S;N;HEDGE INVESTMENTS DTVM LTDA;07253654000176;AVENIDA BRIGADEIRO FARIA LIMA;3600;11º ANDAR CJ 112;ITAIM BIBI;SÃO PAULO;SP;04538-132;(11) 5412-5400;;;www.hedgeinvest.com.br;dtvm@hedgeinvest.com.br
Classe;00.613.094/0001-74;2026-01-01;1;2026-02-13;FII PANAMBY;1995-03-14;INVESTIDORES EM GERAL;BRPABYCTF012;758400;N;N;;Multicategoria;Ativa;Indeterminado;;31/12;N;N;S;N;N;BANCO GENIAL S.A.;45246410000155;Praia de Botafogo;228;9º Andar;Botafogo;Rio de Janeiro;RJ;22250-906;(21) 3923-3000;(21) 3923-3046;;www.genialinvestimentos.com.br;structured-funds@genial.com.vc
Classe;00.762.723/0001-28;2026-01-01;1;2026-02-13;FUNDO DE INV. IMOBILIARIO CENTRO TEXTIL INTERNACIONAL;1995-08-18;INVESTIDORES EM GERAL;BRCTXTCTF014;5384912;N;N;;Escritórios;Definida;Indeterminado;;31/12;S;N;N;S;N;RIO BRAVO INVESTIMENTOS - DTVM LTDA;72600026000181;AVENIDA CHEDID JAFET;222;BLOCO B - CONJUNTO 32;VILA OLIMPIA;SÃO PAULO;SP;04551-065;(11) 3509-6600;;;www.riobravo.com.br;fundosimobiliarios@riobravo.com.br
Classe;00.868.235/0001-08;2026-01-01;1;2026-02-10;HERMES FII DE RESPONSABILIDADE LIMITADA;1995-10-03;INVESTIDORES EM GERAL;BRHERMCTF004;54316;N;N;;Outros;Definida;Indeterminado;;31/12;N;S;N;S;N;RIO BRAVO INVESTIMENTOS DTVM LTDA;72600026000181;Avenida Chedid Jafet;222;Conjunto 32, Bloco B;Vila Olímpia;São Paulo;SP;04551-065;11 3509-6600;;;www.riobravo.com.br;fundosimobiliarios@riobravo.com.br
Classe;01.201.140/0001-90;2026-01-01;1;2026-02-13;GRAND PLAZA SHOPPING FII DE RESPONSABILIDADE LIMITADA;1996-05-17;INVESTIDORES EM GERAL;BRABCPCTF000;4709082;N;N;;Shoppings;Definida;Indeterminado;;31/12;S;N;N;S;N;RIO BRAVO INVESTIMENTOS DTVM LTDA;72600026000181;AV. CHEDID JAFET;222;Conjunto 32 - Bloco B;Vila Olímpia;São Paulo;SP;04551-065;(11) 3509-6600;;;www.riobravo.com.br;fundosimobiliarios@riobravo.com.br
Classe;01.235.622/0001-61;2026-01-01;2;2026-02-18;OPPORTUNITY FUNDO DE INVESTIMENTO IMOBILIÁRIO;1996-10-07;INVESTIDOR QUALIFICADO;BRFTCECTF005;1324930.00003248;N;N;;Multicategoria;Ativa;Indeterminado;;31/12;S;N;N;S;N;BRL TRUST DTVM S.A.;13486793000142;Rua Alves Guimarães;1216;;Pinheiros;São Paulo;SP;05410-002;(11) 3509-0600;;;www.apexgroup.com/apex-brazil/;infolegal@apexgroup.com
Fundo;01.356.517/0001-80;2026-01-01;1;2026-02-11;LAGRA FUNDO DE INVESTIMENTO IMOBILIARIO;1996-08-12;INVESTIDORES EM GERAL;0;56701;S;S;;Multicategoria;Definida;Indeterminado;;31/12;N;N;S;N;N;MOMENTO DISTRIBUIDORA DE TÍTULOS E VALORES MOBILIÁRIOS LRDA.;97447304000133;RUA DA AJUDA;35;SALA 1901 PARTE;CENTRO;RIO DE JANEIRO;RJ;20040-915;(21) 3266-6666;;;http://fnet.bmfbovespa.com.br;lagra@saoclementesa.com.br
Classe;01.497.954/0001-14;2026-01-01;1;2026-02-10;FUNDO DE INVESTIMENTO IMOBILIÁRIO MISTRAL;1996-10-22;INVESTIDORES EM GERAL;BRMISTCTF016;8703994;N;N;;Outros;Definida;Indeterminado;;31/12;N;N;S;N;N;CORRETORA GERAL DE VALORES E CÂMBIO LTDA;92858380000118;RUA DR. JOSÉ MONTAURY;139;5º AO 8º ANDAR;CENTRO HISTÓRICO;PORTO ALEGRE;RS;90.010-090;(51) 3213-2727;;;www.geralinvestimentos.com.br;edegasperin@geralinvestimentos.com.br
Classe;01.601.918/0001-59;2026-01-01;1;2026-02-11;FORTALEZA FUNDO DE INVESTIMENTO IMOBILIÁRIO DE RESP LTDA;1997-01-14;INVESTIDORES EM GERAL;BRFTLZCTF001;500000;N;N;;Outros;Definida;Indeterminado;;31/12;N;N;S;N;N;RIO BRAVO INVESTIMENTOS DTVM LTDA;72600026000181;AV. CHEDID JAFET;222;Conjunto 32 - BLOCO B;VILA OLÍMPIA;SÃO PAULO;SP;04551-065;(11) 3509-6600;;;www.riobravo.com.br;fundosimobiliarios@riobravo.com.br
Classe;01.601.918/0001-59;2026-02-01;1;2026-03-05;FORTALEZA FUNDO DE INVESTIMENTO IMOBILIÁRIO DE RESP LTDA;1997-01-14;INVESTIDORES EM GERAL;BRFTLZCTF001;500000;N;N;;Outros;Definida;Indeterminado;;31/12;N;N;S;N;N;RIO BRAVO INVESTIMENTOS DTVM LTDA;72600026000181;AV. CHEDID JAFET;222;Conjunto 32 - BLOCO B;VILA OLÍMPIA;SÃO PAULO;SP;04551-065;(11) 3509-6600;;;www.riobravo.com.br;fundosimobiliarios@riobravo.com.br
Classe;01.633.741/0001-72;2026-01-01;1;2026-02-12;FII MEMORIAL OFFICE RESP LTDA;1997-03-18;INVESTIDORES EM GERAL;BRFMOFCTF010;508008;N;N;;Escritórios;Definida;Indeterminado;;31/12;S;N;N;S;N;HEDGE INVESTMENTS DTVM LTDA;07253654000176;AVENIDA BRIGADEIRO FARIA LIMA;3600;11º ANDAR CJ 112;ITAIM BIBI;SÃO PAULO;SP;04538-132;(11) 5412-5400;;;www.hedgeinvest.com.br;dtvm@hedgeinvest.com.br
Classe;01.636.325/0001-28;2026-01-01;1;2026-02-13;PATEO MOINHOS FII RL;1998-03-11;INVESTIDOR QUALIFICADO;BRPMOVCTF008;234900;N;N;;Multicategoria;Definida;Indeterminado;;31/12;S;N;N;S;N;BTG PACTUAL SERVICOS FINANCEIROS S/A DTVM;59281253000123;Praia de Botafogo;501;6º Andar;Botafogo;Rio de Janeiro;RJ;22.250-040;55 11 3383-3102;;;www.btgpactual.com;ri.fundoslistados@btgpactual.com
Classe;01.657.856/0001-05;2026-01-01;1;2026-02-13;SCP - FUNDO DE INVESTIMENTO IMOBILIARIO;1996-10-31;INVESTIDORES EM GERAL;BRRTELCTF001;4200000;N;N;;Shoppings;Ativa;Indeterminado;;31/12;N;N;S;N;N;BR-CAPITAL DIST. DE TÍTULOS E VALORES MOBILIÁRIOS S/A;44077014000189;RUA SURUBIM;577;CONJ. 101;CIDADE MONÇÕES;SÃO PAULO;SP;04571-050;(11) 5508-3500;;;www.brcapital.com.br;fundos@brcapital.com.br
Fundo;01.964.775/0001-40;2026-01-01;1;2026-02-05;FUNDO DE INVESTIMENTO IMOBILIÁRIO GEO GUARARAPES;2005-11-03;INVESTIDOR QUALIFICADO E PROFISSIONAL;BRGEOGCTF005;12583000;S;S;;Educacional;Definida;Indeterminado;;31/12;S;N;N;S;N;BANCO BMG CONSIGNADO S.A.;50585090000106;AVENIDA JUSCELINO KUBITSCHEK;1830;SALA 101 BL 01;ITAIM BIBI;SÃO PAULO;SP;04543-000;11 2847-7491;;;N/C;barbara.foliveira@bancobmg.com.br
Fundo;01.964.775/0001-40;2026-02-01;1;2026-03-04;FUNDO DE INVESTIMENTO IMOBILIÁRIO GEO GUARARAPES;2005-11-03;INVESTIDOR QUALIFICADO E PROFISSIONAL;BRGEOGCTF005;12583000;S;S;;Educacional;Definida;Indeterminado;;31/12;S;N;N;S;N;BANCO BMG CONSIGNADO S.A.;50585090000106;AVENIDA JUSCELINO KUBITSCHEK;1830;SALA 101 BL 01;ITAIM BIBI;SÃO PAULO;SP;04543-000;11 2847-7491;;;N/C;barbara.foliveira@bancobmg.com.br
Classe;02.508.235/0001-14;2026-01-01;1;2026-02-13;LOGINVEST FII INDUSTRIAL DE RESPONSABILIDADE LIMITADA;1998-06-10;INVESTIDORES EM GERAL;BRLGVTCTF016;17100;N;N;;Logística;Definida;Indeterminado;;31/12;N;N;S;N;N;RIO BRAVO INVESTIMENTOS DTVM LTDA;72600026000181;AV. CHEDID JAFET;222;Conjunto 32 - BLOCO B;VILA OLÍMPIA;SÃO PAULO;SP;04551-065;(11) 3509-6600;;;www.riobravo.com.br;fundosimobiliarios@riobravo.com.br
Classe;03.251.720/0001-18;2026-01-01;1;2026-02-13;FII PROJ AGUA BRANCA;2023-12-29;INVESTIDORES EM GERAL;BRFPABCTF011;750000;N;N;;Escritórios;Definida;Indeterminado;;31/12;S;N;N;S;N;BTG PACTUAL SERVICOS FINANCEIROS S/A DTVM;59281253000123;Praia de Botafogo;501;6º Andar;Botafogo;Rio de Janeiro;RJ;22.250-040;55 11 3383-3102;;;www.btgpactual.com;ri.fundoslistados@btgpactual.com
Classe;03.507.519/0001-59;2026-01-01;1;2026-02-13;SHOPPING PÁTIO HIGIENÓPOLIS FII DE RESPONSABILIDADE LIMITADA;1999-10-15;INVESTIDORES EM GERAL;BRSHPHCTF008;608950;N;N;;Shoppings;Definida;Indeterminado;;31/12;S;N;N;S;N;RIO BRAVO INVESTIMENTOS DTVM LTDA;72600026000181;AV. CHEDID JAFET;222;Conjunto 32 - BLOCO B;VILA OLÍMPIA;SÃO PAULO;SP;04551-065;(11) 3509-6600;;;www.riobravo.com.br;fundosimobiliarios@riobravo.com.br
Classe;03.683.056/0001-86;2026-01-01;1;2026-02-13;FUNDO DE INV. IMOBILIÁRIO RIO BRAVO RENDA CORPORATIVA;2000-01-12;INVESTIDORES EM GERAL;BRRCRBCTF000;3690695;N;N;;Escritórios;Ativa;Indeterminado;;31/12;S;N;N;S;N;RIO BRAVO INVESTIMENTOS - DTVM LTDA;72600026000181;AVENIDA CHEDID JAFET;222;BLOCO B - CONJUNTO 32;VILA OLIMPIA;SÃO PAULO;SP;04551-065;(11) 3509-6600;;;www.riobravo.com.br;fundosimobiliarios@riobravo.com.br
Classe;03.855.441/0001-63;2026-01-01;1;2026-02-23;RB LOGISTICA FII DE RESPONSABILIDADE LIMITADA;2000-05-02;INVESTIDOR QUALIFICADO;0;144210661;N;N;;Logística;Definida;Indeterminado;;31/12;N;N;S;N;N;RIO BRAVO INVESTIMENTOS DTVM LTDA;72600026000181;AV. CHEDID JAFET;222;Conjunto 32 - Bloco B;Vila Olímpia;São Paulo;SP;04551-065;(11) 3509-6600;;;www.riobravo.com.br;fundosimobiliarios@riobravo.com.br
Classe;04.066.582/0001-60;2026-01-01;1;2026-02-13;HOSPITAL CRIANCA FII;2000-10-03;INVESTIDORES EM GERAL;BRHCRICTF006;200000;N;N;;Hospital;Definida;Indeterminado;;31/12;S;N;N;S;N;BTG PACTUAL SERVICOS FINANCEIROS S/A DTVM;59281253000123;Praia de Botafogo;501;6º Andar;Botafogo;Rio de Janeiro;RJ;22.250-040;55 11 3383-3102;;;www.btgpactual.com;ri.fundoslistados@btgpactual.com
Classe;04.141.645/0001-03;2026-01-01;1;2026-02-11;FII CONTINENTAL SQUARE FARIA LIMA - RESP. LIMITADA;2000-08-29;INVESTIDORES EM GERAL;BRFLMACTF009;1380670;N;N;;Escritórios;Ativa;Indeterminado;;31/12;S;N;N;S;N;BR-CAPITAL DIST. DE TÍTULOS E VALORES MOBILIÁRIOS S/A;44077014000189;RUA SURUBIM;577;CONJ. 101;CIDADE MONÇÕES;SÃO PAULO;SP;04571-050;(11) 5508-3500;;;www.brcapital.com.br;fundos@brcapital.com.br
Classe;04.644.612/0001-78;2026-01-01;1;2026-02-09;STARK FUNDO DE INVESTIMENTO IMOBILIÁRIO-FII;2021-09-13;INVESTIDOR PROFISSIONAL;BROLMPCTF009;2044676.01522874;N;N;;Hotel;Ativa;Indeterminado;;31/12;S;N;N;S;N;RJI CTVM LTDA;42066258000130;AVENIDA RIO BRANCO;138;4º ANDAR - SALA 402;CENTRO;RIO DE JANERIO;RJ;20040-002;21-3500-4514;21-3500-4514;;www.rjicv.com.br;controladoria.fundos@rjicv.com.br
Classe;04.722.883/0001-02;2026-01-01;1;2026-02-13;TORRE NORTE FII;2001-10-10;INVESTIDORES EM GERAL;BRTRNTCTF013;3935562;N;N;;Escritórios;Definida;Indeterminado;;31/12;S;N;N;S;N;BTG PACTUAL SERVICOS FINANCEIROS S/A DTVM;59281253000123;Praia de Botafogo;501;6º Andar;Botafogo;Rio de Janeiro;RJ;22.250-040;55 11 3383-3102;;;www.btgpactual.com;ri.fundoslistados@btgpactual.com
Fundo;05.437.916/0001-27;2026-01-01;1;2026-02-12;F.I.I EUROPAR RESPONSABILIDADE LIMITADA;2002-12-10;INVESTIDORES EM GERAL;BREUROCTF011;383936;N;N;;Logística;Definida;Indeterminado;;31/12;S;N;N;S;N;COINVALORES CCVM LTDA;00336036000140;Avenida Brigadeiro faria lima;1800;2º andar;Jardim Paulistano;são Paulo;SP;01451-001;(11)3035-4143;(11)3035-4141;;www.coinvalores.com.br;admfundoimobiliario@coinvalores.com.br
Classe;05.562.312/0001-02;2026-01-01;1;2026-02-24;FII EDIFÍCIO ALMIRANTE BARROSO RL;2003-03-17;INVESTIDORES EM GERAL;BRFAMBCTF018;122538;N;N;;Residencial;Definida;Indeterminado;;31/12;S;N;N;S;N;ACTUAL DISTRIBUIDORA DE TITULOS E VALORES MOBILIARIOS S.A.;44782130000101;o:RUA MARTIM DE CARVALHO;723;SALA 1001;SANTO AGOSTINHO;BELO HORIZONTE;MG;30190-094;+55(31)3658-3032;;;www.actualdtvm.com;admfiduciario@actualdtvm.com.br
Classe;06.175.262/0001-73;2026-01-01;1;2026-02-13;FII EDIFÍCIO OURINVEST;2004-04-19;INVESTIDORES EM GERAL;BREDFOCTF004;236000;N;N;;Residencial;Definida;Indeterminado;;31/12;S;N;N;S;N;OLIVEIRA TRUST DTVM S.A.;36113876000191;Av. das Américas;3434;Bl. 7 Grupo 201;Barra da Tijuca;Rio de Janeiro;RJ;22640-102;(21) 3514-0000;;;www.oliveiratrust.com.br;ger2.fundos@oliveiratrust.com.br
Classe;07.000.400/0001-46;2026-01-01;1;2026-02-13;BB PROGRESSIVO FII;2004-09-03;INVESTIDORES EM GERAL;BRBBFICTF006;130000;N;N;;Escritórios;Definida;Indeterminado;;31/12;S;N;N;S;N;BTG PACTUAL SERVICOS FINANCEIROS S/A DTVM;59281253000123;Praia de Botafogo;501;6º Andar;Botafogo;Rio de Janeiro;RJ;22.250-040;55 11 3383-3102;;;www.btgpactual.com;ri.fundoslistados@btgpactual.com
Classe;07.122.725/0001-00;2026-01-01;1;2026-02-13;TORRE ALMIRANTE FII;2004-11-19;INVESTIDORES EM GERAL;BRALMICTF003;111177;N;N;;Escritórios;Definida;Indeterminado;;31/12;S;N;N;S;N;BTG PACTUAL SERVICOS FINANCEIROS S/A DTVM;59281253000123;Praia de Botafogo;501;6º Andar;Botafogo;Rio de Janeiro;RJ;22.250-040;55 11 3383-3102;;;www.btgpactual.com;ri.fundoslistados@btgpactual.com
Classe;07.224.019/0001-60;2026-01-01;1;2026-02-13;SPDP FII RL;2005-01-28;INVESTIDORES EM GERAL;BRSHDPCTF007;1189725;N;N;;Shoppings;Definida;Indeterminado;;31/12;S;N;N;S;N;BTG PACTUAL SERVICOS FINANCEIROS S/A DTVM;59281253000123;Praia de Botafogo;501;6º Andar;Botafogo;Rio de Janeiro;RJ;22.250-040;55 11 3383-3102;;;www.btgpactual.com;ri.fundoslistados@btgpactual.com
Classe;07.583.627/0001-61;2026-01-01;1;2026-02-13;PENINSULA FII RL;2005-07-13;INVESTIDOR QUALIFICADO;BRXPMLCTF000;224952;N;N;;Multicategoria;Ativa;Indeterminado;;14/12;S;N;N;S;N;BTG PACTUAL SERVICOS FINANCEIROS S/A DTVM;59281253000123;Praia de Botafogo;501;6º Andar;Botafogo;Rio de Janeiro;RJ;22.250-040;55 11 3383-3102;;;www.btgpactual.com;ri.fundoslistados@btgpactual.com
Classe;07.789.135/0001-27;2026-01-01;1;2026-02-13;FUNDO DE INVESTIMENTO IMOBILIÁRIO ANCAR IC;2005-12-21;INVESTIDORES EM GERAL;BRANCRCTF001;34717612.9610135;N;N;;Shoppings;Ativa;Indeterminado;;31/12;S;N;N;S;N;GENIAL INVESTIMENTOS CORRETORA DE VALORES MOBILIÁRIOS S.A.;27652684000162;Praia de Botafogo;228;9º;Botafogo;Rio de Janeiro;RJ;20091-020;(21) 3923-3000;(21) 3923-3046;;www.genialinvestimentos.com.br;Structured-Funds@genial.com.vc
Classe;08.014.513/0001-63;2026-01-01;1;2026-02-13;HNS LOURDES FII;2006-04-20;INVESTIDORES EM GERAL;BRNSLUCTF008;1293286;N;N;;Hospital;Definida;Indeterminado;;31/12;S;N;N;S;N;BTG PACTUAL SERVICOS FINANCEIROS S/A DTVM;59281253000123;Praia de Botafogo;501;6º Andar;Botafogo;Rio de Janeiro;RJ;22.250-040;55 11 3383-3102;;;www.btgpactual.com;ri.fundoslistados@btgpactual.com
Classe;08.098.114/0001-28;2026-01-01;1;2026-02-13;HSI RENDA IMOBILIÁRIA FUNDO DE INVESTIMENTO IMOBILIÁRIO;2006-06-26;INVESTIDORES EM GERAL;BRPRGDCTF001;8898724;N;N;;Outros;Ativa;Indeterminado;;30/06;S;S;N;S;S;BRL TRUST DTVM S.A.;13486793000142;Rua Alves Guimarães;1216;;Pinheiros;São Paulo;SP;05410-002;(11) 3509-0600;;;www.apexgroup.com/apex-brazil/;infolegal@apexgroup.com
Classe;08.417.532/0001-30;2026-01-01;1;2026-02-05;FCM FII DE RESPONSABILIDADE LIMITADA;2006-08-14;INVESTIDOR QUALIFICADO;;46971;N;N;;Outros;Definida;Indeterminado;;31/12;N;N;S;N;N;RIO BRAVO INVESTIMENTOS DTVM LTDA;72600026000181;Avenida Chedid Jafet;222;Bloco B - Conjunto 32;Vila Olímpia;São Paulo;SP;04551-065;11 3509-6600;;;www.riobravo.com.br;fundosimobiliarios@riobravo.com.br
Classe;08.431.747/0001-06;2026-01-01;2;2026-02-26;HEDGE BRASIL SHOPPING FUNDO DE INVESTIMENTO IMOBILIÁRIO;2006-12-28;INVESTIDORES EM GERAL;BRHGBSCTF000;129133010;N;N;;Shoppings;Ativa;Indeterminado;;31/12;S;N;N;S;N;HEDGE INVESTMENTS DTVM LTDA;07253654000176;AVENIDA BRIGADEIRO FARIA LIMA;3600;11º ANDAR CJ 112;ITAIM BIBI;SÃO PAULO;SP;04538-132;(11) 5412-5400;;;www.hedgeinvest.com.br;dtvm@hedgeinvest.com.br
Classe;08.693.497/0001-82;2026-01-01;1;2026-02-12;FUNDO DE INVESTIMENTO IMOBILIÁRIO VEREDA;2019-11-13;INVESTIDORES EM GERAL;BRVERECTF002;639906.5347;N;N;;Multicategoria;Ativa;Indeterminado;;31/12;N;N;S;N;N;VÓRTX DTVM LTDA;22610500000188;Rua Gilberto Sabino;215;4º ANDAR;Pinheiros;;SP;5425020;11 3030-7177;;;www.vortx.com.br;fundos@vortx.com.br
Classe;08.696.175/0001-97;2026-01-01;1;2026-02-13;RB CAPITAL RENDA I FUNDO DE INVESTIMENTO IMOBILIÁRIO - FII;2007-01-30;INVESTIDORES EM GERAL;BRHUSCCTF009;927162;N;N;;Logística;Ativa;Indeterminado;;30/06;S;N;N;S;N;OLIVEIRA TRUST DIST. DE TÍTULOS E VALORES MOBILIÁRIOS S/A;36113876000191;AVENIDA DAS AMÉRICAS;3434;BLOCO 07 - SALA 201;BARRA DA TIJUCA;RIO DE JANEIRO;RJ;22640-102;(21) 3514-0000;;;www.oliveiratrust.com.br;ger2.fundos@oliveiratrust.com.br
Classe;08.706.065/0001-69;2026-01-01;1;2026-02-13;HOTEL MAXINVEST FII;2007-02-13;INVESTIDORES EM GERAL;BRHTMXCTF000;2888094;N;N;;Hotel;Ativa;Indeterminado;;31/12;S;N;N;S;N;BTG PACTUAL SERVICOS FINANCEIROS S/A DTVM;59281253000123;Praia de Botafogo;501;6º Andar;Botafogo;Rio de Janeiro;RJ;22.250-040;55 11 3383-3102;;;www.btgpactual.com;ri.fundoslistados@btgpactual.com
Classe;08.924.783/0001-01;2026-01-01;2;2026-02-26;BC FUND FII;2007-07-20;INVESTIDORES EM GERAL;BRBRCRCTF000;26638202;N;N;;Multicategoria;Ativa;Indeterminado;;31/12;S;N;N;S;N;BTG PACTUAL SERVICOS FINANCEIROS S/A DTVM;59281253000123;Praia de Botafogo;501;6º Andar;Botafogo;Rio de Janeiro;RJ;22.250-040;55 11 3383-3102;;;www.btgpactual.com;ri.fundoslistados@btgpactual.com
Classe;08.971.868/0001-40;2026-01-01;1;2026-02-06;FUNDO DE INVESTIMENTO IMOBILIÁRIO RIO GRANDE;2024-12-20;INVESTIDOR PROFISSIONAL;;27423.30802067;S;N;;Outros;Ativa;Indeterminado;;30/06;N;S;N;N;S;INTRA INVESTIMENTOS DTVM LTDA;15489568000195;RUA JOAQUIM FLORIANO;1120;5º ANDAR;ITAIM BIBI;SÃO PAULO;SP;04534004;(11) 31985151;;;www.intrainvestimentos.com.br;administracao.fundos@intrainvestimentos.com.br
Classe;08.971.868/0001-40;2026-02-01;1;2026-03-03;FUNDO DE INVESTIMENTO IMOBILIÁRIO RIO GRANDE;2024-12-20;INVESTIDOR PROFISSIONAL;;27423.30802067;S;N;;Outros;Ativa;Indeterminado;;30/06;N;S;N;N;S;INTRA INVESTIMENTOS DTVM LTDA;15489568000195;RUA JOAQUIM FLORIANO;1120;5º ANDAR;ITAIM BIBI;SÃO PAULO;SP;04534004;(11) 31985151;;;www.intrainvestimentos.com.br;administracao.fundos@intrainvestimentos.com.br
Classe;09.006.914/0001-34;2026-01-01;1;2026-02-12;RB CAPITAL RENDA II - FII;2024-08-30;INVESTIDORES EM GERAL;BRRBRDCTF008;1851786;N;N;;Multicategoria;Ativa;Indeterminado;;31/12;S;N;N;S;N;.BANCO DAYCOVAL S/A;62232889000190;Avenida Paulista;1793;2º Andar;Bela Vista;São Paulo;SP;01311200;0300 111 0500;11 3563-4389;11 3563-4318;www.daycoval.com.br/investimentos/servicos-fiduciarios;informes.regulatorios@bancodaycoval.com.br
Classe;09.072.017/0001-29;2026-01-01;1;2026-02-13;PÁTRIA ESCRITÓRIOS FUNDO DE INVESTIMENTO IMOBILIÁRIO;2008-04-17;INVESTIDORES EM GERAL;BRHGRECTF006;11817767;N;N;;Escritórios;Ativa;Indeterminado;;31/12;S;N;N;S;N;BANCO GENIAL S.A.;45246410000155;Praia de Botafogo;228;9 ANDAR;Botafogo;Rio de Janeiro;RJ;222050-906;(11) 3524-8888;;;www.genialinvestimentos.com.br;structured-funds@genial.com.vc
Classe;09.150.967/0001-24;2026-01-01;1;2026-02-09;FUNDO DE INVESTIMENTO IMOBILIÁRIO PATRIMONIAL IV;2007-12-17;INVESTIDOR QUALIFICADO;;73304.97449994;N;N;;Outros;Ativa;Indeterminado;;31/12;N;N;S;N;N;OSLO CAPITAL DTVM;13673855000125;Rua Dr. Eduardo de Souza Aranha;153;4º andar;Vila Nova Conceição;São Paulo;SP;04543120;35133144;;;www.oslodtvm.com;fiduciario@oslodtvm.com
Classe;09.276.964/0001-31;2026-01-01;1;2026-03-02;FII PLANNER 0418 - PROPERTY INVEST FII;2008-01-11;INVESTIDOR QUALIFICADO;0;1206868.34768904;N;N;;Shoppings;Definida;Indeterminado;;31/12;N;N;S;N;N;PLANNER CORRETORA DE VALORES S.A;00806535000154;Avenida Brigadeiro Faria Lima;3900;10º andar;Jardim Paulistano;São Paulo;SP;04538-132;(11) 3504-6800;;;www.planner.com.br;informacoesregulatorias@planner.com.br
Classe;09.276.964/0001-31;2026-02-01;1;2026-03-03;FII PLANNER 0418 - PROPERTY INVEST FII;2008-01-11;INVESTIDOR QUALIFICADO;0;1206868.34768904;N;N;;Shoppings;Definida;Indeterminado;;31/12;N;N;S;N;N;PLANNER CORRETORA DE VALORES S.A;00806535000154;Avenida Brigadeiro Faria Lima;3900;10º andar;Jardim Paulistano;São Paulo;SP;04538-132;(11) 3504-6800;;;www.planner.com.br;informacoesregulatorias@planner.com.br
Classe;09.326.861/0001-39;2026-01-01;1;2026-02-12;SHOPPING WEST PLAZA FUNDO DE INVESTIMENTO IMOBILIARIO;2008-01-17;INVESTIDORES EM GERAL;BRWPLZCTF004;1186683;N;N;;Shoppings;Definida;Indeterminado;;31/12;S;N;N;S;N;HEDGE INVESTMENTS DTVM LTDA;07253654000176;AVENIDA BRIGADEIRO FARIA LIMA;3600;11º ANDAR CJ 112;ITAIM BIBI;SÃO PAULO;SP;04538-132;(11) 5412-5400;;;www.hedgeinvest.com.br;dtvm@hedgeinvest.com.br
Classe;09.517.273/0001-82;2026-01-01;1;2026-02-12;SEQUÓIA III RENDA IMOBILIÁRIA FII;2020-11-04;INVESTIDORES EM GERAL;BRSEQRCTF002;1665695.3525;N;N;;Logística;Ativa;Indeterminado;;31/12;S;N;N;S;N;VÓRTX DTVM LTDA;22610500000188;Rua Gilberto Sabino;215;4º ANDAR;Pinheiros;São Paulo;SP;5425020;11 3030-7177;;;www.vortx.com.br;fundos@vortx.com.br
Classe;09.552.812/0001-14;2026-01-01;1;2026-02-13;BTG CRÉDITO IMOB FII;2008-05-19;INVESTIDORES EM GERAL;BRFEXCCTF007;99521172;N;N;;Outros;Ativa;Indeterminado;;31/12;S;N;N;S;N;BTG PACTUAL SERVICOS FINANCEIROS S/A DTVM;59281253000123;Praia de Botafogo;501;6º Andar;Botafogo;Rio de Janeiro;RJ;22.250-040;55 11 3383-3102;;;www.btgpactual.com;ri.fundoslistados@btgpactual.com
Classe;10.347.985/0001-80;2026-01-01;1;2026-02-12;CIDADE JARDIM CONTINENTAL TOWER FII;2010-12-22;INVESTIDOR QUALIFICADO;BRCJCTCTF001;3140000;N;N;;Escritórios;Definida;Indeterminado;;31/12;S;N;N;S;N;HEDGE INVESTMENTS DTVM LTDA;07253654000176;AVENIDA BRIGADEIRO FARIA LIMA;3600;11º ANDAR CJ 112;ITAIM BIBI;SÃO PAULO;SP;04538-132;(11) 5412-5400;;;www.hedgeinvest.com.br;dtvm@hedgeinvest.com.br
Classe;10.375.382/0001-91;2026-01-01;1;2026-02-12;HEDGE FLORIPA SHOPPING FII;2009-09-21;INVESTIDORES EM GERAL;BRFLRPCTF006;7562817;N;N;;Shoppings;Definida;Indeterminado;;31/12;S;N;N;S;N;HEDGE INVESTMENTS DTVM LTDA;07253654000176;AVENIDA BRIGADEIRO FARIA LIMA;3600;11º ANDAR CJ 112;ITAIM BIBI;SÃO PAULO;SP;04538-132;(11) 5412-5400;;;www.hedgeinvest.com.br;dtvm@hedgeinvest.com.br
Classe;10.427.246/0001-06;2026-01-01;2;2026-02-26;PRIME P FII;2009-02-03;INVESTIDOR QUALIFICADO;BRPMEPCTF001;11340540;N;N;;Multicategoria;Ativa;Indeterminado;;31/12;N;N;S;N;N;BTG PACTUAL SERVICOS FINANCEIROS S/A DTVM;59281253000123;Praia de Botafogo;501;6º Andar;Botafogo;Rio de Janeiro;RJ;22.250-040;55 11 3383-3102;;;www.btgpactual.com;ri.fundoslistados@btgpactual.com
Classe;10.456.799/0001-89;2026-01-01;1;2026-02-13;FUNDO DE INVESTIMENTO IMOBILIÁRIO PHORBIS;2008-10-24;INVESTIDOR QUALIFICADO;0;85070;N;N;;Multicategoria;Ativa;Indeterminado;;31/12;N;N;S;N;N;VORTX DISTRIBUIDORA DE TÍTULOS E VALORES;22610500000188;RUA GILBERTO SABINO;215;CONJ 41 SALA 2;PINHEIROS;SÃO PAULO;SP;05425020;(11) 30307111;;;www.vortx.com.br;relacionamento@vortx.com.br
Classe;10.522.648/0001-81;2026-01-01;1;2026-02-13;DOVEL FII;2021-03-19;INVESTIDOR QUALIFICADO;BRDOVLCTF006;66406.0074;N;N;;Escritórios;Ativa;Determinado;2045-03-19;31/12;S;N;N;S;N;BRL TRUST DTVM S.A.;13486793000142;Rua Alves Guimarães;1216;;Pinheiros;São Paulo;SP;05410-002;(11) 3509-0600;;;www.apexgroup.com/apex-brazil/;infolegal@apexgroup.com
Classe;10.869.155/0001-12;2026-01-01;2;2026-02-26;PDPSC FII;2009-06-16;INVESTIDORES EM GERAL;BRPQDPCTF004;19443078;N;N;;Shoppings;Definida;Indeterminado;;31/12;S;N;N;S;N;BTG PACTUAL SERVICOS FINANCEIROS S/A DTVM;59281253000123;Praia de Botafogo;501;6º Andar;Botafogo;Rio de Janeiro;RJ;22.250-040;55 11 3383-3102;;;www.btgpactual.com;ri.fundoslistados@btgpactual.com
Classe;10.991.914/0001-15;2026-01-01;1;2026-02-11;FUNDO DE INVESTIMENTO IMOBILIARIO CAIXA CEDAE;2009-07-13;INVESTIDORES EM GERAL;BRCXCECTF004;1712950;N;N;;Escritórios;Definida;Indeterminado;;31/12;S;N;N;S;N;CAIXA ECONOMICA FEDERAL;00360305000104;Avenida Paulista;750;9º Andar;Cerqueira Cesar;São Paulo;SP;01310-300;(11) 3572-4400;(11) 3572-4600;;www.caixa.gov.br;geafi06@caixa.gov.br
Classe;11.044.355/0001-07;2026-01-01;1;2026-02-10;STARX FII RESPONSABILIDADE LIMITADA;2021-08-02;INVESTIDORES EM GERAL;BRSTRXCTF006;1613559;N;N;;Shoppings;Definida;Indeterminado;;31/12;S;N;N;S;N;INTER DTVM LTDA.;18945670000146;AV BARBACENA;1219;21º ANDAR;SANTO AGOSTINHO;Belo Horizonte;MG;30190131;(31) 3614-5332;;;http://www.bancointer.com.br/inter-dtvm;ri.fii@interdtvm.com.br
Classe;11.160.521/0001-22;2026-01-01;1;2026-02-13;PÁTRIA RECEBÍVEIS IMOBILIÁRIOS - FII;2009-12-22;INVESTIDORES EM GERAL;BRHGCRCTF000;15418106;N;N;;Outros;Ativa;Indeterminado;;31/12;S;N;N;S;N;BANCO GENIAL S.A.;45246410000155;Praia de Botafogo;228;9 ANDAR;Botafogo;Rio de Janeiro;RJ;222050-906;(11) 3524-8888;;;www.genialinvestimentos.com.br;structured-funds@genial.com.vc
Classe;11.179.118/0001-45;2026-01-01;1;2026-02-13;ANHANGUERA FII;2009-12-16;INVESTIDORES EM GERAL;BRFAEDCTF003;692377;S;N;;Outros;Definida;Indeterminado;;31/12;S;N;N;S;N;BTG PACTUAL SERVICOS FINANCEIROS S/A DTVM;59281253000123;Praia de Botafogo;501;6º Andar;Botafogo;Rio de Janeiro;RJ;22.250-040;55 11 3383-3102;;;www.btgpactual.com;ri.fundoslistados@btgpactual.com
Classe;11.233.841/0001-65;2026-01-01;1;2026-02-13;REAL MINAS FUNDO DE INVESTIMENTO IMOBILIÁRIO - FII;2009-12-01;INVESTIDOR QUALIFICADO;BRRLMICTF007;1529229.79730436;N;N;;Multicategoria;Ativa;Indeterminado;;31/12;S;N;N;S;N;OLIVEIRA TRUST DTVM S.A.;36113876000191;Av. das Américas;3434;Bl. 7 Grupo 201;Barra da Tijuca;Rio de Janeiro;RJ;22640-102;(21) 3514-0000;;;www.oliveiratrust.com.br;ger2.fundos@oliveiratrust.com.br
Classe;11.260.134/0001-68;2026-01-01;1;2026-02-13;PÁTRIA PRIME OFFICES - FUNDO DE INVESTIMENTO IMOBILIÁRIO;2010-10-07;INVESTIDORES EM GERAL;BRHGPOCTF009;1753057;N;N;;Escritórios;Definida;Indeterminado;;31/12;S;N;N;S;N;BANCO GENIAL S.A.;45246410000155;Praia de Botafogo;228;9 ANDAR;Botafogo;Rio de Janeiro;RJ;222050-906;(11) 3524-8888;;;www.genialinvestimentos.com.br;structured-funds@genial.com.vc
Classe;11.268.335/0001-01;2026-01-01;1;2026-02-10;JPP FII;2012-01-02;INVESTIDOR PROFISSIONAL;BRJPPDCTF009;220.4949061;N;N;;Multicategoria;Ativa;Indeterminado;;31/12;N;S;N;N;S;BEM DTVM LTDA;00066670000100;Núcleo Cidade de Deus;S/N;Prédio Prata - 4º Andar;Vila Yara;Osasco;SP;06029-900;(11) 3684-4522;;;www.bradescobemdtvm.com.br;bemdtvm@bradesco.com.br
Classe;11.274.415/0001-70;2026-01-01;2;2026-02-20;MAX RETAIL FII;2010-04-20;INVESTIDORES EM GERAL;BRMAXRCTF009;1125655;N;N;;Multicategoria;Definida;Indeterminado;;31/12;S;N;N;S;N;BTG PACTUAL SERVICOS FINANCEIROS S/A DTVM;59281253000123;Praia de Botafogo;501;6º Andar;Botafogo;Rio de Janeiro;RJ;22.250-040;55 11 3383-3102;;;www.btgpactual.com;ri.fundoslistados@btgpactual.com
Classe;11.281.322/0001-72;2026-01-01;1;2026-02-12;PRESIDENTE VARGAS FUNDO DE INVESTIMENTO IMOBILIÁRIO;2011-01-03;INVESTIDORES EM GERAL;BRPRSVCTF008;259201;N;N;;Escritórios;Definida;Indeterminado;;31/12;S;N;N;S;N;HEDGE INVESTMENTS DTVM LTDA;07253654000176;AVENIDA BRIGADEIRO FARIA LIMA;3600;11º ANDAR CJ 112;ITAIM BIBI;SÃO PAULO;SP;04538-132;(11) 5412-5400;;;www.hedgeinvest.com.br;dtvm@hedgeinvest.com.br
Classe;11.326.746/0001-06;2026-01-01;1;2026-02-12;TAG GR IV FUNDO DE INVESTIMENTO IMOB;2012-09-19;INVESTIDOR QUALIFICADO;BRGRIVCTF008;17450;N;N;;Multicategoria;Ativa;Indeterminado;;31/12;N;N;S;N;N;VÓRTX DTVM LTDA;22610500000188;Rua Gilberto Sabino;215;4º ANDAR;Pinheiros;São Paulo;SP;5425020;11 3030-7177;;;www.vortx.com.br;fundos@vortx.com.br
Classe;11.602.654/0001-01;2026-01-01;1;2026-02-13;CAMPUS FARIA LIM FII;2010-06-08;INVESTIDORES EM GERAL;BRFCFLCTF009;3474010;N;N;;Multicategoria;Ativa;Indeterminado;;31/12;S;N;N;S;N;BTG PACTUAL SERVICOS FINANCEIROS S/A DTVM;59281253000123;Praia de Botafogo;501;6º Andar;Botafogo;Rio de Janeiro;RJ;22.250-040;55 11 3383-3102;;;www.btgpactual.com;ri.fundoslistados@btgpactual.com
Classe;11.664.201/0001-00;2026-01-01;1;2026-02-13;FATOR VERITA FII;2023-12-28;INVESTIDORES EM GERAL;BRVRTACTF008;15592424;N;N;;Outros;Ativa;Indeterminado;;31/12;S;N;N;S;N;BANCO FATOR S.A.;33644196000106;R. DR. RENATO PAES DE BARROS;1017;12º andar;ITAIM BIBI;SÃO PAULO;SP;04530-001;55-(11)30499100;;;www.fator.com.br;fundosimobiliarios@fator.com.br
Classe;11.728.688/0001-47;2026-01-01;1;2026-02-13;PÁTRIA LOG - FUNDO DE INVESTIMENTO IMOBILIÁRIO;2010-05-03;INVESTIDORES EM GERAL;BRHGLGCTF004;42404675;N;N;;Multicategoria;Ativa;Indeterminado;;31/12;S;N;N;S;N;BANCO GENIAL S.A.;45246410000155;Praia de Botafogo;228;9 ANDAR;Botafogo;Rio de Janeiro;RJ;222050-906;(11) 3524-8888;;;https://www.bancogenial.com/;structured-funds@genial.com.vc
Classe;11.769.604/0001-13;2026-01-01;2;2026-02-18;GENERAL SHOPPING E OUTLETS DO BRASIL FII;2010-05-19;INVESTIDORES EM GERAL;BRGSFICTF009;96106666;N;N;;Shoppings;Definida;Indeterminado;;31/12;S;N;N;S;N;TRUSTEE DISTRIBUIDORA DE TITULOS E VALORES MOBILIARIOS LTDA.;67030395000146;Avenida Brigadeiro Faria Lima;3.732;11º e 12º andar;Itaim Bibi;São Paulo;SP;04538-132;0800 930 0930;;;www.trusteedtvm.com.br;ouvidoria@trusteedtvm.com.br
Classe;11.827.568/0001-05;2026-01-01;1;2026-02-09;INCENTIVO FUNDO DE INVESTIMENTO IMOBILIÁRIO-FII;2010-06-23;INVESTIDOR QUALIFICADO E PROFISSIONAL;BRINC1CTF005;37122134.4905246;N;N;;Multicategoria;Ativa;Indeterminado;;30/06;S;N;N;S;N;RJI CTVM LTDA;42066258000130;AVENIDA RIO BRANCO;138;4º ANDAR - SALA 402;CENTRO;RIO DE JANERIO;RJ;20040-002;21-3500-4514;21-3500-4514;;www.rjicv.com.br;controladoria.fundos@rjicv.com.br
Classe;11.839.593/0001-09;2026-01-01;2;2026-02-24;BTGP LOGISTICA FII;2010-08-06;INVESTIDORES EM GERAL;BRBTLGCTF000;53310352;N;N;;Multicategoria;Ativa;Indeterminado;;30/06;S;N;N;S;N;BTG PACTUAL SERVICOS FINANCEIROS S/A DTVM;59281253000123;Praia de Botafogo;501;6º Andar;Botafogo;Rio de Janeiro;RJ;22.250-040;55 11 3383-3102;;;www.btgpactual.com;ri.fundoslistados@btgpactual.com
Classe;11.945.604/0001-27;2026-01-01;1;2026-02-13;RB CAPITAL DESENVOLVIMENTO RESIDENCIAL II FII - FII;2010-09-27;INVESTIDOR QUALIFICADO;BRRBDSCTF006;126523;N;N;;Residencial;Ativa;Indeterminado;;30/06;S;N;N;S;N;OLIVEIRA TRUST DTVM S.A.;36113876000191;Av. das Américas;3434;Bl. 7 Grupo 201;Barra da Tijuca;Rio de Janeiro;RJ;22640-102;(21) 3514-0000;;;www.oliveiratrust.com.br;ger2.fundos@oliveiratrust.com.br
Classe;12.005.956/0001-65;2026-01-01;1;2026-02-12;KINEA RENDA IMOBILIARIA FII RESPONSABILIDADE LIMITADA;2010-08-11;INVESTIDORES EM GERAL;BRKNRICTF007;28204047;N;N;;Multicategoria;Ativa;Indeterminado;;30/06;S;N;N;S;N;INTRAG DISTRIBUIDORA DE TÍTULOS E VALORES MOBILIÁRIOS LTDA;62418140000131;AV BRIGADEIRO FARIA LIMA;3400;10º Andar;ITAIM BIBI;SÃO PAULO;SP;04538132;55 (11) 30726012;;;www.intrag.com.br;produtosestruturados@itau-unibanco.com.br
Classe;12.323.955/0001-69;2026-01-01;1;2026-02-13;SABIÁ FUNDO DE INVESTIMENTO IMOBILIÁRIO;2010-07-30;INVESTIDOR QUALIFICADO;;5418740.00045904;N;N;;Outros;Ativa;Indeterminado;;31/12;N;N;S;N;N;GENIAL INVESTIMENTOS CORRETORA DE VALORES MOBILIÁRIOS S.A.;27652684000162;PRAIA DE BOTAFOGO;228;9º ANDAR;BOTAFOGO;RIO DE JANEIRO;RJ;22250-906;(21) 3923-3000;0800 605 8888;;www.genial.com.vc;middleadm@genial.com.vc
Classe;12.401.858/0001-47;2026-01-01;1;2026-02-13;ATRIUM FII;2012-08-15;INVESTIDOR QUALIFICADO;BRATRNCTF005;2626000;N;N;;Multicategoria;Definida;Indeterminado;;31/12;N;N;S;N;N;BTG PACTUAL SERVICOS FINANCEIROS S/A DTVM;59281253000123;Praia de Botafogo;501;6º Andar;Botafogo;Rio de Janeiro;RJ;22.250-040;55 11 3383-3102;;;www.btgpactual.com;ri.fundoslistados@btgpactual.com
Classe;12.516.185/0001-70;2026-01-01;1;2026-02-13;VINCI OFFICES FUNDO DE INVESTIMENTO IMOBILIÁRIO;2013-07-24;INVESTIDORES EM GERAL;BRVINOCTF001;82826295;N;N;;Multicategoria;Ativa;Indeterminado;;31/12;S;N;N;S;N;BRL TRUST DTVM S.A.;13486793000142;Rua Alves Guimarães;1216;;Pinheiros;São Paulo;SP;05410-002;(11) 3509-0600;;;www.apexgroup.com/apex-brazil/;infolegal@apexgroup.com
Classe;12.681.340/0001-04;2026-01-01;1;2026-02-10;BB RENDA CORPORATIVA FUNDO DE INVESTIMENTO IMOBILIÁRIO - FII;2011-06-13;INVESTIDOR PROFISSIONAL;BRBBRCCTF004;1590000;N;N;;Outros;Definida;Indeterminado;;31/12;S;S;N;S;S;BEM DTVM LTDA;00066670000100;Núcleo Cidade de Deus;S/N;Prédio Prata - 4º Andar;Vila Yara;Osasco;SP;06029-900;(11) 3684-4522;;;www.bradescobemdtvm.com.br;bemdtvm@bradesco.com.br
Classe;12.804.013/0001-00;2026-01-01;1;2026-02-13;FII SC 401 - RESPONSABILIDADE LIMITADA;2010-10-25;INVESTIDORES EM GERAL;BRFISCCTF008;1699996;N;S;;Escritórios;Ativa;Indeterminado;;31/12;S;N;N;S;N;BR-CAPITAL DIST. DE TÍTULOS E VALORES MOBILIÁRIOS S/A;44077014000189;RUA SURUBIM;577;CONJ. 101;CIDADE MONÇÕES;SÃO PAULO;SP;04571-050;(11) 5508-3500;;;www.brcapital.com.br;fundos@brcapital.com.br
Classe;12.809.972/0001-00;2026-01-01;1;2026-02-12;HEDGE ATRIUM SHOPPING SANTO ANDRÉ FUNDO DE INVEST IMOB;2011-03-23;INVESTIDORES EM GERAL;BRATSACTF000;1751141;N;N;;Shoppings;Definida;Indeterminado;;31/12;S;N;N;S;N;HEDGE INVESTMENTS DTVM LTDA;07253654000176;AVENIDA BRIGADEIRO FARIA LIMA;3600;11º ANDAR CJ 112;ITAIM BIBI;SÃO PAULO;SP;04538-132;(11) 5412-5400;;;www.hedgeinvest.com.br;dtvm@hedgeinvest.com.br
Classe;12.811.222/0001-73;2026-01-01;1;2026-03-04;FII OAR;2011-04-25;INVESTIDOR PROFISSIONAL;0;130657.83129235;N;N;;Multicategoria;Ativa;Indeterminado;;31/12;N;N;S;N;N;REAG DISTRIBUIDORA DE TITULOS E VALORES MOBILIARIOS SA;34829992000186;Avenida Brigadeiro Faria Lima;2277;17º andar;Jardim Paulistano;São Paulo;SP;01452-000;(11) 3504-6800;;;www.reag.com.br;informeslegais@reag.com.br
Classe;12.887.506/0001-43;2026-01-01;2;2026-02-13;FUNDO DE INVESTIMENTO IMOBILIARIO CAIXA SEQ LOGISTICA RENDA;2011-12-07;INVESTIDORES EM GERAL;BRCXTLCTF003;53597;N;N;;Logística;Definida;Indeterminado;;31/12;S;N;N;S;N;CAIXA ECONÔMICA FEDERAL;00360305000104;AVENIDA PAULISTA;750;9º andar;BELA VISTA;SÃO PAULO;SP;01310-300;(11) 3572-4266;;;www.caixa.gov.br;geafi06@caixa.gov.br
Classe;12.969.125/0001-03;2026-01-01;1;2026-02-10;FII CAIXA INCORPORAÇÃO;2012-05-31;INVESTIDOR PROFISSIONAL;BRINCPCTF008;467;N;N;;Residencial;Ativa;Determinado;2028-12-30;31/12;N;S;N;N;S;CAIXA ECONOMICA FEDERAL;00360305000104;AVENIDA PAULISTA;750;9º Andar;Jardim Paulista;São Paulo;SP;01310-908;(11) 3572-4400;;;www.caixa.gov.br;geafi06@caixa.gov.br
Classe;12.978.943/0001-72;2026-01-01;1;2026-02-12;PARQUE ANHANGUERA FUNDO DE INVESTIMENTO IMOBILIÁRIO;2011-03-31;INVESTIDORES EM GERAL;BRPQAGCTF009;13991890;N;N;;Logística;Ativa;Indeterminado;;30/06;S;N;N;S;N;HEDGE INVESTMENTS DTVM LTDA;07253654000176;AVENIDA BRIGADEIRO FARIA LIMA;3600;11º ANDAR CJ 112;ITAIM BIBI;SÃO PAULO;SP;04538-132;(11) 5412-5400;;;www.hedgeinvest.com.br;dtvm@hedgeinvest.com.br
Classe;12.989.974/0001-29;2026-01-01;2;2026-02-11;CAIXA FUNDO DE INVESTIMENTO IMOBILIARIO PORTO MARAVILHA;2011-05-27;INVESTIDOR QUALIFICADO;BRPMRVCTF001;4735662339.00747;N;N;;Multicategoria;Ativa;Determinado;2064-11-25;31/12;N;N;S;N;N;CAIXA ECONÔMICA FEDERAL;00360305000104;AVENIDA PAULISTA;750;9º ANDAR;BELA VISTA;SÃO PAULO;SP;01310-908;11 3572.4400;;;www.caixa.gov.br;geafi06@caixa.gov.br
Classe;13.000.836/0001-38;2026-01-01;1;2026-02-12;OSASCO PROPERTIES FUNDO DE INVESTIMENTO IMOBILIÁRIO - FII;2018-03-01;INVESTIDOR QUALIFICADO;BRBRTYCTF000;24.07829606;N;N;;Multicategoria;Ativa;Indeterminado;;30/06;N;S;N;N;S;PLANNER CORRETORA DE VALORES S.A.;00806535000154;Avenida Brigadeiro Faria Lima;3900;10º andar;Itaim Bibi;São Paulo;SP;04538-132;(11) 2172-2600;0800 179 444;(11) 2172-2667;www.planner.com.br;informacoesregulatorias@planner.com.br
Classe;13.020.465/0001-56;2026-01-01;1;2026-02-10;FII CAIXA DESENVOLVIMENTO IMOBILIARIO;2013-05-01;INVESTIDOR QUALIFICADO;BRCXDSCTF002;297.7;S;N;;Multicategoria;Ativa;Determinado;2026-06-30;31/12;N;S;N;N;S;CAIXA ECONOMICA FEDERAL;00360305000104;AVENIDA PAULISTA;750;9º Andar;Jardim Paulista;São Paulo;SP;01310-908;(11) 3572-4400;;;www.caixa.gov.br;geafi06@caixa.gov.br
Classe;13.022.994/0001-99;2026-01-01;1;2026-02-13;FII ELDORADO FII  RESPONSABILIDADE LIMITADA;2010-11-18;INVESTIDORES EM GERAL;BRELDOCTF002;787256;N;S;;Shoppings;Definida;Indeterminado;;31/12;S;N;N;S;N;RIO BRAVO INVESTIMENTOS DTVM LTDA;72600026000181;AV. CHEDID JAFET;222;Conjunto 32 - BLOCO B;VILA OLÍMPIA;SÃO PAULO;SP;04551-065;(11) 3509-6600;;;www.riobravo.com.br;fundosimobiliarios@riobravo.com.br
Classe;13.125.823/0001-95;2026-01-01;1;2026-02-05;PSG FUNDO DE INVESTIMENTO IMOBILIÁRIO;2014-11-26;INVESTIDOR QUALIFICADO;;1426.29489;N;N;;Outros;Definida;Indeterminado;;31/12;N;N;S;N;N;BRL TRUST DTVM S.A.;13486793000142;Rua Alves Guimarães;1216;;Pinheiros;São Paulo;SP;05410-002;(11) 3509-0600;;;www.apexgroup.com/apex-brazil/;infolegal@apexgroup.com
Classe;13.320.290/0001-00;2026-01-01;1;2026-02-13;FII TERRA RL;2011-12-20;INVESTIDOR QUALIFICADO;BRTRRFCTF005;155970;N;N;;Multicategoria;Ativa;Indeterminado;;02/12;S;S;N;S;N;BTG PACTUAL SERVICOS FINANCEIROS S/A DTVM;59281253000123;Praia de Botafogo;501;6º Andar;Botafogo;Rio de Janeiro;RJ;22.250-040;55 11 3383-3102;;;www.btgpactual.com;ri.fundoslistados@btgpactual.com
Classe;13.371.132/0001-71;2026-01-01;1;2026-02-13;JS REAL ESTATE MULTIGESTÃO FUNDO DE INVESTIMENTO IMOBILIÁRIO;2011-06-06;INVESTIDORES EM GERAL;BRJSRECTF007;20767328;N;N;;Multicategoria;Ativa;Indeterminado;;31/01;S;N;N;S;N;BANCO J SAFRA S.A;03017677000120;AVENIDA PAULISTA;2150;;BELA VISTA;SÃO PAULO;SP;01311-300;0300 105 1234;0800 772 5755;;https://www.safra.com.br/sobre/safra-asset/js-real-estate.htm;SAFRA.ASSET@SAFRA.COM.BR
Classe;13.500.306/0001-59;2026-01-01;1;2026-02-06;FUNDO DE INVESTIMENTO IMOBILIÁRIO RB OPORTUNIDADES - FII;2011-04-08;INVESTIDORES EM GERAL;BRRBOPCTF009;101664;N;N;;Outros;Ativa;Indeterminado;;31/12;S;N;N;S;N;RIO BRAVO INVESTIMENTOS DTVM LTDA;72600026000181;AV. CHEDID JAFET;222;Conjunto 32 - BLOCO B;VILA OLÍMPIA;SÃO PAULO;SP;04551-065;(11) 3509-6600;;;www.riobravo.com.br;fundosimobiliarios@riobravo.com.br
Classe;13.509.993/0001-73;2026-01-01;1;2026-02-12;POLO MULTISETORIAL CI DE FI IMOBILIARIO - RL;2011-11-14;INVESTIDOR PROFISSIONAL;BRPLO4CTF008;106.95516384;S;N;;Multicategoria;Ativa;Determinado;2038-03-20;31/12;N;N;S;N;N;SANTANDER CACEIS BRASIL DTVM S.A.;62318407000119;Rua Amador Bueno;474;;Santo Amaro;São Paulo;SP;04752-005;(11) 5538-5489;;;www.s3dtvm.com.br;SC_fundosimobiliarios@s3caceis.com.br
Classe;13.551.286/0001-45;2026-01-01;2;2026-02-20;CENESP FII;2011-07-19;INVESTIDORES EM GERAL;BRCNESCTF001;34134825;N;N;;Escritórios;Ativa;Indeterminado;;31/12;S;N;N;S;N;BTG PACTUAL SERVICOS FINANCEIROS S/A DTVM;59281253000123;Praia de Botafogo;501;6º Andar;Botafogo;Rio de Janeiro;RJ;22.250-040;55 11 3383-3102;;;www.btgpactual.com;ri.fundoslistados@btgpactual.com
Classe;13.555.918/0001-49;2026-01-01;1;2026-02-09;AQUILLA FUNDO DE INVESTIMENTO IMOBILIÁRIO;2011-03-11;INVESTIDOR QUALIFICADO E PROFISSIONAL;BRAQLLCTF008;145817.99700065;N;N;;Outros;Ativa;Indeterminado;;31/12;S;N;N;S;N;RJI CTVM LTDA;42066258000130;AVENIDA RIO BRANCO;138;4º ANDAR - SALA 402;CENTRO;RIO DE JANERIO;RJ;20040-002;21-3500-4514;21-3500-4514;;www.rjicv.com.br;controladoria.fundos@rjicv.com.br
Classe;13.584.584/0001-31;2026-01-01;1;2026-02-19;BRAZILIAN GRAVEYARD AND DEATH CARE SERVICES FII;2011-12-12;INVESTIDOR QUALIFICADO;BRCARECTF000;36006138.3997;N;N;;Multicategoria;Ativa;Indeterminado;;31/12;S;N;N;S;N;MASTER SA CCTVM;33886862000112;PRAIA DE BOTAFOGO;228;1702;BOTAFOGO;RIO DE JANEIRO;RJ;22250906;2145020100;;;www.mastercctvm.com.br;contabilidade.fundos@mastercctvm.com.br
Classe;13.598.226/0001-88;2026-01-01;2;2026-03-02;FUNDO DE INVESTIMENTO IMOBILIÁRIO DO ESTADO DE SÃO PAULO;2019-04-18;INVESTIDOR QUALIFICADO;BRFISPCTF000;847864.1401;N;N;;Multicategoria;Ativa;Indeterminado;;31/12;N;N;S;N;N;SINGULARE CORRETORA DE TITULOS E VALORES MOBILIARIOS S.A;62285390000140;AVENIDA REBOUÇAS;2942;7º AO 12º ANDAR;JARDIM PAULISTANO;SÃO PAULO;SP;05402-500;(11) 2827-3500;;;https://qitech.com.br/dtvm/;fii.adm@qitech.com.br
Classe;13.703.596/0001-38;2026-01-01;1;2026-02-12;TREVISO FUNDO DE INVESTIMENTO IMOBILIÁRI;2019-04-08;INVESTIDOR QUALIFICADO;BRTREVCTF000;1064.3855;N;N;;Multicategoria;Ativa;Indeterminado;;31/12;N;N;S;N;N;VÓRTX DTVM LTDA;22610500000188;Rua Gilberto Sabino;215;4º ANDAR;Pinheiros;São Paulo;SP;5425020;11 3030-7177;;;www.vortx.com.br;fundos@vortx.com.br
Classe;13.726.079/0001-84;2026-01-01;1;2026-02-13;SONDA FDO INVEST IMOB RESP LTDA;2011-09-14;INVESTIDOR QUALIFICADO;BRFNDACTF004;301209.9213;N;N;;Multicategoria;Ativa;Indeterminado;;31/12;N;N;S;N;N;VÓRTX DTVM LTDA;22610500000188;Rua Gilberto Sabino;215;4º ANDAR;Pinheiros;São Paulo;SP;5425020;11 3030-7177;;;www.vortx.com.br;fundos@vortx.com.br
Classe;13.842.683/0001-76;2026-01-01;1;2026-02-12;VECTOR QUELUZ LAJES CORPORATIVAS FUNDO DE INVESTIMENTO IMOB;2012-11-14;INVESTIDOR QUALIFICADO;BRVLJSCTF004;26068.6439189;N;N;;Escritórios;Definida;Determinado;2021-07-14;31/12;S;S;N;S;N;PLANNER CORRETORA DE VALORES S.A.;00806535000154;Avenida Brigadeiro Faria Lima;3900;10º andar;Itaim Bibi;São Paulo;SP;04538-132;(11) 2172-2600;0800 179 444;(11) 2172-2667;www.planner.com.br;informacoesregulatorias@planner.com.br
Classe;13.920.018/0001-53;2026-01-01;1;2026-02-18;FII CICA JUNDIAI;2013-07-01;INVESTIDOR QUALIFICADO;0;40501.13111132;N;N;;Multicategoria;Ativa;Indeterminado;;31/12;N;N;S;N;N;REAG DISTRIBUIDORA DE TITULOS E VALORES MOBILIARIOS SA;34829992000186;Avenida Brigadeiro Faria Lima;2277;17º andar;Jardim Paulistano;São Paulo;SP;01452-000;(11) 3504-6800;;;www.reag.com.br;informeslegais@reag.com.br
Classe;13.920.018/0001-53;2026-02-01;1;2026-03-05;FII PLANNER 2478 - CICA JUNDIAI FII;2013-07-01;INVESTIDOR QUALIFICADO;0;40501.13111128;N;N;;Multicategoria;Ativa;Indeterminado;;31/12;N;N;S;N;N;PLANNER CORRETORA DE VALORES S.A.;00806535000154;Avenida Brigadeiro Faria Lima;3900;10º andar;Jardim Paulistano;São Paulo;SP;04538-132;(11) 3504-6800;;;www.planner.com.br;informacoesregulatorias@planner.com.br
Classe;13.974.819/0001-00;2026-01-01;1;2026-02-13;FII OURINVEST LOGISTICA - RESPONSABILIDADE LIMITADA;2013-01-23;INVESTIDORES EM GERAL;BROULGCTF001;2481283.99;N;N;;Logística;Ativa;Indeterminado;;31/12;S;N;N;S;N;OURIBANK S.A. BANCO MULTIPLO;78632767000120;AV PAULISTA;1728;SLJ 1 2 3 4 5 7 ANDAR;BELA VISTA;SAO PAULO;SP;01.310-919;4081-4402;4081-4576;4081-4444;ouribank.com;admfundos@ouribank.com
Classe;14.056.001/0001-62;2026-01-01;1;2026-02-13;PERSONALE I FUNDO DE INVESTIMENTO IMOBILIÁRIO - FII;2011-08-19;INVESTIDOR QUALIFICADO;BRPRSNCTF005;3231246.99824986;N;N;;Multicategoria;Ativa;Indeterminado;;30/06;N;N;S;N;N;OLIVEIRA TRUST DTVM S.A.;36113876000191;Av. das Américas;3434;Bl. 7 Grupo 201;Barra da Tijuca;Rio de Janeiro;RJ;22640-102;(21) 3514-0000;;;www.oliveiratrust.com.br;ger2.fundos@oliveiratrust.com.br
Classe;14.074.706/0001-02;2026-01-01;1;2026-02-04;SUPREME REALTY FUNDO DE INVESTIMENTO IMOBILIÁRIO - FII;2020-12-29;INVESTIDOR QUALIFICADO E PROFISSIONAL;0;43785754.8497037;N;N;;Multicategoria;Ativa;Indeterminado;;31/12;N;N;S;N;N;SEFER INVESTIMENTOS DTVM LTDA;00329598000167;AV BRIGADEIRO FARIA LIMA;3900;6º ANDAR;ITAIM BIBI;SÃO PAULO;SP;01451-000;11 3113-0060;;;www.seferinvestimentos.com.br;informeslegais@seferinvestimentos.com.br
Classe;14.080.689/0001-16;2026-01-01;1;2026-02-13;POLO FII RECEBIVEIS IMOBILIARIOS I;2011-10-31;INVESTIDOR QUALIFICADO;BRPLRICTF000;954304;N;N;;Multicategoria;Ativa;Indeterminado;;30/06;S;N;N;S;N;OLIVEIRA TRUST DTVM S.A.;36113876000191;Av. das Américas;3434;Bl. 7 Grupo 201;Barra da Tijuca;Rio de Janeiro;RJ;22640-102;(21) 3514-0000;;;www.oliveiratrust.com.br;ger2.fundos@oliveiratrust.com.br
Classe;14.088.246/0001-71;2026-01-01;1;2026-02-12;FUNDO DE INVESTIMENTO IMOBILIÁRIO RAILWAY MALL I - FII;2012-07-30;INVESTIDOR QUALIFICADO;BRRWYMCTF001;230.69976;N;N;;Shoppings;Ativa;Determinado;2026-07-30;31/12;N;S;N;N;S;PLANNER CORRETORA DE VALORES S.A.;00806535000154;Avenida Brigadeiro Faria Lima;3900;10º andar;Itaim Bibi;São Paulo;SP;04538-132;(11) 2172-2600;0800 179 444;(11) 2172-2667;www.planner.com.br;informacoesregulatorias@planner.com.br
Classe;14.149.745/0001-21;2026-01-01;1;2026-02-18;FII ARENA;2012-02-07;INVESTIDOR PROFISSIONAL;0;1309737661.02923;N;N;;Outros;Definida;Indeterminado;;31/12;N;N;S;N;N;REAG DISTRIBUIDORA DE TITULOS E VALORES MOBILIARIOS SA;34829992000186;Avenida Brigadeiro Faria Lima;2277;17º andar;Jardim Paulistano;São Paulo;SP;01452-000;(11) 3504-6800;;;www.reag.com.br;informeslegais@reag.com.br
Fundo;14.217.108/0001-45;2026-01-01;1;2026-02-12;F.I.I. INDUSTRIAL DO BRASIL RESPONSABILIDADE LIMITADA;2011-08-19;INVESTIDORES EM GERAL;BRFIIBCTF001;685000;N;N;;Logística;Definida;Indeterminado;;31/12;S;N;N;S;N;COINVALORES C. C. V. M. LTDA.;00336036000140;Avenida Brigadeiro Faria Lima;1.800;2º andar;Jardim Paulistano;São Paulo;SP;01451-001;(11)3035-4141;;;www.coinvalores.com.br;admfundoimobiliario@coinvalores.com.br
Classe;14.376.247/0001-11;2026-01-01;1;2026-02-13;BM BRASCAN LAJES FII;2012-01-10;INVESTIDORES EM GERAL;BRBMLCCTF004;998405;N;N;;Outros;Ativa;Indeterminado;;31/12;S;N;N;S;N;BTG PACTUAL SERVICOS FINANCEIROS S/A DTVM;59281253000123;Praia de Botafogo;501;6º Andar;Botafogo;Rio de Janeiro;RJ;22.250-040;55 11 3383-3102;;;www.btgpactual.com;ri.fundoslistados@btgpactual.com
Classe;14.410.722/0001-29;2026-01-01;1;2026-02-10;TIVIO RENDA IMOBILIÁRIA;2023-09-18;INVESTIDORES EM GERAL;BRBBPOCTF003;15919690;S;N;;Escritórios;Ativa;Indeterminado;;30/06;S;S;N;S;S;BEM DTVM LTDA;00066670000100;Núcleo Cidade de Deus;S/N;Prédio Prata - 4º Andar;Vila Yara;Osasco;SP;06029-900;(11) 3684-4522;;;www.bradescobemdtvm.com.br;bemdtvm@bradesco.com.br
Classe;14.413.342/0001-48;2026-01-01;1;2026-02-10;FII RENDA CORPORATIVA ANGICO;2014-12-18;INVESTIDOR PROFISSIONAL;BRANGCCTF004;25944;N;N;;Escritórios;Ativa;Indeterminado;;31/12;N;N;S;N;N;BRL TRUST DTVM S.A.;13486793000142;Rua Alves Guimarães;1216;;Pinheiros;São Paulo;SP;05410-002;(11) 3509-0600;;;www.apexgroup.com/apex-brazil/;infolegal@apexgroup.com
Classe;14.423.780/0001-97;2026-01-01;1;2026-02-12;KINEA II REAL ESTATE EQUITY FII RESPONSABILIDADE LIMITADA;2011-12-01;INVESTIDOR QUALIFICADO;BRKNRECTF006;18547161.2;N;N;;Residencial;Ativa;Determinado;2023-08-14;30/06;S;N;N;S;N;INTRAG DISTRIBUIDORA DE TÍTULOS E VALORES MOBILIÁRIOS LTDA;62418140000131;AV BRIGADEIRO FARIA LIMA;3400;10º Andar;ITAIM BIBI;SÃO PAULO;SP;04538132;55 (11) 30726012;;;www.intrag.com.br;produtosestruturados@itau-unibanco.com.br
Classe;14.609.653/0001-87;2026-01-01;1;2026-02-13;JHSF CATARINA FII LTDA;2025-10-07;INVESTIDOR QUALIFICADO;BRJCATCTF005;71134.9855;N;N;;Outros;Ativa;Indeterminado;;31/12;N;S;N;N;S;.BANCO DAYCOVAL S/A;62232889000190;Avenida Paulista;1793;2º Andar;Bela Vista;São Paulo;SP;01311200;0300 111 0500;11 4090-2223;11 3138-4061;https://www.daycoval.com.br/investimento;informes.regulatorios@bancodaycoval.com.br
Classe;14.631.148/0001-39;2026-01-01;1;2026-02-09;HAZ FUNDO DE INVESTIMENTO IMOBILIARIO;2012-04-01;INVESTIDORES EM GERAL;BRATCRCTF008;928908.19633869;N;N;;Multicategoria;Ativa;Determinado;2023-11-09;30/06;S;N;N;S;N;RJI CTVM LTDA;42066258000130;AVENIDA RIO BRANCO;138;4º ANDAR - SALA 402;CENTRO;RIO DE JANERIO;RJ;20040-002;21-3500-4514;21-3500-4514;;www.rjicv.com.br;controladoria.fundos@rjicv.com.br
Classe;14.721.889/0001-00;2026-01-01;1;2026-02-10;FUNDO DE INVESTIMENTO IMOBILIARIO POLO SHOPPING INDAIATUBA;2012-12-20;INVESTIDOR PROFISSIONAL;BRVPSICTF007;8071897;N;N;;Shoppings;Ativa;Indeterminado;;31/12;S;N;N;S;N;BRL TRUST DTVM S.A.;13486793000142;Rua Alves Guimarães;1216;;Pinheiros;São Paulo;SP;05410-002;(11) 3509-0600;;;www.apexgroup.com/apex-brazil/;infolegal@apexgroup.com
Classe;14.788.492/0001-36;2026-01-01;2;2026-02-25;PATEO BANDEIRANT FII;2013-01-21;INVESTIDOR QUALIFICADO;BRPATBCTF004;4113277;N;N;;Multicategoria;Ativa;Indeterminado;;30/06;S;N;N;S;N;BTG PACTUAL SERVICOS FINANCEIROS S/A DTVM;59281253000123;Praia de Botafogo;501;6º Andar;Botafogo;Rio de Janeiro;RJ;22.250-040;55 11 3383-3102;;;www.btgpactual.com;ri.fundoslistados@btgpactual.com
Classe;14.793.782/0001-78;2026-01-01;1;2026-02-11;NEWPORT RENDA URBANA FII;2011-12-20;INVESTIDOR QUALIFICADO;BRNEWUCTF005;742000;N;N;;Multicategoria;Ativa;Indeterminado;;31/12;S;N;N;S;N;BANCO GENIAL S.A.;45246410000155;Praia de Botafogo;228;9º Andar;Botafogo;Rio de Janeiro;RJ;22250-906;(21) 3923-3000;(21) 3923-3046;;www.genialinvestimentos.com.br;structured-funds@genial.com.vc
Classe;15.006.267/0001-63;2026-01-01;1;2026-02-13;V2 ED CORP FII RL;2012-11-08;INVESTIDORES EM GERAL;BRXTEDCTF006;9900000;N;N;;Multicategoria;Ativa;Indeterminado;;31/12;S;N;N;S;N;BTG PACTUAL SERVICOS FINANCEIROS S/A DTVM;59281253000123;Praia de Botafogo;501;6º Andar;Botafogo;Rio de Janeiro;RJ;22.250-040;55 11 3383-3102;;;www.btgpactual.com;ri.fundoslistados@btgpactual.com
Classe;15.006.286/0001-90;2026-01-01;1;2026-02-06;FUNDO DE INVESTIMENTO IMOBILIÁRIO RIO NEGRO;2012-04-20;INVESTIDORES EM GERAL;BRRNGOCTF003;2676000;N;N;;Escritórios;Definida;Indeterminado;;31/12;S;N;N;S;N;RIO BRAVO INVESTIMENTOS DTVM LTDA;72600026000181;AV. CHEDID JAFET;222;Conjunto 32 - BLOCO B;VILA OLÍMPIA;SÃO PAULO;SP;04551-065;(11) 3509-6600;;;www.riobravo.com.br;fundosimobiliarios@riobravo.com.br
Classe;15.098.422/0001-19;2026-01-01;1;2026-02-13;PLUS FII;2013-12-06;INVESTIDORES EM GERAL;BRVTPLCTF009;1386242;N;N;;Outros;Ativa;Indeterminado;;31/12;S;N;N;S;N;BTG PACTUAL SERVICOS FINANCEIROS S/A DTVM;59281253000123;Praia de Botafogo;501;6º Andar;Botafogo;Rio de Janeiro;RJ;22.250-040;55 11 3383-3102;;;www.btgpactual.com;ri.fundoslistados@btgpactual.com
Classe;15.333.306/0001-37;2026-01-01;1;2026-02-13;GALERIA FII;2012-08-27;INVESTIDORES EM GERAL;BREDGACTF001;3812055;N;N;;Multicategoria;Definida;Indeterminado;;31/12;S;N;N;S;N;BTG PACTUAL SERVICOS FINANCEIROS S/A DTVM;59281253000123;Praia de Botafogo;501;6º Andar;Botafogo;Rio de Janeiro;RJ;22.250-040;55 11 3383-3102;;;www.btgpactual.com;ri.fundoslistados@btgpactual.com
Classe;15.348.117/0001-38;2026-01-01;1;2026-02-09;FII SUCCESS REA;2012-09-14;INVESTIDOR PROFISSIONAL;0;1000.5181519;N;N;;Outros;Ativa;Indeterminado;;31/12;N;N;S;N;N;REAG DISTRIBUIDORA DE TITULOS E VALORES MOBILIARIOS SA;34829992000186;Avenida Brigadeiro Faria Lima;2277;17º andar;Jardim Paulistano;São Paulo;SP;01452-000;(11) 3504-6800;;;www.reag.com.br;informeslegais@reag.com.br
Classe;15.447.108/0001-02;2026-01-01;1;2026-02-13;GAZIT MALLS FII;2018-03-01;INVESTIDOR QUALIFICADO;BRISSHCTF000;21841231;N;N;;Multicategoria;Ativa;Indeterminado;;31/12;N;N;S;N;N;BTG PACTUAL SERVICOS FINANCEIROS S/A DTVM;59281253000123;Praia de Botafogo;501;6º Andar;Botafogo;Rio de Janeiro;RJ;22.250-040;55 11 3383-3102;;;www.btgpactual.com;ri.fundoslistados@btgpactual.com
Classe;15.447.110/0001-73;2026-01-01;1;2026-02-13;SHOPP CIDADE JD FII;2012-04-12;INVESTIDOR QUALIFICADO;BRALVSCTF003;449006092;N;N;;Shoppings;Definida;Indeterminado;;31/12;N;N;S;N;N;BTG PACTUAL SERVICOS FINANCEIROS S/A DTVM;59281253000123;Praia de Botafogo;501;6º Andar;Botafogo;Rio de Janeiro;RJ;22.250-040;55 11 3383-3102;;;www.btgpactual.com;ri.fundoslistados@btgpactual.com
Classe;15.461.076/0001-91;2026-01-01;1;2026-02-09;FUNDO DE INVESTIMENTO IMOBILIÁRIO BR HOTÉIS;2012-08-22;INVESTIDOR QUALIFICADO E PROFISSIONAL;BRBRHTCTF005;1841677;N;N;;Multicategoria;Ativa;Indeterminado;;31/12;S;N;N;S;N;RJI CTVM LTDA;42066258000130;AVENIDA RIO BRANCO;138;4º ANDAR - SALA 402;CENTRO;RIO DE JANERIO;RJ;20040-002;21-3500-4514;21-3500-4514;;www.rjicv.com.br;controladoria.fundos@rjicv.com.br
Classe;15.463.207/0001-70;2026-01-01;1;2026-02-13;INHAUMA FII;2023-12-28;INVESTIDOR QUALIFICADO;;10933;N;N;;Outros;Ativa;Indeterminado;;31/12;N;N;S;N;N;BANCO FATOR S.A.;33644196000106;R. DR. RENATO PAES DE BARROS;1017;12º andar;ITAIM BIBI;SÃO PAULO;SP;04530-001;55-(11)30499100;;;www.fator.com.br;fundosimobiliarios@fator.com.br
Classe;15.489.509/0001-17;2026-01-01;1;2026-02-13;JFDCAM - FUNDO DE INVESTIMENTO IMOBILIÁRIO - FII;2015-04-27;INVESTIDORES EM GERAL;BRVJFDCTF008;4876129.3194;N;N;;Outros;Ativa;Indeterminado;;31/12;N;N;S;N;N;SINGULARE CORRETORA DE TITULOS E VALORES MOBILIARIOS S.A;62285390000140;AVENIDA REBOUÇAS;2942;7º AO 12º ANDAR;PINHEIROS;SÃO PAULO;SP;05402-500;(11) 2827-3500;;;https://qitech.com.br/dtvm/;fii.adm@qitech.com.br
Classe;15.538.445/0001-05;2026-01-01;1;2026-02-13;SP DOWNTOWN FUNDO DE INVESTIMENTO IMOBILIÁRIO - FII;2013-03-01;INVESTIDORES EM GERAL;BRSPTWCTF002;1798000;N;N;;Outros;Definida;Indeterminado;;31/12;S;N;N;S;N;GENIAL INVESTIMENTOS CORRETORA DE VALORES MOBILIÁRIOS S.A;27652684000162;Praia de Botafogo;228;9 ANDAR;Botafogo;Rio de Janeiro;RJ;20091-020;(11) 3524-8888;(11) 2137-8888;0800 605 8888;https://www.genialinvestimentos.com.br/;Structured-Funds@genial.com.vc
Classe;15.570.431/0001-60;2026-01-01;1;2026-02-13;BANRISUL NOVAS FRONTEIRAS FII;2012-09-11;INVESTIDORES EM GERAL;BRBNFSCTF000;700000;N;N;;Varejo;Ativa;Indeterminado;;31/12;S;N;N;S;N;OLIVEIRA TRUST DTVM S.A.;36113876000191;Av. das Américas;3434;Bl. 7 Grupo 201;Barra da Tijuca;Rio de Janeiro;RJ;22640-102;(21) 3514-0000;;;www.oliveiratrust.com.br;ger2.fundos@oliveiratrust.com.br
Classe;15.576.907/0001-70;2026-01-01;1;2026-02-13;RIO BRAVO RENDA VAREJO FII DE RESPONSABILIDADE LIMITADA;2012-11-01;INVESTIDORES EM GERAL;BRRBVACTF006;156143050;N;N;;Varejo;Ativa;Indeterminado;;31/12;S;N;N;S;N;RIO BRAVO INVESTIMENTOS DTVM LTDA;72600026000181;AV. CHEDID JAFET;222;Conjunto 32 - BLOCO B;VILA OLÍMPIA;SÃO PAULO;SP;04551-065;(11) 3509-6600;;;www.riobravo.com.br;fundosimobiliarios@riobravo.com.br
Classe;15.798.220/0001-80;2026-01-01;1;2026-02-13;FII ORCHID;2020-01-02;INVESTIDOR PROFISSIONAL;0;19064.61698944;N;N;;Outros;Ativa;Indeterminado;;31/12;N;N;S;N;N;REAG DISTRIBUIDORA DE TITULOS E VALORES MOBILIARIOS SA;34829992000186;Avenida Brigadeiro Faria Lima;2277;17º andar;Jardim Paulistano;São Paulo;SP;01452-000;(11) 3504-6800;;;www.reag.com.br;informeslegais@reag.com.br
Classe;15.799.397/0001-09;2026-01-01;1;2026-02-13;CEO CYRELA FII;2012-11-07;INVESTIDORES EM GERAL;BRCEOCCTF003;1815696;N;N;;Escritórios;Definida;Indeterminado;;31/12;S;N;N;S;N;BTG PACTUAL SERVICOS FINANCEIROS S/A DTVM;59281253000123;Praia de Botafogo;501;6º Andar;Botafogo;Rio de Janeiro;RJ;22.250-040;55 11 3383-3102;;;www.btgpactual.com;ri.fundoslistados@btgpactual.com
Classe;16.543.270/0001-89;2026-01-01;1;2026-02-09;SÃO DOMINGOS FUNDO DE INVESTIMENTO IMOBILIARIO- FII;2014-05-21;INVESTIDOR QUALIFICADO E PROFISSIONAL;BRFISDCTF006;1072588.3504721;N;N;;Multicategoria;Ativa;Indeterminado;;31/12;S;N;N;S;N;RJI CTVM LTDA;42066258000130;AVENIDA RIO BRANCO;138;4º ANDAR - SALA 402;CENTRO;RIO DE JANERIO;RJ;20040-002;21-3500-4514;21-3500-4514;;www.rjicv.com.br;controladoria.fundos@rjicv.com.br
Classe;16.671.412/0001-93;2026-01-01;1;2026-02-11;TELLUS RIO BRAVO RENDA LOGISTICA FII DE RESP LTDA;2012-11-16;INVESTIDORES EM GERAL;BRTRBLCTF007;7739092;N;N;;Logística;Ativa;Indeterminado;;31/12;S;N;N;S;N;RIO BRAVO INVESTIMENTOS DTVM LTDA;72600026000181;Avenida Jedid Jafet;222;Conjunto 32 Bloco B;Vila Olímpia;São Paulo;SP;04551-065;11 3509-6600;;;www.riobravo.com.br;fundosimobiliarios@riobravo.com.br
Fundo;16.685.929/0001-31;2026-01-01;1;2026-02-13;FUNDO DE INVESTIMENTO IMOBILIÁRIO MACAM SHOPPING;2012-09-27;INVESTIDORES EM GERAL;BRFRLSCTF000;872900;N;N;;Shoppings;Ativa;Determinado;2026-09-27;31/12;S;N;N;S;N;MASTER SA CCTVM;33886862000112;PRAIA DE BOTAFOGO;228;1702;BOTAFOGO;RIO DE JANEIRO;RJ;22250906;2145020100;;;www.mastercctvm.com.br;contabilidade.fundos@mastercctvm.com.br
Classe;16.706.958/0001-32;2026-01-01;1;2026-02-12;KINEA RENDIMENTOS IMOBILIARIOS FII RESPONSABILIDADE LIMITADA;2012-10-15;INVESTIDORES EM GERAL;BRKNCRCTF000;101508771;N;N;;Multicategoria;Ativa;Indeterminado;;30/06;S;N;N;S;N;INTRAG DISTRIBUIDORA DE TÍTULOS E VALORES MOBILIÁRIOS LTDA;62418140000131;AV BRIGADEIRO FARIA LIMA;3400;10º Andar;ITAIM BIBI;SÃO PAULO;SP;04538132;55 (11) 30726012;;;www.intrag.com.br;produtosestruturados@itau-unibanco.com.br
Classe;16.802.320/0001-03;2026-01-01;2;2026-02-23;XP CORPORATE MACAÉ FUNDO DE INVESTIMENTO IMOBILIÁRIO;2013-03-13;INVESTIDORES EM GERAL;BRXPCMCTF009;2414570;N;N;;Escritórios;Definida;Indeterminado;;31/12;S;N;N;S;N;OSLO CAPITAL DTVM;13673855000125;Rua Dr. Eduardo de Souza Aranha;153;4º andar;Itaim Bibi;São Paulo;SP;04543-120;113513-3144;;;www.oslodtvm.com;admfundos@oslodtvm.com
Classe;16.802.360/0001-47;2026-01-01;1;2026-02-12;FUNDO DE INVESTIMENTO IMOBILIÁRIO SOFI;2017-04-03;INVESTIDOR QUALIFICADO;BRFSOFCTF009;12639.29917225;N;N;;Outros;Ativa;Indeterminado;;30/06;N;S;N;N;S;PLANNER CORRETORA DE VALORES S.A.;00806535000154;Avenida Brigadeiro Faria Lima;3900;10º andar;Itaim Bibi;São Paulo;SP;04538-132;(11) 2172-2600;0800 179 444;(11) 2172-2667;www.planner.com.br;informacoesregulatorias@planner.com.br
Classe;16.841.067/0001-99;2026-01-01;1;2026-02-13;SINGULARE FUNDO DE INVESTIMENTO IMOBILIÁRIO -FII;2014-03-10;INVESTIDORES EM GERAL;BRREITCTF007;26291;N;N;;Outros;Ativa;Determinado;2028-11-30;31/12;S;S;N;S;S;SINGULARE CORRETORA DE TITULOS E VALORES MOBILIARIOS S.A;62285390000140;AVENIDA REBOUÇAS;2942;7º AO 12º ANDAR;JARDIM PAULISTANO;SÃO PAULO;SP;05402-500;(11) 2827-3500;;;https://qitech.com.br/dtvm/;fii.adm@qitech.com.br
Classe;16.915.968/0001-88;2026-01-01;1;2026-02-13;MÉRITO DESENVOLVIMENTO IMOBILIÁRIO I FII;2013-03-06;INVESTIDORES EM GERAL;BRMFIICTF008;6800000;N;N;;Multicategoria;Ativa;Indeterminado;;31/12;S;N;N;S;N;MÉRITO DISTRIBUIDORA DE TÍTULOS E VALORES MOBILIÁRIOS LTDA.;41592532000142;Rua Funchal;418;21 andar;Vila Olimpia;São Paulo;SP;04551060;(11) 3386-2555;;;www.meritodtvm.com.br;marcos.ikuno@meritodtvm.com.br
Classe;16.924.913/0001-34;2026-01-01;1;2026-02-13;VISTA REAL ESTATE FUNDO DE INVESTIMENTO IMOBILIÁRIO;2013-06-07;INVESTIDOR QUALIFICADO;BRVREFCTF009;84100000;N;N;;Shoppings;Ativa;Indeterminado;;31/12;N;S;N;S;S;BANCO GENIAL S.A.;27652684000162;Praia de Botafogo;228;9º Andar;Botafogo;Rio de Janeiro;RJ;22250-906;(21 )3923-3000;(21 )3923-3046;;www.genialinvestimentos.com.br;structured-funds@genial.com.vc
Classe;16.929.519/0001-99;2026-01-01;1;2026-02-12;HEDGE REALTY DEVELOPMENT FUNDO DE INVESTIMENTO IMOBILIÁRIO;2013-12-20;INVESTIDOR QUALIFICADO;BRHRDFCTF000;1517425;N;N;;Multicategoria;Ativa;Determinado;2024-12-02;31/12;S;N;N;S;N;HEDGE INVESTMENTS DTVM LTDA;07253654000176;AVENIDA BRIGADEIRO FARIA LIMA;3600;11º ANDAR CJ 112;ITAIM BIBI;SÃO PAULO;SP;04538-132;(11) 5412-5400;;;www.hedgeinvest.com.br;dtvm@hedgeinvest.com.br
Classe;17.007.443/0001-07;2026-01-01;1;2026-02-13;TRANSINC FII RL;2013-08-05;INVESTIDORES EM GERAL;BRTSNCCTF009;1086780;N;N;;Multicategoria;Ativa;Indeterminado;;30/06;S;N;N;S;N;BTG PACTUAL SERVICOS FINANCEIROS S/A DTVM;59281253000123;Praia de Botafogo;501;6º Andar;Botafogo;Rio de Janeiro;RJ;22.250-040;55 11 3383-3102;;;www.btgpactual.com;ri.fundoslistados@btgpactual.com
Classe;17.025.970/0001-44;2026-01-01;1;2026-02-11;FUNDO DE INVESTIMENTO IMOBILIARIO - FII NOVO HORIZONTE;2014-07-28;INVESTIDOR QUALIFICADO;BRNVHOCTF003;41494533;N;N;;Hospital;Ativa;Indeterminado;;31/12;S;N;N;S;N;BANCO GENIAL S.A.;45246410000155;Praia de Botafogo;228;9º Andar;Botafogo;Rio de Janeiro;RJ;22250-906;(21) 3923-3000;(21) 3923-3046;;www.genialinvestimentos.com.br;structured-funds@genial.com.vc
Classe;17.098.794/0001-70;2026-01-01;1;2026-02-12;CAIXA RIO BRAVO FUNDO DE FUNDOS DE INVESTIMENTO IMOBILIARIO;2013-11-12;INVESTIDORES EM GERAL;BRCXRICTF003;1575760;N;S;;Multicategoria;Ativa;Indeterminado;;31/12;S;N;N;S;N;CAIXA ECÔNOMICA FEDERAL;00360305000104;AVENIDA PAULISTA;750;9º ANDAR;BELA VISTA;SÃO PAULO;SP;01310-300;11 3572.4400;;;WWW.CAIXA.GOV.BR;geafi06@caixa.gov.br
Classe;17.144.039/0001-85;2026-01-01;1;2026-02-13;CASTELLO BRANCO OFFICE PARK  - FII;2012-12-17;INVESTIDORES EM GERAL;BRCBOPCTF001;1415000;N;N;;Escritórios;Definida;Indeterminado;;31/12;S;N;N;S;N;BANCO GENIAL S.A.;45246410000155;Praia de Botafogo;228;9 andar;Botafogo;Rio de Janeiro;RJ;222050-903;(11) 3524-8888;;;www.genialinvestimentos.com.br;structured-funds@genial.com.vc
Classe;17.156.502/0001-09;2026-01-01;1;2026-02-13;POLO CREDITO IMOBILIARIO - FUNDO DE INVESTIMENTO IMOBILIARIO;2012-12-12;INVESTIDORES EM GERAL;BRPORDCTF005;37283750;N;N;;Multicategoria;Ativa;Indeterminado;;31/12;S;N;N;S;N;OLIVEIRA TRUST DTVM S.A.;36113876000191;Av. das Américas;3434;Bl. 7 Grupo 201;Barra da Tijuca;Rio de Janeiro;RJ;22640-102;(21) 3514-0000;;;www.oliveiratrust.com.br;ger2.fundos@oliveiratrust.com.br
Classe;17.161.979/0001-82;2026-01-01;1;2026-02-13;FII PEDRA NEGRA RENDA IMOBILIÁRIA - RESP. LIMITADA;2012-10-25;INVESTIDORES EM GERAL;BRFPNGCTF005;3043447;N;S;;Multicategoria;Ativa;Indeterminado;;31/12;S;N;N;S;N;BR-CAPITAL DIST. DE TÍTULOS E VALORES MOBILIÁRIOS S/A;44077014000189;RUA SURUBIM;577;CONJ. 101;CIDADE MONÇÕES;SÃO PAULO;SP;04571-050;(11) 5508-3500;;;www.brcapital.com.br;fundos@brcapital.com.br
Classe;17.282.011/0001-04;2026-01-01;2;2026-02-20;GOLDEN FII RL;2013-02-15;INVESTIDOR QUALIFICADO;BRGLDNCTF009;571307;N;N;;Multicategoria;Ativa;Indeterminado;;31/12;N;N;S;N;N;BTG PACTUAL SERVICOS FINANCEIROS S/A DTVM;59281253000123;Praia de Botafogo;501;6º Andar;Botafogo;Rio de Janeiro;RJ;22.250-040;55 11 3383-3102;;;www.btgpactual.com;ri.fundoslistados@btgpactual.com
Classe;17.308.805/0001-08;2026-01-01;1;2026-02-13;FII SHOP LIGHT RL;2015-06-08;INVESTIDOR QUALIFICADO;BR0LO1CTF007;188400;N;N;;Shoppings;Ativa;Indeterminado;;31/12;N;N;S;N;N;BTG PACTUAL SERVICOS FINANCEIROS S/A DTVM;59281253000123;Praia de Botafogo;501;6º Andar;Botafogo;Rio de Janeiro;RJ;22.250-040;55 11 3383-3102;;;www.btgpactual.com;ri.fundoslistados@btgpactual.com
Classe;17.311.079/0001-74;2026-01-01;1;2026-02-05;FUNDO DE INVESTIMENTO IMOBILIÁRIO - FII SIA CORPORATE;2014-03-19;INVESTIDOR QUALIFICADO;BRSAICCTF009;1429740;N;N;;Escritórios;Definida;Indeterminado;;30/01;N;N;N;N;N;BRB DISTRIBUIDORA DE TÍTULOS E VALORES MOBILIÁRIOS S.A;;Centro Empresarial CNC - SAUN Quadra 5, Lote C;5;2 andar;Asa Norte;Brasília;DF;70040-250;61-34092038;;;https://portal.brb.com.br/para-voce/;controladoriaativo@dtvm.brb.com.br
Classe;17.329.029/0001-14;2026-01-01;1;2026-02-13;RIO BRAVO FUNDOS DE INVESTIMENTO IMOBILIÁRIO - FII;2012-12-17;INVESTIDORES EM GERAL;BRRBFFCTF008;18746075;N;N;;Outros;Ativa;Indeterminado;;31/12;S;N;N;S;N;RIO BRAVO INVESTIMENTOS - DTVM LTDA;72600026000181;AVENIDA CHEDID JAFET;222;BLOCO B - CONJUNTO 32;VILA OLIMPIA;SÃO PAULO;SP;04551-065;(11) 3509-6600;;;www.riobravo.com.br;RBFF@riobravo.com.br
Classe;17.374.696/0001-19;2026-01-01;1;2026-02-24;LABINA MULTI ATIVOS IMOBILIÁRIOS - FII;2013-08-31;INVESTIDORES EM GERAL;BRRMAICTF000;5280066.2382;N;N;;Multicategoria;Ativa;Indeterminado;;31/12;S;S;N;S;N;PLANNER CORRETORA DE VALORES SA;34829992000186;Avenida Brigadeiro Faria Lima;3900;10º andar;Itaim Bibi;São Paulo;SP;01452-000;(11) 21722600;;;www.planner.com.br;informacoesregulatorias@planner.com.br
Classe;17.554.274/0001-25;2026-01-01;1;2026-02-13;VINCI SHOPPING CENTERS FUNDO DE INVESTIMENTO IMOBILIÁRIO-FII;2013-08-07;INVESTIDORES EM GERAL;BRVISCCTF005;28828640;N;N;;Shoppings;Ativa;Indeterminado;;31/12;S;N;N;S;N;BRL TRUST DTVM S.A.;13486793000142;Rua Alves Guimarães;1216;;Pinheiros;São Paulo;SP;05410-002;(11) 3509-0600;;;www.apexgroup.com/apex-brazil/;infolegal@apexgroup.com
Classe;17.568.605/0001-86;2026-01-01;1;2026-02-13;MAIS SHOPPING FII RL;2013-01-23;INVESTIDOR QUALIFICADO;BRSHPGCTF000;269905927;N;N;;Shoppings;Ativa;Indeterminado;;31/12;N;N;S;N;N;BTG PACTUAL SERVICOS FINANCEIROS S/A DTVM;59281253000123;Praia de Botafogo;501;6º Andar;Botafogo;Rio de Janeiro;RJ;22.250-040;55 11 3383-3102;;;www.btgpactual.com;ri.fundoslistados@btgpactual.com
Classe;17.590.518/0001-25;2026-01-01;1;2026-02-12;GENERAL SHOPPING ATIVO E RENDA FUNDO DE INVEST IMOB;2013-06-20;INVESTIDORES EM GERAL;BRFIGSCTF009;2850000;N;N;;Shoppings;Definida;Indeterminado;;31/12;S;N;N;S;N;HEDGE INVESTMENTS DTVM LTDA;07253654000176;AVENIDA BRIGADEIRO FARIA LIMA;3600;11º ANDAR CJ 112;ITAIM BIBI;SÃO PAULO;SP;04538-132;(11) 5412-5400;;;www.hedgeinvest.com.br;dtvm@hedgeinvest.com.br
Classe;17.655.102/0001-48;2026-01-01;1;2026-02-05;PESCARA FUNDO DE INVESTIMENTO IMOBILIÁRIO - FII;2013-10-22;INVESTIDOR QUALIFICADO;BRPCIVCTF001;140.7655996;N;N;;Outros;Ativa;Indeterminado;;31/12;N;N;S;N;N;BRL TRUST DTVM S.A.;13486793000142;Rua Alves Guimarães;1216;;Pinheiros;São Paulo;SP;05410-002;(11) 3509-0600;;;www.apexgroup.com/apex-brazil/;infolegal@apexgroup.com
Classe;17.655.115/0001-17;2026-01-01;1;2026-02-09;SAFIRA FUNDO DE INVESTIMENTO IMOBILIÁRIO;2015-05-21;INVESTIDOR QUALIFICADO;;282888.60734723;N;N;;Multicategoria;Ativa;Indeterminado;;31/12;N;N;S;N;N;BRL TRUST DTVM S.A.;13486793000142;Rua Alves Guimarães;1216;;Pinheiros;São Paulo;SP;05410-002;(11) 3509-0600;;;www.apexgroup.com/apex-brazil/;infolegal@apexgroup.com
Classe;17.786.606/0001-05;2026-01-01;1;2026-02-12;NF CAPITAL II FUNDO DE INVESTIMENTO IMOBILIÁRIO;2017-04-17;INVESTIDOR PROFISSIONAL;BRGBXRCTF009;18848.02189804;N;N;;Multicategoria;Ativa;Indeterminado;;31/12;N;N;S;N;N;FINAXIS CORRETORA;03317692000194;Avenida Paulista;1842;Torre Norte, térro, loja 08;Bela Vista;São Paulo;SP;01310-923;(11) 3526 9001;;;http://finaxis.com.br/;atendimento.regulatorio@finaxis.com.br
Classe;17.854.016/0001-64;2026-01-01;1;2026-02-13;FUNDO DE INVESTIMENTO IMOBILIÁRIO VIDA NOVA - FII;2014-07-01;INVESTIDORES EM GERAL;BRFIVNCTF009;9412630;N;N;;Shoppings;Definida;Indeterminado;;31/12;S;N;N;S;N;OLIVEIRA TRUST DTVM S.A.;36113876000191;Av. das Américas;3434;Bl. 7 Grupo 201;Barra da Tijuca;Rio de Janeiro;RJ;22640-102;(21) 3514-0000;;;www.oliveiratrust.com.br;ger2.fundos@oliveiratrust.com.br
Classe;17.870.926/0001-30;2026-01-01;1;2026-02-10;TIVIO SECURITIES FUNDO DE INVESTIMENTO IMOBILIÁRIO;2018-07-13;INVESTIDORES EM GERAL;BRVOTSCTF007;827913;N;N;;Multicategoria;Ativa;Indeterminado;;31/12;S;S;N;S;S;BEM DTVM LTDA;00066670000100;Núcleo Cidade de Deus;S/N;Prédio Prata - 4º Andar;Vila Yara;Osasco;SP;06029-900;(11) 3684-4522;;;www.bradescobemdtvm.com.br;bemdtvm@bradesco.com.br
Classe;18.085.673/0001-57;2026-01-01;1;2026-02-13;FYTO RECEB FII;2013-10-10;INVESTIDORES EM GERAL;BRNCHBCTF000;15281388;N;N;;Multicategoria;Ativa;Indeterminado;;31/12;S;N;N;S;N;BTG PACTUAL SERVICOS FINANCEIROS S/A DTVM;59281253000123;Praia de Botafogo;501;6º Andar;Botafogo;Rio de Janeiro;RJ;22.250-040;55 11 3383-3102;;;www.btgpactual.com;ri.fundoslistados@btgpactual.com
Classe;18.259.637/0001-62;2026-01-01;1;2026-02-13;ETR PROP FII RL;2013-09-05;INVESTIDOR QUALIFICADO;BRETPPCTF006;185;N;N;;Multicategoria;Definida;Determinado;2026-07-16;30/06;S;N;N;S;N;BTG PACTUAL SERVICOS FINANCEIROS S/A DTVM;59281253000123;Praia de Botafogo;501;6º Andar;Botafogo;Rio de Janeiro;RJ;22.250-040;55 11 3383-3102;;;www.btgpactual.com;ri.fundoslistados@btgpactual.com
Classe;18.265.829/0001-81;2026-01-01;1;2026-02-05;YAGO FUNDO DE INVESTIMENTO IMOBILIÁRIO;2014-04-28;INVESTIDOR QUALIFICADO;BRYAGOCTF006;1030.7418;N;N;;Outros;Ativa;Indeterminado;;31/12;N;N;S;N;N;BRL TRUST DTVM S.A.;13486793000142;Rua Alves Guimarães;1216;;Pinheiros;São Paulo;SP;05410-002;(11) 3509-0600;;;www.apexgroup.com/apex-brazil/;infolegal@apexgroup.com
Classe;18.289.950/0001-43;2026-01-01;1;2026-02-10;BIRD FII - FII;2022-09-26;INVESTIDOR PROFISSIONAL;BRBRDFCTF003;62623089.9565228;N;N;;Escritórios;Definida;Indeterminado;;31/12;S;N;N;S;N;BEM DTVM LTDA;00066670000100;Núcleo Cidade de Deus;S/N;Prédio Prata - 4º Andar;Vila Yara;Osasco;SP;06029-900;(11) 3684-4522;;;www.bradescobemdtvm.com.br;bemdtvm@bradesco.com.br
Classe;18.307.582/0001-19;2026-01-01;1;2026-02-12;HEDGE TOP FOFII 3 FUNDO DE INVESTIMENTO IMOBILIÁRIO;2013-07-08;INVESTIDORES EM GERAL;BRHFOFCTF002;225785000;N;N;;Multicategoria;Ativa;Indeterminado;;31/12;S;N;N;S;N;HEDGE INVESTMENTS DTVM LTDA;07253654000176;AVENIDA BRIGADEIRO FARIA LIMA;3600;11º ANDAR CJ 112;ITAIM BIBI;SÃO PAULO;SP;04538-132;(11) 5412-5400;;;www.hedgeinvest.com.br;dtvm@hedgeinvest.com.br
Classe;18.308.516/0001-63;2026-01-01;1;2026-02-13;BTG HOTEIS FII;2016-04-19;INVESTIDORES EM GERAL;BRBTHICTF004;9218512;N;N;;Hotel;Ativa;Indeterminado;;31/12;S;N;N;S;N;BTG PACTUAL SERVICOS FINANCEIROS S/A DTVM;59281253000123;Praia de Botafogo;501;6º Andar;Botafogo;Rio de Janeiro;RJ;22.250-040;55 11 3383-3102;;;www.btgpactual.com;ri.fundoslistados@btgpactual.com
Classe;18.311.024/0001-27;2026-01-01;1;2026-02-13;SPA FUNDO DE INVESTIMENTO IMOBILIÁRIO;2016-08-12;INVESTIDOR QUALIFICADO;BRSPAFCTF007;11270;N;N;;Shoppings;Ativa;Indeterminado;;31/12;S;N;N;S;N;BANCO GENIAL S.A.;45246410000155;Praia de Botafogo;228;9º Andar;Botafogo;Rio de Janeiro;RJ;22250-906;(21) 3923-3000;(21) 3923-3046;;www.genialinvestimentos.com.br;structured-funds@genial.com.vc
Classe;18.312.285/0001-61;2026-01-01;1;2026-02-13;PRIME OFFICES I FII;2017-09-21;INVESTIDOR QUALIFICADO;BREZTBCTF005;255502330;N;N;;Escritórios;Ativa;Indeterminado;;31/12;N;N;S;N;N;BTG PACTUAL SERVICOS FINANCEIROS S/A DTVM;59281253000123;Praia de Botafogo;501;6º Andar;Botafogo;Rio de Janeiro;RJ;22.250-040;55 11 3383-3102;;;www.btgpactual.com;ri.fundoslistados@btgpactual.com
Classe;18.330.535/0001-96;2026-01-01;1;2026-02-13;FII PETROS;2024-08-13;INVESTIDOR PROFISSIONAL;BRRBCACTF006;538999;N;N;;Outros;Ativa;Indeterminado;;31/12;N;N;S;N;N;BTG PACTUAL SERVICOS FINANCEIROS S/A DTVM;59281253000123;Praia de Botafogo;501;6º Andar;Botafogo;Rio de Janeiro;RJ;22.250-040;55 11 3383-3102;;;www.btgpactual.com;ri.fundoslistados@btgpactual.com
Classe;18.369.510/0001-04;2026-01-01;1;2026-02-09;FUNDO DE INVESTIMENTO IMOBILIÁRIO INFRA REAL ESTATE - FII;2013-10-04;INVESTIDOR QUALIFICADO;BRFINFCTF002;820112.7613235;N;N;;Logística;Ativa;Indeterminado;;30/06;S;S;N;S;N;TRUSTEE DISTRIBUIDORA DE TITULOS E VALORES MOBILIARIOS LTDA.;67030395000146;Avenida Brigadeiro Faria Lima;3.732;11º e 12º andar;Itaim Bibi;São Paulo;SP;04538-132;0800 930 0930;;;www.trusteedtvm.com.br;ouvidoria@trusteedtvm.com.br
Classe;18.497.672/0001-10;2026-01-01;1;2026-02-13;FUNDO DE INVESTIMENTO IMOBILIÁRIO POLO ESTOQUE II - FII;2014-05-08;INVESTIDOR QUALIFICADO;BRESTQCTF008;65361974.8481821;N;N;;Residencial;Ativa;Indeterminado;;31/12;N;S;N;S;N;OLIVEIRA TRUST DTVM S.A.;36113876000191;Av. das Américas;3434;Bl. 7 Grupo 201;Barra da Tijuca;Rio de Janeiro;RJ;22640-102;(21) 3514-0000;;;www.oliveiratrust.com.br;ger2.fundos@oliveiratrust.com.br
Classe;18.647.268/0001-85;2026-01-01;1;2026-02-13;CAM VERA CRUZ FUNDO DE INVESTIMENTO IMOBILIÁRIO;2021-04-01;INVESTIDOR QUALIFICADO;BR0256CTF000;24720;N;N;;Multicategoria;Ativa;Indeterminado;;31/12;N;N;S;N;N;SINGULARE CORRETORA DE TITULOS E VALORES MOBILIARIOS S.A;62285390000140;AVENIDA REBOUÇAS;2942;7º AO 12º ANDAR;PINHEIROS;SÃO PAULO;SP;05402-500;(11) 2827-3500;;;https://qitech.com.br/dtvm/;fii.adm@qitech.com.br
Classe;18.730.914/0001-73;2026-01-01;1;2026-02-09;FII EXCLUSIVO INFRA PATRIMONIAL II;2013-09-06;INVESTIDOR PROFISSIONAL;BR082SCTF007;55.1165906;N;N;;Outros;Ativa;Indeterminado;;30/06;N;N;S;N;N;TRUSTEE DISTRIBUIDORA DE TITULOS E VALORES MOBILIARIOS LTDA.;67030395000146;Avenida Brigadeiro Faria Lima;3.732;11º e 12º andar;Itaim Bibi;São Paulo;SP;04538-132;0800 930 0930;;;www.trusteedtvm.com.br;ouvidoria@trusteedtvm.com.br
Classe;18.874.954/0001-99;2026-01-01;1;2026-02-09;FII TARANTO;2014-08-04;INVESTIDORES EM GERAL;0;352.186046;N;N;;Shoppings;Definida;Indeterminado;;31/12;N;N;S;N;N;REAG DISTRIBUIDORA DE TITULOS E VALORES MOBILIARIOS SA;34829992000186;Avenida Brigadeiro Faria Lima;2277;17º andar;Jardim Paulistano;São Paulo;SP;01452-000;(11) 3504-6800;;;www.reag.com.br;informeslegais@reag.com.br
Classe;18.874.965/0001-79;2026-01-01;1;2026-02-06;CIDADE FUNDO DE INVESTIEMNTO IMOBILIÁRIO - FII;2014-12-11;INVESTIDOR QUALIFICADO;;166750;N;S;;Shoppings;Ativa;Indeterminado;;31/12;N;N;S;N;N;INTRA INVESTIMENTOS DTVM LTDA;15489568000195;RUA JOAQUIM FLORIANO;1120;5º ANDAR;ITAIM BIBI;SÃO PAULO;SP;04534004;(11) 31985151;;;www.intrainvestimentos.com.br;administracao.fundos@intrainvestimentos.com.br
Classe;18.874.965/0001-79;2026-02-01;1;2026-03-03;CIDADE FUNDO DE INVESTIEMNTO IMOBILIÁRIO - FII;2014-12-11;INVESTIDOR QUALIFICADO;;166750;N;S;;Shoppings;Ativa;Indeterminado;;31/12;N;N;S;N;N;INTRA INVESTIMENTOS DTVM LTDA;15489568000195;RUA JOAQUIM FLORIANO;1120;5º ANDAR;ITAIM BIBI;SÃO PAULO;SP;04534004;(11) 31985151;;;www.intrainvestimentos.com.br;administracao.fundos@intrainvestimentos.com.br
Classe;18.929.353/0001-36;2026-01-01;1;2026-02-05;BRL EDIFÍCIOS COMERCIAIS FUNDO DE INVESTIMENTO IMOBILIÁRIO;2014-12-19;INVESTIDOR QUALIFICADO;;45248.7866;N;N;;Escritórios;Ativa;Indeterminado;;31/12;N;N;S;N;N;BRL TRUST DTVM S.A.;13486793000142;Rua Alves Guimarães;1216;;Pinheiros;São Paulo;SP;05410-002;(11) 3509-0600;;;www.apexgroup.com/apex-brazil/;infolegal@apexgroup.com
Classe;18.950.957/0001-64;2026-01-01;1;2026-02-12;CHALLENGER FUNDO DE INVESTIMENTO IMOBILIÁRIO - FII;2013-09-04;INVESTIDOR QUALIFICADO;BRCHLLCTF003;625769.05231811;N;N;;Multicategoria;Ativa;Indeterminado;;31/12;N;S;N;N;S;XP INVESTIMENTOS CORRETORA DE CÂMBIO, TÍTULOS E VAL MOB S/A;02332886000104;AVENIDA ATAULFO DE PAIVA;153;5º e 8º andares;LEBLON;RIO DE JANEIRO;RJ;22440-033;(11) 3027-2237;;;www.xpi.com.br;adm.fundos.estruturados@xpi.com.br
Classe;18.979.895/0001-13;2026-01-01;1;2026-02-13;CAPITANIA SEC II FII;2014-08-07;INVESTIDORES EM GERAL;BRCPTSCTF004;348245947;N;N;;Outros;Ativa;Indeterminado;;30/06;S;N;N;S;N;BTG PACTUAL SERVICOS FINANCEIROS S/A DTVM;59281253000123;Praia de Botafogo;501;6º Andar;Botafogo;Rio de Janeiro;RJ;22.250-040;55 11 3383-3102;;;www.btgpactual.com;ri.fundoslistados@btgpactual.com
Classe;19.026.454/0001-60;2026-01-01;1;2026-02-05;BRL LAJES CORPORATIVA FUNDO DE INVESTIMENTO IMOBILIÁRIO;2014-12-30;INVESTIDOR QUALIFICADO;;103619.7165;N;N;;Escritórios;Ativa;Indeterminado;;31/12;N;S;N;N;S;BRL TRUST DTVM S.A.;13486793000142;Rua Alves Guimarães;1216;;Pinheiros;São Paulo;SP;05410-002;(11) 3509-0600;;;www.apexgroup.com/apex-brazil/;infolegal@apexgroup.com
Classe;19.107.604/0001-60;2026-01-01;1;2026-02-09;OURO REC DESENVOLVIMENTO IMOBILIÁRIO I FII-FII;2016-03-29;INVESTIDORES EM GERAL;BRORPDCTF005;290000;N;N;;Multicategoria;Ativa;Indeterminado;;31/12;S;N;N;S;N;TRUSTEE DISTRIBUIDORA DE TITULOS E VALORES MOBILIARIOS LTDA.;67030395000146;Avenida Brigadeiro Faria Lima;3.732;11º e 12º andar;Itaim Bibi;São Paulo;SP;04538-132;0800 930 0930;;;www.trusteedtvm.com.br;ouvidoria@trusteedtvm.com.br
Classe;19.131.224/0001-60;2026-01-01;1;2026-02-13;SAPUCAÍ RIO FUNDO DE INVESTIMENTO IMOBILIÁRIO - FII;2014-12-23;INVESTIDOR QUALIFICADO;BR0PF2CTF002;1068.13163403;N;N;;Multicategoria;Definida;Indeterminado;;31/12;N;N;S;N;N;OLIVEIRA TRUST DTVM S.A.;36113876000191;Av. das Américas;3434;Bl. 7 Grupo 201;Barra da Tijuca;Rio de Janeiro;RJ;22640-102;(21) 3514-0000;;;www.oliveiratrust.com.br;ger2.fundos@oliveiratrust.com.br
Classe;19.239.245/0001-02;2026-01-01;1;2026-02-13;FII FL 3.500 I - FII;2014-09-04;INVESTIDOR PROFISSIONAL;;436312;N;N;;Multicategoria;Ativa;Indeterminado;;31/12;N;N;S;N;N;BANCO GENIAL S.A.;45246410000155;Praia de Botafogo;228;9º Andar;Botafogo;Rio de Janeiro;RJ;22250-906;(21) 3923-3000;(21) 3923-3046;;www.genialinvestimentos.com.br;structured-funds@genial.com.vc
Classe;19.249.956/0001-50;2026-01-01;1;2026-02-13;LA DEFENSE FUNDO DE INVESTIMENTO IMOBILIÁRIO - FII;2014-08-26;INVESTIDORES EM GERAL;BRICTUCTF005;14350;N;N;;Multicategoria;Definida;Indeterminado;;31/12;N;S;N;N;S;OLIVEIRA TRUST DTVM S.A.;36113876000191;Av. das Américas;3434;Bl. 7 Grupo 201;Barra da Tijuca;Rio de Janeiro;RJ;22640-102;(21) 3514-0000;;;www.oliveiratrust.com.br;ger2.fundos@oliveiratrust.com.br
Classe;19.249.989/0001-08;2026-01-01;1;2026-02-13;RB CAPITAL DESENVOLVIMENTO RESIDENCIAL III FII - FII;2019-04-30;INVESTIDOR QUALIFICADO;BRRSPDCTF006;149011;N;N;;Residencial;Ativa;Indeterminado;;30/06;S;N;N;S;N;OLIVEIRA TRUST DTVM S.A.;36113876000191;Av. das Américas;3434;Bl. 7 Grupo 201;Barra da Tijuca;Rio de Janeiro;RJ;22640-102;(21) 3514-0000;;;www.oliveiratrust.com.br;ger2.fundos@oliveiratrust.com.br
Classe;19.267.845/0001-76;2026-01-01;1;2026-02-05;VGS FUNDO DE INVESTIMENTO IMOBILIÁRIO - FII;2014-03-10;INVESTIDOR PROFISSIONAL;BRDUTRCTF004;28542.6119;N;N;;Outros;Ativa;Indeterminado;;31/12;N;N;S;N;N;BRL TRUST DTVM S.A.;13486793000142;Rua Alves Guimarães;1216;;Pinheiros;São Paulo;SP;05410-002;(11) 3509-0600;;;www.apexgroup.com/apex-brazil/;infolegal@apexgroup.com
Classe;19.419.994/0001-03;2026-01-01;1;2026-02-13;2509 FUNDO DE INVESTIMENTO IMOBILIÁRIO - FII;2013-12-27;INVESTIDOR QUALIFICADO;000000000000;1506194;N;N;;Escritórios;Definida;Indeterminado;;31/12;N;N;S;N;N;OLIVEIRA TRUST DTVM S.A.;36113876000191;Av. das Américas;3434;Bl. 7 Grupo 201;Barra da Tijuca;Rio de Janeiro;RJ;22640-102;(21) 3514-0000;;;www.oliveiratrust.com.br;ger2.fundos@oliveiratrust.com.br
Classe;19.628.741/0001-40;2026-01-01;1;2026-02-13;FII MORUMBI TOWN RL;2016-10-03;INVESTIDOR QUALIFICADO;BRTWNICTF008;4942739739;N;N;;Shoppings;Ativa;Indeterminado;;31/12;N;N;S;N;N;BTG PACTUAL SERVICOS FINANCEIROS S/A DTVM;59281253000123;Praia de Botafogo;501;6º Andar;Botafogo;Rio de Janeiro;RJ;22.250-040;55 11 3383-3102;;;www.btgpactual.com;ri.fundoslistados@btgpactual.com
Classe;19.722.048/0001-31;2026-01-01;1;2026-02-13;LOFT I FII RL;2018-08-27;INVESTIDOR QUALIFICADO;BRLOFTCTF013;1962500;N;N;;Residencial;Ativa;Indeterminado;;31/12;S;N;N;S;N;BTG PACTUAL SERVICOS FINANCEIROS S/A DTVM;59281253000123;Praia de Botafogo;501;6º Andar;Botafogo;Rio de Janeiro;RJ;22.250-040;55 11 3383-3102;;;www.btgpactual.com;ri.fundoslistados@btgpactual.com
Classe;19.872.996/0001-53;2026-01-01;1;2026-02-13;PLT FUNDO DE INVESTIMENTO IMOBILIÁRIO;2014-02-21;INVESTIDOR PROFISSIONAL;;931493022.044435;N;N;;Multicategoria;Ativa;Indeterminado;;31/12;N;N;S;N;N;BANCO GENIAL S.A.;45246410000155;Praia de Botafogo;228;9º Andar;Botafogo;Rio de Janeiro;RJ;22250-906;(21) 3923-3000;(21) 3923-3046;;www.genialinvestimentos.com.br;structured-funds@genial.com.vc
Classe;19.878.616/0001-98;2026-01-01;1;2026-02-13;17007 NAÇÕES FII;2014-02-21;INVESTIDOR PROFISSIONAL;;353948231.403971;S;N;;Multicategoria;Ativa;Indeterminado;;31/12;N;N;S;N;N;BANCO GENIAL S.A.;45246410000155;Praia de Botafogo;228;9º Andar;Botafogo;Rio de Janeiro;RJ;22250-906;(21) 3923-3000;(21) 3923-3046;;www.genialinvestimentos.com.br;structured-funds@genial.com.vc
Classe;20.019.120/0001-48;2026-01-01;1;2026-02-13;FII 4KIDS RL;2014-11-13;INVESTIDOR QUALIFICADO;BR00GECTF009;1648957;S;N;;Shoppings;Ativa;Determinado;2064-11-11;30/06;S;N;N;S;N;BTG PACTUAL SERVICOS FINANCEIROS S/A DTVM;59281253000123;Praia de Botafogo;501;6º Andar;Botafogo;Rio de Janeiro;RJ;22.250-040;55 11 3383-3102;;;www.btgpactual.com;ri.fundoslistados@btgpactual.com
Classe;20.118.470/0001-61;2026-01-01;1;2026-02-13;CASPER FUNDO DE INVESTIMENTO IMOBILIÁRIO - FII;2017-06-30;INVESTIDOR QUALIFICADO;000000000000;100;N;N;;Multicategoria;Ativa;Indeterminado;;31/12;N;N;S;N;N;ID CORRETORA DE TITULOS E VALORES MOBILIARIOS S.A.;16695922000109;AV PRES JUSCELINO KUBITSCHEK;1726;19 ANDAR;VILA NOVA CONCEICAO;SÃO PAULO;SP;04543000;11 4637 6633;;;WWW.IDSF.COM.BR;administracao@idsf.com.br
Classe;20.118.492/0001-21;2026-01-01;1;2026-02-06;PLATINUM FUNDO DE INVESTIMENTO IMOBILIARIO;2016-12-12;INVESTIDOR QUALIFICADO;0;4001018.93136464;N;N;;Outros;Definida;Indeterminado;;31/12;N;N;S;N;N;SEFER INVESTIMENTOS DTVM LTDA;00329598000167;AV BRIGADEIRO FARIA LIMA;3900;CJ 601;ITAIM BIBI;SÃO PAULO;SP;04538132;1131130060;;;www.seferinvestimentos.com.br;informeslegais@seferinvestimentos.com.br
Classe;20.118.507/0001-51;2026-01-01;1;2026-02-08;CEDRO - FUNDO DE INVESTIMENTO IMOBILIÁRIO - FII;2015-01-08;INVESTIDOR PROFISSIONAL;;30411.46817762;N;N;;Outros;Ativa;Indeterminado;;29/12;N;N;S;N;N;LIMINE  DISTRIBUIDORA DE TITULOS E VALORES MOBILIARIOS LTDA.;24361690000172;Av. Dr. Cardoso de Melo;1184;9° andar;Vila Olimpia;São Paulo;SP;04548-000;+55 (11)28461166;;;www.liminedtvm.com.br;adm.fundos@liminedtvm.com.br
Classe;20.118.507/0001-51;2026-02-01;1;2026-03-06;CEDRO - FUNDO DE INVESTIMENTO IMOBILIÁRIO - FII;2015-01-08;INVESTIDOR PROFISSIONAL;;30411.46817762;N;N;;Outros;Ativa;Indeterminado;;29/12;N;N;S;N;N;LIMINE  DISTRIBUIDORA DE TITULOS E VALORES MOBILIARIOS LTDA.;24361690000172;Av. Dr. Cardoso de Melo;1184;9° andar;Vila Olimpia;São Paulo;SP;04548-000;+55 (11)28461166;;;www.liminedtvm.com.br;adm.fundos@liminedtvm.com.br
Classe;20.132.453/0001-89;2026-01-01;1;2026-02-12;BTOWERS FUNDO INVESTIMENTO IMOBILIARIO;2023-07-03;INVESTIDORES EM GERAL;BRBTWRCTF004;809269.7109;N;N;;Escritórios;Definida;Indeterminado;;28/06;S;N;N;S;N;VÓRTX DTVM LTDA;22610500000188;Rua Gilberto Sabino;215;4º ANDAR;Pinheiros;;SP;5425020;11 3030-7177;;;www.vortx.com.br;fundos@vortx.com.br
Classe;20.216.935/0001-17;2026-01-01;1;2026-02-10;BRADESCO CARTEIRA IMOBILIÁRIA ATIVA FII;2015-05-19;INVESTIDORES EM GERAL;BRBCIACTF005;3719038;N;N;;Multicategoria;Ativa;Indeterminado;;31/12;S;N;N;S;N;BEM DTVM LTDA;00066670000100;Núcleo Cidade de Deus;S/N;Prédio Prata - 4º Andar;Vila Yara;Osasco;SP;06029-900;(11) 3684-4522;;;www.bradescobemdtvm.com.br;bemdtvm@bradesco.com.br
Classe;20.265.467/0001-70;2026-01-01;1;2026-02-13;FII HIERON BERLIM;2019-10-18;INVESTIDORES EM GERAL;BRVTBLCTF009;226505.5396;N;N;;Multicategoria;Ativa;Indeterminado;;31/12;N;S;N;S;N;VÓRTX DTVM LTDA;22610500000188;Rua Gilberto Sabino;215;4º ANDAR;Pinheiros;São Paulo;SP;5425020;11 3030-7177;;;www.vortx.com.br;fundos@vortx.com.br
Classe;20.680.775/0001-62;2026-01-01;1;2026-02-13;FII BRISA RE IMOB RL;2014-09-22;INVESTIDOR QUALIFICADO;BRBRRICTF007;1008604;N;N;;Multicategoria;Ativa;Indeterminado;;31/12;N;N;S;N;N;BTG PACTUAL SERVICOS FINANCEIROS S/A DTVM;59281253000123;Praia de Botafogo;501;6º Andar;Botafogo;Rio de Janeiro;RJ;22.250-040;55 11 3383-3102;;;www.btgpactual.com;ri.fundoslistados@btgpactual.com
Fundo;20.717.355/0001-03;2026-01-01;1;2026-02-02;LA SHOPPING II CENTERS FUNDO DE INVESTIMENTO IMOBILIARIO;2023-11-13;INVESTIDOR QUALIFICADO;BRRFIICTF007;66857.6331681;N;N;;Multicategoria;Ativa;Indeterminado;;31/12;N;N;S;N;N;TERRA INVESTIMENTOS DTVM;03751794000113;Rua Joaquim Floriano, nº 100, 18º andar, Itaim Bibi, SP, CEP 4534000;100;18;ITAIM BIBI;SÃO PAULO;SP;4534000;(011) 3165-6000;;;www.terrainvestimentos.com.br;admfundos@terrainvestimentos.com.br
Fundo;20.717.355/0001-03;2026-02-01;1;2026-03-03;LA SHOPPING II CENTERS FUNDO DE INVESTIMENTO IMOBILIARIO;2023-11-13;INVESTIDOR QUALIFICADO;BRRFIICTF007;66857.6331681;N;N;;Multicategoria;Ativa;Indeterminado;;31/12;N;N;S;N;N;TERRA INVESTIMENTOS DTVM;03751794000113;Rua Joaquim Floriano, nº 100, 18º andar, Itaim Bibi, SP, CEP 4534000;100;18;ITAIM BIBI;SÃO PAULO;SP;4534000;(011) 3165-6000;;;www.terrainvestimentos.com.br;admfundos@terrainvestimentos.com.br
Classe;20.748.515/0001-81;2026-01-01;2;2026-02-26;BRESCO LOGISTICA FUNDO DE INVESTIMENTO IMOBILIÁRIO;2016-07-13;INVESTIDORES EM GERAL;BRBRCOCTF007;18021303.0001041;N;S;;Logística;Ativa;Indeterminado;2029-03-12;31/12;S;N;N;S;N;OLIVEIRA TRUST DTVM S.A.;36113876000191;Av. das Américas;3434;Bl. 7 Grupo 201;Barra da Tijuca;Rio de Janeiro;RJ;22640-102;(21) 3514-0000;;;www.oliveiratrust.com.br;ger2.fundos@oliveiratrust.com.br
Classe;20.990.694/0001-69;2026-01-01;1;2026-02-12;FGRP FUNDO DE INVESTIMENTO IMOBILIÁRIO;2018-03-01;INVESTIDOR QUALIFICADO;BRGBXPCTF003;184225.83003927;N;N;;Multicategoria;Ativa;Indeterminado;;30/06;N;S;N;N;S;PLANNER CORRETORA DE VALORES S.A.;00806535000154;Avenida Brigadeiro Faria Lima;3900;10º andar;Itaim Bibi;São Paulo;SP;04538-132;(11) 2172-2600;0800 179 444;(11) 2172-2667;www.planner.com.br;informacoesregulatorias@planner.com.br
Classe;21.044.600/0001-21;2026-01-01;1;2026-02-13;BPGB-001 FUNDO DE INVESTIMENTO IMOBILIÁRIO;2015-11-16;INVESTIDOR PROFISSIONAL;;290062066.22;N;N;;Logística;Ativa;Indeterminado;;31/12;N;N;S;N;N;BANCO GENIAL S.A.;45246410000155;Praia de Botafogo;228;9º Andar;Botafogo;Rio de Janeiro;RJ;22250-906;(21) 3923-3000;(21) 3923-3046;;www.genialinvestimentos.com.br;structured-funds@genial.com.vc
Classe;21.067.825/0001-01;2026-01-01;1;2026-02-13;BPG LOGÍSTICA I FUNDO DE INVESTIMENTO IMOBILIÁRIO;2018-08-16;INVESTIDOR QUALIFICADO;;341894475.745657;N;N;;Logística;Ativa;Indeterminado;;31/12;N;N;S;N;N;BANCO GENIAL S.A.;45246410000155;Praia de Botafogo;228;9º Andar;Botafogo;Rio de Janeiro;RJ;22250-906;(21) 3923-3000;(21) 3923-3046;;www.genialinvestimentos.com.br;structured-funds@genial.com.vc
Classe;21.085.863/0001-89;2026-01-01;1;2026-02-12;EBT FUNDO DE INVESTIMENTO IMOBILIÁRIO;2014-08-04;INVESTIDOR PROFISSIONAL;;183938075.594535;N;N;;Escritórios;Ativa;Indeterminado;;31/12;N;N;S;N;N;BANCO GENIAL S.A.;45246410000155;Praia de Botafogo;228;9º;Botafogo;Rio de Janeiro;RJ;20091-020;(11)3524-8888;(11) 2137-8888;0800 605 8888;https://www.genialinvestimentos.com.br/;Structured-Funds@genial.com.vc
Classe;21.126.204/0001-43;2026-01-01;1;2026-02-11;FUNDO DE INVESTIMENTO IMOBILIÁRIO BRASIL VAREJO;2014-10-30;INVESTIDORES EM GERAL;BRBVARCTF006;625540;N;N;;Varejo;Definida;Indeterminado;;31/12;S;N;N;S;N;RIO BRAVO INVESTIMENTOS DTVM LTDA;72600026000181;AV. CHEDID JAFET;222;Conjunto 32 - BLOCO B;VILA OLÍMPIA;SÃO PAULO;SP;04551-065;(11) 3509-6600;;;www.riobravo.com.br;fundosimobiliarios@riobravo.com.br
Classe;21.156.164/0001-82;2026-01-01;1;2026-02-13;HAMAL - FUNDO DE INVESTIMENTO IMOBILIARIO - FII;2019-11-29;INVESTIDOR QUALIFICADO;000000000000;1012.47192443;N;N;;Escritórios;Definida;Indeterminado;;31/12;N;N;S;N;N;OLIVEIRA TRUST DTVM S.A.;36113876000191;Av. das Américas;3434;Bl. 7 Grupo 201;Barra da Tijuca;Rio de Janeiro;RJ;22640-102;(21) 3514-0000;;;www.oliveiratrust.com.br;ger2.fundos@oliveiratrust.com.br
Classe;21.408.063/0001-51;2026-01-01;1;2026-02-13;FUNDO DE INVESTIMENTO IMOBILIARIO RBR PROPERTIES;2014-11-11;INVESTIDOR PROFISSIONAL;BRRBRPCTF002;12179186.9380769;N;N;;Outros;Ativa;Indeterminado;;31/12;S;N;N;S;N;BRL TRUST DTVM S.A.;13486793000142;Rua Alves Guimarães;1216;;Pinheiros;São Paulo;SP;05410-002;(11) 3509-0600;;;www.apexgroup.com/apex-brazil/;infolegal@apexgroup.com
Classe;21.500.481/0001-74;2026-01-01;1;2026-02-13;FUNDO DE INVESTIMENTO IMOBILIÁRIO VOTORANTIM PATRIMONIAL V;2016-11-18;INVESTIDOR QUALIFICADO;BRVTPACTF002;661866.88698113;S;S;;Multicategoria;Ativa;Indeterminado;;31/12;N;N;S;N;N;OLIVEIRA TRUST DTVM S.A.;36113876000191;Av. das Américas;3434;Bl. 7 Grupo 201;Barra da Tijuca;Rio de Janeiro;RJ;22640-102;(21) 3514-0000;;;www.oliveiratrust.com.br;ger2.fundos@oliveiratrust.com.br
Classe;21.500.500/0001-62;2026-01-01;1;2026-02-13;OMNI MALLS FII;2014-11-17;INVESTIDOR QUALIFICADO;BRIRBLCTF000;2898306;N;N;;Shoppings;Ativa;Indeterminado;;30/06;N;N;S;N;N;BTG PACTUAL SERVICOS FINANCEIROS S/A DTVM;59281253000123;Praia de Botafogo;501;6º Andar;Botafogo;Rio de Janeiro;RJ;22.250-040;55 11 3383-3102;;;www.btgpactual.com;ri.fundoslistados@btgpactual.com
Classe;21.500.514/0001-86;2026-01-01;1;2026-02-10;PARKING PARTNERS FUNDO DE INVESTIMENTO IMOBILIÁRIO - FII;2016-06-11;INVESTIDOR PROFISSIONAL;BRVTVICTF003;1780984;S;S;;Outros;Ativa;Indeterminado;;30/06;N;S;N;N;S;BEM DTVM LTDA;00066670000100;Núcleo Cidade de Deus;S/N;Prédio Prata - 4º Andar;Vila Yara;Osasco;SP;06029-900;(11) 3684-4522;;;www.bradescobemdtvm.com.br;bemdtvm@bradesco.com.br
Classe;21.826.249/0001-20;2026-01-01;1;2026-02-13;VRE DESENVOLVIMENTO III FUNDO DE INVESTIMENTO IMOBILIÁRIO;2015-10-06;INVESTIDOR QUALIFICADO;BRFVRECTF009;61750.7996;N;N;;Shoppings;Ativa;Indeterminado;;31/12;N;S;N;S;S;GENIAL INVESTIMENTOS CORRETORA DE VALORES MOBILIÁRIOS S.A.;27652684000162;Praia de Botafogo;228;9º Andar;Botafogo;Rio de Janeiro;RJ;22250-906;(21 )3923-3000;(21 )3923-3046;;www.genialinvestimentos.com.br;structured-funds@genial.com.vc
Classe;21.862.783/0001-92;2026-01-01;1;2026-02-13;CAM THRONE FUNDO DE INVESTIMENTO IMOBILIARIO;2021-02-12;INVESTIDOR QUALIFICADO;BR020KCTF004;38275.47890728;N;N;;Multicategoria;Ativa;Indeterminado;;31/12;N;N;S;N;N;SINGULARE CORRETORA DE TITULOS E VALORES MOBILIARIOS S.A;62285390000140;AVENIDA REBOUÇAS;2942;7º AO 12º ANDAR;PINHEIROS;SÃO PAULO;SP;05402-500;(11) 2827-3500;;;https://qitech.com.br/dtvm/;fii.adm@qitech.com.br
Classe;21.917.235/0001-12;2026-01-01;1;2026-02-10;JGP MALLS FUNDO DE INVESTIMENTO IMOBILIÁRIO - RESP;2015-03-04;INVESTIDOR QUALIFICADO;;110486.67969824;N;N;;Shoppings;Ativa;Indeterminado;;31/12;N;N;S;N;N;BRL TRUST DTVM S.A.;13486793000142;Rua Alves Guimarães;1216;;Pinheiros;São Paulo;SP;05410-002;(11) 3509-0600;;;www.apexgroup.com/apex-brazil/;infolegal@apexgroup.com
Classe;22.003.469/0001-17;2026-01-01;1;2026-02-13;NOVA I FII;2018-12-31;INVESTIDOR PROFISSIONAL;BRNVIFCTF009;337400;N;N;;Multicategoria;Ativa;Indeterminado;;31/12;N;S;N;S;S;MAF DISTRIBUIDORA DE TITULOS E VALORES MOBILIARIOS S.A.;36864992000142;Rua Alves Guimarães;1216;;Pinheiros;São Paulo;SP;05410-002;(11) 3509-0600;;;www.apexgroup.com/apex-brazil/;infolegal@apexgroup.com
Classe;22.081.808/0001-83;2026-01-01;1;2026-02-11;BRAZIL PROPERTIES INVEST FUNDO DE INVESTIMENTO IMOBILIÁRIO;2017-08-17;INVESTIDOR QUALIFICADO;BR00MMCTF000;1635.77031094;N;N;;Escritórios;Ativa;Indeterminado;;31/12;N;N;S;N;N;TRUSTEE DISTRIBUIDORA DE TITULOS E VALORES MOBILIARIOS LTDA.;67030395000146;Avenida Brigadeiro Faria Lima;3.732;11º e 12º andar;Itaim Bibi;São Paulo;SP;04538-132;0800 930 0930;;;www.trusteedtvm.com.br;ouvidoria@trusteedtvm.com.br
Classe;22.169.671/0001-13;2026-01-01;1;2026-02-13;SOLARIUM FII - FUNDO DE INVESTIMENTO IMOBILIÁRIO;2015-03-13;INVESTIDORES EM GERAL;BRSOLRCTF002;65533.58738743;N;N;;Escritórios;Ativa;Indeterminado;;31/12;N;N;S;N;N;BANCO GENIAL S.A.;45246410000155;Praia de Botafogo;228;9º;Botafogo;Rio de Janeiro;RJ;20091-020;(11)3524-8888;(11) 2137-8888;0800 605 8888;https://www.genialinvestimentos.com.br/;Structured-Funds@genial.com.vc
Classe;22.169.716/0001-50;2026-01-01;1;2026-02-06;ALIANZA REAL ESTATE II- FII;2015-03-24;INVESTIDORES EM GERAL;BR0EYXCTF009;101664.1113;N;N;;Multicategoria;Ativa;Indeterminado;;31/12;N;N;S;N;N;BRL TRUST DTVM S.A.;13486793000142;Rua Alves Guimarães;1216;;Pinheiros;São Paulo;SP;05410-002;(11) 3509-0600;;;www.apexgroup.com/apex-brazil/;infolegal@apexgroup.com
Classe;22.211.522/0001-75;2026-01-01;1;2026-02-13;FUNDO DE INVESTIMENTO IMOBILIÁRIO CAIXA CONVIDA SUAPE RL;2015-05-21;INVESTIDOR QUALIFICADO;BRCXSPCTF006;180;S;N;;Multicategoria;Ativa;Determinado;2027-04-22;31/12;N;S;N;N;S;CAIXA ECONÔMICA FEDERAL;00360305000104;AVENIDA PAULISTA;750;9 ANDAR;CERQUEIRA CÉSAR;SÃO PAULO;SP;01310300;11 3572.4400;;;www.caixa.gov.br;geafi06@caixa.gov.br
Classe;22.219.335/0001-38;2026-01-01;1;2026-02-09;BANESTES RECEBIVEIS IMOBILIARIOS FII;2015-05-14;INVESTIDORES EM GERAL;BRBCRICTF009;6257873;N;N;;Outros;Definida;Indeterminado;;31/12;S;N;N;S;N;BRL TRUST DTVM S.A.;13486793000142;Rua Alves Guimarães;1216;;Pinheiros;São Paulo;SP;05410-002;(11) 3509-0600;;;www.apexgroup.com/apex-brazil/;infolegal@apexgroup.com
Classe;22.340.978/0001-35;2026-01-01;1;2026-02-13;G5 JOMAFIL - FUNDO DE INVESTIMENTO IMOBILIARIO - FII;2016-01-13;INVESTIDOR QUALIFICADO E PROFISSIONAL;BRG5JFCTF007;81.64421072;N;N;;Multicategoria;Ativa;Indeterminado;;31/12;N;N;S;N;N;SINGULARE CORRETORA DE TITULOS E VALORES MOBILIARIOS S.A;62285390000140;AVENIDA REBOUÇAS;2942;7º AO 12º ANDAR;JARDIM PAULISTANO;SÃO PAULO;SP;05402-500;(11) 2827-3500;;;https://qitech.com.br/dtvm/;fii.adm@singulare.com.br
Classe;22.459.737/0001-00;2026-01-01;1;2026-02-13;MULTI SHOPPINGS FII RESPONSABILIDADE LIMITADA;2016-03-24;INVESTIDOR PROFISSIONAL;BRSHOPCTF004;2458396;N;N;;Shoppings;Ativa;Indeterminado;;30/06;S;N;N;S;N;RIO BRAVO INVESTIMENTOS - DTVM LTDA;72600026000181;AV. CHEDID JAFET;222;Conjunto 32 - BLOCO B;VILA OLÍMPIA;SÃO PAULO;SP;04551-065;(11) 3509-6600;;;www.riobravo.com.br;fundosimobiliarios@riobravo.com.br
Classe;22.503.991/0001-68;2026-01-01;1;2026-03-04;FII OPORTUNIDADE I;2019-08-05;INVESTIDOR PROFISSIONAL;0;431376.18267117;N;N;;Multicategoria;Ativa;Indeterminado;;31/12;N;N;S;N;N;REAG DISTRIBUIDORA DE TITULOS E VALORES MOBILIARIOS SA;34829992000186;Avenida Brigadeiro Faria Lima;2277;17º andar;Jardim Paulistano;São Paulo;SP;01452-000;(11) 3504-6800;;;www.reag.com.br;informeslegais@reag.com.br
Classe;22.503.991/0001-68;2026-02-01;1;2026-03-05;FII PLANNER 2397 - OPORTUNIDADE I FII;2019-08-05;INVESTIDOR PROFISSIONAL;0;431376.18266309;N;N;;Multicategoria;Ativa;Indeterminado;;31/12;N;N;S;N;N;PLANNER CORRETORA DE VALORES S.A.;00806535000154;Avenida Brigadeiro Faria Lima;3900;10º andar;Jardim Paulistano;São Paulo;SP;04538-132;(11) 3504-6800;;;www.planner.com.br;informacoesregulatorias@planner.com.br
Classe;22.646.161/0001-90;2026-01-01;1;2026-02-13;IZAR FUNDO DE INVESTIMENTO IMOBILIÁRIO - FII;2016-04-04;INVESTIDOR PROFISSIONAL;BR0DWKCTF002;390588.62966;N;N;;Multicategoria;Ativa;Indeterminado;;31/12;N;N;S;N;N;OLIVEIRA TRUST DTVM S.A.;36113876000191;Av. das Américas;3434;Bl. 7 Grupo 201;Barra da Tijuca;Rio de Janeiro;RJ;22640-102;(21) 3514-0000;;;www.oliveiratrust.com.br;ger2.fundos@oliveiratrust.com.br
Classe;22.862.226/0001-34;2026-01-01;1;2026-02-13;ALIANZA MULTIOFFICES - FUNDO DE INVESTIMENTO IMOBILIÁRIO;2015-07-07;INVESTIDOR QUALIFICADO;BRMTOFCTF003;1941019;N;N;;Multicategoria;Ativa;Indeterminado;;31/12;S;N;N;S;N;OLIVEIRA TRUST DTVM S.A.;36113876000191;Av. das Américas;3434;Bl. 7 Grupo 201;Barra da Tijuca;Rio de Janeiro;RJ;22640-102;(21) 3514-0000;;;www.oliveiratrust.com.br;ger2.fundos@oliveiratrust.com.br
Classe;23.120.006/0001-06;2026-01-01;1;2026-02-06;FUNDO DE INVESTIMENTO IMOBILIÁRIO CONTAGEM BTS - FII;2016-08-09;INVESTIDOR QUALIFICADO;;454179.4301;N;S;;Logística;Ativa;Indeterminado;;31/12;N;N;S;N;N;INTRA INVESTIMENTOS DTVM LTDA;15489568000195;RUA JOAQUIM FLORIANO;1120;5º ANDAR;ITAIM BIBI;SÃO PAULO;SP;04534004;(11) 31985151;;;www.intrainvestimentos.com.br;administracao.fundos@intrainvestimentos.com.br
Classe;23.120.006/0001-06;2026-02-01;1;2026-03-03;FUNDO DE INVESTIMENTO IMOBILIÁRIO CONTAGEM BTS - FII;2016-08-09;INVESTIDOR QUALIFICADO;;454179.4301;N;S;;Logística;Ativa;Indeterminado;;31/12;N;N;S;N;N;INTRA INVESTIMENTOS DTVM LTDA;15489568000195;RUA JOAQUIM FLORIANO;1120;5º ANDAR;ITAIM BIBI;SÃO PAULO;SP;04534004;(11) 31985151;;;www.intrainvestimentos.com.br;administracao.fundos@intrainvestimentos.com.br
Classe;23.120.027/0001-13;2026-01-01;1;2026-02-13;V2 RECEBÍVEIS FII RL;2018-04-27;INVESTIDORES EM GERAL;BRVVCRCTF000;17910784;N;N;;Multicategoria;Ativa;Indeterminado;;31/12;S;N;N;S;N;BTG PACTUAL SERVICOS FINANCEIROS S/A DTVM;59281253000123;Praia de Botafogo;501;6º Andar;Botafogo;Rio de Janeiro;RJ;22.250-040;55 11 3383-3102;;;www.btgpactual.com;ri.fundoslistados@btgpactual.com
Classe;23.179.381/0001-13;2026-01-01;1;2026-02-13;NIHAL - FUNDO DE INVESTIMENTO IMOBILIÁRIO - FII;2016-04-08;INVESTIDOR PROFISSIONAL;000000000000;135207.79405178;N;N;;Multicategoria;Ativa;Indeterminado;;31/12;N;N;S;N;N;OLIVEIRA TRUST DTVM S.A.;36113876000191;Av. das Américas;3434;Bl. 7 Grupo 201;Barra da Tijuca;Rio de Janeiro;RJ;22640-102;(21) 3514-0000;;;www.oliveiratrust.com.br;ger2.fundos@oliveiratrust.com.br
Classe;23.426.470/0001-17;2026-01-01;1;2026-02-13;FII TRIPLE A ORDINARIA;2015-09-22;INVESTIDOR QUALIFICADO;BR0FJECTF007;5634140;N;N;;Logística;Ativa;Indeterminado;;30/12;N;S;N;N;S;VÓRTX DTVM LTDA;22610500000188;Rua Gilberto Sabino;215;4º ANDAR;Pinheiros;São Paulo;SP;5425020;11 3030-7177;;;www.vortx.com.br;fundos@vortx.com.br
Classe;23.532.837/0001-87;2026-01-01;1;2026-02-12;FUNDO DE INVESTIMENTO IMOB JK E;2015-12-01;INVESTIDOR PROFISSIONAL;BRJKEFCTF009;145301269.5864;N;N;;Escritórios;Ativa;Indeterminado;;31/12;N;N;S;N;N;VÓRTX DTVM LTDA;22610500000188;Rua Gilberto Sabino;215;4º ANDAR;Pinheiros;São Paulo;SP;5425020;11 3030-7177;;;www.vortx.com.br;fundos@vortx.com.br
Classe;23.533.796/0001-43;2026-01-01;1;2026-02-12;FUNDO DE INVESTIMENTO IMOB JK D;2015-12-01;INVESTIDOR PROFISSIONAL;BRJKDFCTF001;78533841.7983;N;N;;Escritórios;Ativa;Indeterminado;;31/12;N;N;S;N;N;VÓRTX DTVM LTDA;22610500000188;Rua Gilberto Sabino;215;4º ANDAR;Pinheiros;São Paulo;SP;5425020;11 3030-7177;;;www.vortx.com.br;fundos@vortx.com.br
Classe;23.537.203/0001-17;2026-01-01;2;2026-02-20;FII MV9;2015-12-17;INVESTIDOR QUALIFICADO;BRMVFICTF001;78155673;N;N;;Multicategoria;Ativa;Indeterminado;;31/12;N;N;S;N;N;BTG PACTUAL SERVICOS FINANCEIROS S/A DTVM;59281253000123;Praia de Botafogo;501;6º Andar;Botafogo;Rio de Janeiro;RJ;22.250-040;55 11 3383-3102;;;www.btgpactual.com;ri.fundoslistados@btgpactual.com
Classe;23.538.112/0001-04;2026-01-01;1;2026-02-12;FUNDO DE INVESTIMENTO IMOBILIARIO SF - FII;2015-10-16;INVESTIDORES EM GERAL;BRSPTWCTF002;36650000;N;N;;Escritórios;Ativa;Indeterminado;;31/12;N;N;S;N;N;BANCO GENIAL S.A.;45246410000155;Praia de Botafogo;228;9º;Botafogo;Rio de Janeiro;RJ;20091-020;(11)3524-8888;(11) 2137-8888;0800 605 8888;https://www.genialinvestimentos.com.br/;Structured-Funds@genial.com.vc
Classe;23.570.871/0001-46;2026-01-01;1;2026-02-13;TM FII RL;2015-12-17;INVESTIDOR PROFISSIONAL;BRTMFICTF005;1557498563;N;N;;Multicategoria;Ativa;Indeterminado;;31/12;N;N;N;N;N;BTG PACTUAL SERVICOS FINANCEIROS S/A DTVM;59281253000123;Praia de Botafogo;501;6º Andar;Botafogo;Rio de Janeiro;RJ;22.250-040;55 11 3383-3102;;;www.btgpactual.com;ri.fundoslistados@btgpactual.com
Classe;23.648.935/0001-84;2026-01-01;1;2026-02-13;MAUA CAP RE FII RL;2019-08-21;INVESTIDORES EM GERAL;BRMCCICTF008;16960024;N;N;;Multicategoria;Ativa;Indeterminado;;30/06;S;N;N;S;N;BTG PACTUAL SERVICOS FINANCEIROS S/A DTVM;59281253000123;Praia de Botafogo;501;6º Andar;Botafogo;Rio de Janeiro;RJ;22.250-040;55 11 3383-3102;;;www.btgpactual.com;ri.fundoslistados@btgpactual.com
Classe;23.740.527/0001-58;2026-01-01;1;2026-02-10;FUNDO DE INVESTIMENTO IMOBILIÁRIO GREEN TOWERS;2017-07-11;INVESTIDORES EM GERAL;BRGTWRCTF003;12000000;N;N;;Escritórios;Ativa;Indeterminado;;31/12;S;N;N;S;N;BEM DTVM LTDA;00066670000100;Núcleo Cidade de Deus;S/N;Prédio Prata - 4º Andar;Vila Yara;Osasco;SP;06029-900;(11) 3684-4522;;;www.bradescobemdtvm.com.br;bemdtvm@bradesco.com.br
Classe;23.740.595/0001-17;2026-01-01;1;2026-02-10;FUNDO DE INVESTIMENTO IMOBILIÁRIO VOTORANTIM SHOPPING;2018-08-30;INVESTIDORES EM GERAL;BRVSHOCTF002;2098800;N;N;;Shoppings;Ativa;Indeterminado;;30/06;S;N;N;S;N;TIVIO CAPITAL DISTRIBUIDORA DE TÍTULOS E VALORES MOBILIÁRIOS;03384738000198;Avenida Faria Lima;4300;7º andar;Vila Olímpia;São Paulo;SP;04538-132;(11) 5171-5003;;;www.tivio.com;ri@tivio.com
Classe;23.768.027/0001-24;2026-01-01;1;2026-02-13;TOP CENTER FII RL;2016-07-01;INVESTIDOR QUALIFICADO;BR0PYDCTF007;322214000;N;N;;Shoppings;Ativa;Indeterminado;;31/12;N;N;S;N;N;BTG PACTUAL SERVICOS FINANCEIROS S/A DTVM;59281253000123;Praia de Botafogo;501;6º Andar;Botafogo;Rio de Janeiro;RJ;22.250-040;55 11 3383-3102;;;www.btgpactual.com;ri.fundoslistados@btgpactual.com
Classe;23.781.211/0001-04;2026-01-01;1;2026-02-13;FII NORTHWEST;2015-12-23;INVESTIDOR PROFISSIONAL;BR045ACTF002;13848992.6268;S;N;;Hospital;Definida;Indeterminado;;31/12;N;N;N;N;N;VÓRTX DTVM LTDA;22610500000188;Rua Gilberto Sabino;215;4º ANDAR;Pinheiros;São Paulo;SP;5425020;11 3030-7177;;;www.vortx.com.br;fundos@vortx.com.br
Classe;23.876.086/0001-16;2026-01-01;1;2026-02-12;JT PREV FUNDO DE INVESTIMENTO IMOBILIÁRIO D. HAB;2016-11-16;INVESTIDOR QUALIFICADO;BRJTPRCTF001;214674.89786655;N;N;;Residencial;Ativa;Indeterminado;;30/06;S;S;N;S;N;PLANNER CORRETORA DE VALORES S.A.;00806535000154;Avenida Brigadeiro Faria Lima;3900;10º andar;Itaim Bibi;São Paulo;SP;04538-132;(11) 2172-2600;0800 179 444;(11) 2172-2667;www.planner.com.br;informacoesregulatorias@planner.com.br
Classe;23.964.843/0001-03;2026-01-01;1;2026-02-13;BRIO REAL ESTATE II;2018-07-06;INVESTIDORES EM GERAL;BRBRIMCTF008;124137.31422842;N;N;;Residencial;Ativa;Determinado;2025-07-23;30/06;S;N;N;S;N;BRL TRUST DTVM S.A.;13486793000142;Rua Alves Guimarães;1216;;Pinheiros;São Paulo;SP;05410-002;(11) 3509-0600;;;www.apexgroup.com/apex-brazil/;infolegal@apexgroup.com
Classe;23.964.908/0001-10;2026-01-01;1;2026-02-12;PRIME 16 - FI IMOBILIÁRIO RL;2016-01-04;INVESTIDOR PROFISSIONAL;BR00KGCTF006;542458.95695689;S;N;;Multicategoria;Definida;Determinado;2030-12-23;31/12;N;N;S;N;N;SANTANDER CACEIS BRASIL DTVM S.A.;62318407000119;Rua Amador Bueno;474;;Santo Amaro;São Paulo;SP;04752-005;(11) 5538-5489;;;www.s3dtvm.com.br;SC_fundosimobiliarios@s3caceis.com.br
Classe;24.514.406/0001-50;2026-01-01;1;2026-02-06;PRAIA DO CASTELO FUNDO DE INVESTIMENTO IMOBILIÁRIO;2021-06-15;INVESTIDOR PROFISSIONAL;BRPCASCTF004;70000;N;N;;Multicategoria;Ativa;Indeterminado;;31/12;S;N;N;S;N;PLANNER CORRETORA DE VALORES S.A.;00806535000154;Avenida Brigadeiro Faria Lima;3900;10º andar;Itaim Bibi;São Paulo;SP;04538-132;(11) 2172-2600;0800 179 444;(11) 2172-2667;www.planner.com.br;inforegulatorio@planner.com.br
Classe;24.774.904/0001-32;2026-01-01;1;2026-02-12;NF CAPITAL FUNDO DE INVESTIMENTO IMOBILIÁRIO;2017-09-22;INVESTIDOR PROFISSIONAL;BR04OTCTF003;37834.90731346;N;N;;Multicategoria;Ativa;Indeterminado;;31/12;N;N;S;N;N;FINAXIS CORRETORA;03317692000194;Avenida Paulista;1842;Torre Norte, térreo, loja 08;Bela Vista;São Paulo;SP;01310-923;(11) 3526 9001;;;http://finaxis.com.br/;atendimento.regulatorio@finaxis.com.br
Classe;24.796.967/0001-90;2026-01-01;1;2026-02-13;LOFT II D FII RL;2018-09-27;INVESTIDOR QUALIFICADO;BRLFTTCTF020;665000;N;N;;Residencial;Ativa;Indeterminado;;31/12;S;N;N;S;N;BTG PACTUAL SERVICOS FINANCEIROS S/A DTVM;59281253000123;Praia de Botafogo;501;6º Andar;Botafogo;Rio de Janeiro;RJ;22.250-040;55 11 3383-3102;;;www.btgpactual.com;ri.fundoslistados@btgpactual.com
Classe;24.853.044/0001-22;2026-01-01;1;2026-02-13;VINCI LOGISTICA FUNDO DE INVESTIMENTO IMOBILIARIO;2018-12-10;INVESTIDORES EM GERAL;BRVILGCTF001;14997396;N;N;;Logística;Ativa;Indeterminado;;31/12;S;N;N;S;N;BRL TRUST DTVM S.A.;13486793000142;Rua Alves Guimarães;1216;;Pinheiros;São Paulo;SP;05410-002;(11) 3509-0600;;;www.apexgroup.com/apex-brazil/;infolegal@apexgroup.com
Classe;24.853.060/0001-15;2026-01-01;1;2026-02-12;FII XPCE RE;2018-03-16;INVESTIDOR QUALIFICADO;BRXPCECTF006;39530.4291;N;N;;Multicategoria;Ativa;Indeterminado;;31/12;N;N;S;N;N;VÓRTX DTVM LTDA;22610500000188;Rua Gilberto Sabino;215;4º ANDAR;Pinheiros;São Paulo;SP;5425020;11 3030-7177;;;www.vortx.com.br;fundos@vortx.com.br
Classe;24.960.430/0001-13;2026-01-01;1;2026-02-12;KINEA INDICES DE PREÇOS FII RESPONSABILIDADE LIMITADA;2016-09-16;INVESTIDOR QUALIFICADO;BRKNIPCTF001;80078186;N;N;;Multicategoria;Ativa;Indeterminado;;30/06;S;N;N;S;N;INTRAG DISTRIBUIDORA DE TÍTULOS E VALORES MOBILIÁRIOS LTDA;62418140000131;AV BRIGADEIRO FARIA LIMA;3400;10º Andar;ITAIM BIBI;SÃO PAULO;SP;04538132;55 (11) 30726012;;;www.intrag.com.br;produtosestruturados@itau-unibanco.com.br
Classe;24.976.492/0001-13;2026-01-01;1;2026-02-05;IRON CAPITAL REAL ESTATE I-FUNDO DE INVESTIMENTO IMOBILIÁRIO;2019-06-03;INVESTIDOR QUALIFICADO;0;11075.27340159;N;N;;Multicategoria;Ativa;Indeterminado;;31/12;N;N;S;N;N;SEFER INVESTIMENTOS DTVM LTDA;00329598000167;AV BRIGADEIRO FARIA LIMA;3900;6º ANDAR;ITAIM BIBI;SÃO PAULO;SP;01451-000;11 3113-0060;;;www.seferinvestimentos.com.br;informeslegais@seferinvestimentos.com.br
Classe;25.032.881/0001-53;2026-01-01;1;2026-02-13;FII TG ATIVO REAL;2016-12-09;INVESTIDORES EM GERAL;BRTGARCTF009;23567968.3637;N;N;;Multicategoria;Ativa;Indeterminado;;31/12;S;N;N;S;N;VÓRTX DTVM LTDA;22610500000188;Rua Gilberto Sabino;215;4º ANDAR;Pinheiros;São Paulo;SP;5425020;11 3030-7177;;;www.vortx.com.br;fundos@vortx.com.br
Classe;26.091.656/0001-50;2026-01-01;1;2026-02-13;OURINVEST JPP FUNDO DE INVESTIMENTO IMOBILIÁRIO RL;2016-11-30;INVESTIDORES EM GERAL;BROUJPCTF006;3252384;N;N;;Multicategoria;Ativa;Indeterminado;;30/06;S;N;N;S;N;FINAXIS CORRETORA;03317692000194;Avenida Paulista;1842;Torre Norte , Térreo, Loja 08;Bela Vista;São Paulo;SP;01310-923;(11) 3526 9001;;;http://finaxis.com.br/;atendimento.regulatorio@finaxis.com.br
Classe;26.191.053/0001-20;2026-01-01;1;2026-02-13;FII GOLDEN WEST;2016-12-28;INVESTIDOR QUALIFICADO;BR00DXCTF006;167445.2861;N;N;;Multicategoria;Ativa;Indeterminado;;31/12;N;N;S;N;N;VÓRTX DTVM LTDA;22610500000188;Rua Gilberto Sabino;215;4º ANDAR;Pinheiros;São Paulo;SP;5425020;11 3030-7177;;;www.vortx.com.br;fundos@vortx.com.br
Classe;26.269.251/0001-60;2026-01-01;1;2026-02-05;WHITE BEAR FUNDO DE INVESTIMENTO IMOBILIARIO FII;2016-09-22;INVESTIDOR QUALIFICADO;0;31977.3176153;N;N;;Outros;Ativa;Indeterminado;;31/12;N;N;S;N;N;SEFER INVESTIMENTOS DTVM LTDA;00329598000167;AV BRIGADEIRO FARIA LIMA;3900;6º ANDAR;ITAIM BIBI;SÃO PAULO;SP;01451-000;11 3113-0060;;;www.seferinvestimentos.com.br;informeslegais@seferinvestimentos.com.br
Classe;26.452.053/0001-37;2026-01-01;1;2026-02-13;FUNDO DE INVESTIMENTO IMOBILIARIO ANTILHAS;2019-08-29;INVESTIDOR PROFISSIONAL;0;272750.4419001;N;N;;Multicategoria;Ativa;Indeterminado;;31/12;N;N;S;N;N;SEFER INVESTIMENTOS DTVM LTDA;00329598000167;AV BRIGADEIRO FARIA LIMA;3900;6º ANDAR;ITAIM BIBI;SÃO PAULO;SP;01451-000;11 3113-0060;;;www.seferinvestimentos.com.br;informeslegais@seferinvestimentos.com.br
Classe;26.499.833/0001-32;2026-01-01;1;2026-02-13;PATRIA MALLS FUNDO DE INVESTIMENTO IMOBILIÁRIO;2017-12-14;INVESTIDORES EM GERAL;BRMALLCTF007;13982093;N;N;;Shoppings;Ativa;Indeterminado;;31/12;S;N;N;S;N;BANCO GENIAL S.A.;45246410000155;PRAIA DE BOTAFOGO;228;9º ANDAR;BOTAFOGO;RIO DE JANEIRO;RJ;22250-906;(21) 3923-3000;(21) 3500-3000;0800 605 8888;www.genial.com.vc;middleadm@genial.com.vc
Classe;26.502.794/0001-85;2026-01-01;1;2026-02-13;XP LOG FII RL;2018-06-01;INVESTIDORES EM GERAL;BRXPLGCTF002;40015690.0002068;N;N;;Logística;Ativa;Indeterminado;;31/12;S;S;N;S;N;XP INVESTIMENTOS CORRETORA DE CÂMBIO, TÍTULOS E VAL MOB S/A;02332886000104;AVENIDA ATAULFO DE PAIVA;153;5º e 8º andares;LEBLON;RIO DE JANEIRO;RJ;22440-033;(11) 3027-2237;;;www.xpi.com.br;adm.fundos.estruturados@xpi.com.br
Classe;26.502.810/0001-30;2026-01-01;1;2026-02-12;XPCE RE FII 2 - FUNDO DE INVESTIMENTO IM;2017-09-28;INVESTIDOR PROFISSIONAL;BR01MFCTF002;10;N;N;;Logística;Definida;Indeterminado;;31/12;N;N;S;N;N;VÓRTX DTVM LTDA;22610500000188;Rua Gilberto Sabino;215;4º ANDAR;Pinheiros;São Paulo;SP;5425020;11 3030-7177;;;www.vortx.com.br;fundos@vortx.com.br
Classe;26.545.627/0001-11;2026-01-01;1;2026-02-05;BRL VI FUNDO DE INVESTIMENTO IMOBILIÁRIO;2017-03-22;INVESTIDOR QUALIFICADO;;752.0326;N;N;;Multicategoria;Ativa;Indeterminado;;31/12;N;N;S;N;N;BRL TRUST DTVM S.A.;13486793000142;Rua Alves Guimarães;1216;;Pinheiros;São Paulo;SP;05410-002;(11) 3509-0600;;;www.apexgroup.com/apex-brazil/;infolegal@apexgroup.com
Classe;26.614.291/0001-00;2026-01-01;1;2026-02-12;GGR COVEPI RENDA FUNDO DE INVESTIMENTO IMOBILIÁRIO RL;2017-01-11;INVESTIDORES EM GERAL;BRGGRCCTF002;214249664;N;N;;Multicategoria;Ativa;Indeterminado;;30/06;S;N;N;S;N;BANVOX DISTRIBUIDORA DE TITULOS E VALORES MOBILIARIOS LTDA;02671743000119;Avenida Brigadeiro Faria Lima;3477;8º andar;Itaim Bibi;São Paulo;SP;04538-133;(11) 3842-1122;(11) 3842-1122;(11) 3842-1122;www.cmcapitalmarkets.com.br;reguladores@banvox.com.br
Classe;26.642.727/0001-66;2026-01-01;1;2026-02-13;DIAMANTE FII RL;2016-11-10;INVESTIDORES EM GERAL;BRDAMTCTF007;17779747;N;N;;Shoppings;Definida;Determinado;2027-02-14;31/12;S;N;N;S;N;BTG PACTUAL SERVICOS FINANCEIROS S/A DTVM;59281253000123;Praia de Botafogo;501;6º Andar;Botafogo;Rio de Janeiro;RJ;22.250-040;55 11 3383-3102;;;www.btgpactual.com;ri.fundoslistados@btgpactual.com
Classe;26.642.834/0001-94;2026-01-01;1;2026-02-10;JIVE ATIVOS IMOBILIÁRIOS II - FII;2018-08-01;INVESTIDOR PROFISSIONAL;;132971995.962992;N;N;;Outros;Ativa;Indeterminado;;31/12;N;S;N;N;S;BANCO MODAL S.A.;30723886000162;Rua Alves Guimarães;1216;;Pinheiros;Sâo Paulo;SP;05410-002;(11) 3509-0600;;;www.apexgroup.com/apex-brazil/;infolegal@apexgroup.com
Classe;26.681.370/0001-25;2026-01-01;1;2026-02-13;FII TELLUS PROP;2019-09-23;INVESTIDORES EM GERAL;BRTEPPCTF006;49616923;N;N;;Outros;Ativa;Indeterminado;;31/12;S;N;N;S;N;BTG PACTUAL SERVICOS FINANCEIROS S/A DTVM;59281253000123;Praia de Botafogo;501;6º Andar;Botafogo;Rio de Janeiro;RJ;22.250-040;55 11 3383-3102;;;www.btgpactual.com;ri.fundoslistados@btgpactual.com
Classe;26.813.118/0001-22;2026-01-01;1;2026-02-12;PANORAMA PROPERTIES - FII;2021-02-11;INVESTIDOR PROFISSIONAL;BRPNPRCTF001;897816.75236937;N;N;;Multicategoria;Ativa;Indeterminado;;31/12;S;S;N;S;N;BRL TRUST DTVM S.A.;13486793000142;Rua Alves Guimarães;1216;;Pinheiros;São Paulo;SP;05410-002;(11) 3509-0600;;;www.apexgroup.com/apex-brazil/;infolegal@apexgroup.com
Classe;26.846.134/0001-11;2026-01-01;1;2026-02-12;FUNDO DE INVESTIMENTO IMOBILIARIO BRASIL;2021-10-18;INVESTIDOR PROFISSIONAL;BR01M9CTF002;114083.9165;N;N;;Multicategoria;Definida;Indeterminado;;30/06;S;S;N;S;N;.BANCO DAYCOVAL S/A;62232889000190;Avenida Paulista;1793;2º Andar;Bela Vista;São Paulo;SP;01311200;0300 111 0500;11 3563-4389;11 3563-4318;www.daycoval.com.br/investimentos/servicos-fiduciarios;informes.regulatorios@bancodaycoval.com.br
Classe;26.846.280/0001-47;2026-01-01;1;2026-02-12;FUTURO FUNDO INVESTIMENTO IMOBILIARIO;2023-09-22;INVESTIDOR PROFISSIONAL;BR00MQCTF001;27927.7025;N;N;;Multicategoria;Ativa;Indeterminado;;28/06;N;S;N;S;N;VÓRTX DTVM LTDA;22610500000188;Rua Gilberto Sabino;215;4º ANDAR;Pinheiros;São Paulo;SP;5425020;11 3030-7177;;;www.vortx.com.br;fundos@vortx.com.br
Classe;26.990.011/0001-50;2026-01-01;1;2026-02-11;TREECORP REAL ESTATE FII - RESPONSABILIDADE LIMITADA;2017-01-20;INVESTIDORES EM GERAL;BRTCPFCTF001;297327;N;S;;Multicategoria;Ativa;Indeterminado;;31/12;S;N;N;S;N;BR-CAPITAL DIST. DE TÍTULOS E VALORES MOBILIÁRIOS S/A;44077014000189;RUA SURUBIM;577;CONJ. 101;CIDADE MONÇÕES;SÃO PAULO;SP;04571-050;(11) 5508-3500;;;www.brcapital.com.br;fundos@brcapital.com.br
Classe;27.368.617/0001-10;2026-01-01;1;2026-02-12;FUNDO DE INVESTIMENTO IMOB. QUINTAS;2019-11-13;INVESTIDORES EM GERAL;BRQNTSCTF009;1363236;N;N;;Logística;Ativa;Indeterminado;;31/12;N;N;S;N;N;VÓRTX DTVM LTDA;22610500000188;Rua Gilberto Sabino;215;4º ANDAR;Pinheiros;São Paulo;SP;5425020;11 3030-7177;;;www.vortx.com.br;fundos@vortx.com.br
Classe;27.368.863/0001-72;2026-01-01;1;2026-02-12;FUNDO DE INVESTIMENTO IMOBILIÁRIO COLATERAL;2018-01-25;INVESTIDOR QUALIFICADO;BR09FRCTF004;84435.98676264;N;N;;Outros;Ativa;Indeterminado;;31/12;N;S;N;N;S;PLANNER CORRETORA DE VALORES S.A.;00806535000154;Avenida Brigadeiro Faria Lima;3900;10º andar;Itaim Bibi;São Paulo;SP;04538-132;(11) 2172-2600;0800 179 444;(11) 2172-2667;www.planner.com.br;informacoesregulatorias@planner.com.br
Classe;27.445.482/0001-40;2026-01-01;1;2026-02-12;HEDGE AAA FUNDO DE INVESTIMENTO IMOBILIÁRIO;2020-11-26;INVESTIDORES EM GERAL;BRHAAACTF003;3455000;N;N;;Escritórios;Ativa;Indeterminado;;30/06;S;N;N;S;N;HEDGE INVESTMENTS DTVM LTDA;07253654000176;AVENIDA BRIGADEIRO FARIA LIMA;3600;11º ANDAR CJ 112;ITAIM BIBI;SÃO PAULO;SP;04538-132;(11) 5412-5400;;;www.hedgeinvest.com.br;dtvm@hedgeinvest.com.br
Classe;27.486.542/0001-72;2026-01-01;1;2026-02-12;HEDGE LOGÍSTICA FUNDO DE INVESTIMENTO IMOBILIÁRIO;2017-04-27;INVESTIDORES EM GERAL;BRHLOGCTF008;42500000;N;N;;Logística;Ativa;Indeterminado;;31/12;S;N;N;S;N;HEDGE INVESTMENTS DTVM LTDA;07253654000176;AVENIDA BRIGADEIRO FARIA LIMA;3600;11º ANDAR CJ 112;ITAIM BIBI;SÃO PAULO;SP;04538-132;(11) 5412-5400;;;www.hedgeinvest.com.br;dtvm@hedgeinvest.com.br
Classe;27.538.422/0001-71;2026-01-01;1;2026-02-12;FUNDO IMOBILIÁRIO SUCCESPAR;2019-12-19;INVESTIDOR QUALIFICADO;BRSPVJCTF005;6312090;N;N;;Varejo;Ativa;Indeterminado;;31/12;N;N;S;N;N;VÓRTX DTVM LTDA;22610500000188;Rua Gilberto Sabino;215;4º ANDAR;Pinheiros;São Paulo;SP;5425020;11 3030-7177;;;www.vortx.com.br;fundos@vortx.com.br
Classe;27.538.477/0001-81;2026-01-01;1;2026-02-13;HARMONIA FUNDO INVESTIMENTO IMOBILIARIO;2018-12-11;INVESTIDOR PROFISSIONAL;BR00RKCTF003;294.9552;N;N;;Multicategoria;Ativa;Indeterminado;;30/12;S;N;N;S;N;VÓRTX DTVM LTDA;22610500000188;Rua Gilberto Sabino;215;4º ANDAR;Pinheiros;São Paulo;SP;5425020;11 3030-7177;;;www.vortx.com.br;fundos@vortx.com.br
Classe;27.539.651/0001-00;2026-01-01;1;2026-02-09;FII TRADE INVEST CARE II;2020-06-25;INVESTIDOR PROFISSIONAL;0;30710.59235484;N;N;;Multicategoria;Ativa;Indeterminado;;31/12;N;N;S;N;N;REAG DISTRIBUIDORA DE TITULOS E VALORES MOBILIARIOS SA;34829992000186;Avenida Brigadeiro Faria Lima;2277;17º andar;Jardim Paulistano;São Paulo;SP;01452-000;(11) 3504-6800;;;www.reag.com.br;informeslegais@reag.com.br
Classe;27.539.651/0001-00;2026-02-01;1;2026-03-06;FII PLANNER 2410 - TRADE INVEST CARE II FII;2020-06-25;INVESTIDOR PROFISSIONAL;0;30710.59235483;N;N;;Multicategoria;Ativa;Indeterminado;;31/12;N;N;S;N;N;PLANNER CORRETORA DE VALORES S.A.;00806535000154;Avenida Brigadeiro Faria Lima;3900;10º andar;Jardim Paulistano;São Paulo;SP;04538-132;(11) 3504-6800;;;www.planner.com.br;informacoesregulatorias@planner.com.br
Classe;27.590.950/0001-70;2026-01-01;1;2026-02-10;FUNDO DE INVESTIMENTO IMOBILIÁRIO JAGUAR;2023-08-16;INVESTIDOR PROFISSIONAL;BR0I6JCTF009;3006.84411544;N;N;;Outros;Ativa;Indeterminado;;31/12;S;S;N;S;N;TRUSTEE DISTRIBUIDORA DE TITULOS E VALORES MOBILIARIOS LTDA.;67030395000146;Avenida Brigadeiro Faria Lima;3.732;11º e 12º andar;Itaim Bibi;São Paulo;SP;04538-132;0800 930 0930;;;www.trusteedtvm.com.br;ouvidoria@trusteedtvm.com.br
Classe;27.771.547/0001-47;2026-01-01;1;2026-02-12;SJ AU LOGÍSTICA FII;2020-10-21;INVESTIDORES EM GERAL;BRSJAUCTF009;7932248;N;N;;Logística;Definida;Indeterminado;;31/12;S;N;N;S;N;VÓRTX DTVM LTDA;22610500000188;Rua Gilberto Sabino;215;4º ANDAR;Pinheiros;São Paulo;SP;5425020;11 3030-7177;;;www.vortx.com.br;fundos@vortx.com.br
Classe;27.771.586/0001-44;2026-01-01;1;2026-02-02;GRUPO RCFA FUNDO DE INVESTIMENTO IMOBILIARIO;2018-07-26;INVESTIDOR PROFISSIONAL;BRRCFACTF007;583926.07550609;N;N;;Multicategoria;Ativa;Indeterminado;;31/12;S;N;N;S;N;TERRA INVESTIMENTOS DTVM;03751794000113;Rua Joaquim Floriano, nº 100, 18º andar, Itaim Bibi, SP, CEP 4534000;100;18;ITAIM BIBI;SÃO PAULO;SP;4534000;(011) 3165-6000;;;www.terrainvestimentos.com.br;admfundos@terrainvestimentos.com.br
Classe;27.771.586/0001-44;2026-02-01;1;2026-03-03;GRUPO RCFA FUNDO DE INVESTIMENTO IMOBILIARIO;2018-07-26;INVESTIDOR PROFISSIONAL;BRRCFACTF007;583926.07550609;N;N;;Multicategoria;Ativa;Indeterminado;;31/12;S;N;N;S;N;TERRA INVESTIMENTOS DTVM;03751794000113;Rua Joaquim Floriano, nº 100, 18º andar, Itaim Bibi, SP, CEP 4534000;100;18;ITAIM BIBI;SÃO PAULO;SP;4534000;(011) 3165-6000;;;www.terrainvestimentos.com.br;admfundos@terrainvestimentos.com.br
Classe;27.773.327/0001-52;2026-01-01;1;2026-03-05;AIRPORT TOWN FUNDO DE INVESTIMENTO IMOBILIARIO - FII;2018-12-14;INVESTIDOR QUALIFICADO;0;160757.049249;N;N;;Shoppings;Definida;Indeterminado;;31/12;N;N;S;N;N;REAG TRUST DISTRIBUIDORA DE TITULOS E VALORES MOBILIARIOS SA;34829992000186;Avenida Brigadeiro Faria Lima;2277;17º andar;Jardim Paulistano;São Paulo;SP;01452-200;(11) 3504-6800;;;www.reag.com.br;informeslegais@reag.com.br
Classe;27.882.272/0001-19;2026-01-01;1;2026-02-04;NPP FUNDO DE INVESTIMENTO IMOBILIÁRIO RESP LIMITADA;2025-10-13;INVESTIDOR PROFISSIONAL;BR0ON3CTF001;10550;N;N;;Multicategoria;Ativa;Indeterminado;;30/06;N;N;S;N;N;TRUSTEE DISTRIBUIDORA DE TÍTULOS E VALORES MOBILIÁRIOSLTDA;67030395000146;AVENIDA BRIGADEIRO FARIA LIMA;3732;12° ANDAR;ITAIM BIBI;São Paulo;SP;04538133;(11)3842-1122;(11)3842-1122;;https://www.banvox.com.br/;informesregulatorios@banvox.com.br
Classe;27.882.272/0001-19;2026-02-01;1;2026-03-06;NPP FUNDO DE INVESTIMENTO IMOBILIÁRIO RESP LIMITADA;2025-10-13;INVESTIDOR PROFISSIONAL;BR0ON3CTF001;10550;N;N;;Multicategoria;Ativa;Indeterminado;;30/06;N;N;S;N;N;TRUSTEE DISTRIBUIDORA DE TÍTULOS E VALORES MOBILIÁRIOSLTDA;67030395000146;AVENIDA BRIGADEIRO FARIA LIMA;3732;12° ANDAR;ITAIM BIBI;São Paulo;SP;04538133;(11)3842-1122;(11)3842-1122;;https://www.banvox.com.br/;informesregulatorios@banvox.com.br
Classe;28.108.193/0001-18;2026-01-01;1;2026-02-10;DEL MONTE FUNDO DE INVESTIMENTO IMOBILIÁRIO - FII;2017-12-15;INVESTIDORES EM GERAL;BRDLMTCTF004;13225796.64;N;N;;Outros;Ativa;Indeterminado;;31/12;N;N;S;N;N;TRUSTEE DISTRIBUIDORA DE TITULOS E VALORES MOBILIARIOS LTDA.;67030395000146;Avenida Brigadeiro Faria Lima;3.732;11º e 12º andar;Itaim Bibi;São Paulo;SP;04538-132;0800 930 0930;;;www.trusteedtvm.com.br;ouvidoria@trusteedtvm.com.br
Classe;28.152.272/0001-26;2026-01-01;1;2026-02-13;FII REC RECEBIVEIS IMOBILIARIOS;2017-10-16;INVESTIDORES EM GERAL;BRRECRCTF004;26441650;N;N;;Multicategoria;Ativa;Indeterminado;;31/12;S;N;N;S;N;BRL TRUST DTVM S.A.;13486793000142;Rua Alves Guimarães;1216;;Pinheiros;São Paulo;SP;05410-002;(11) 3509-0600;;;www.apexgroup.com/apex-brazil/;infolegal@apexgroup.com
Classe;28.216.384/0001-01;2026-01-01;1;2026-02-12;SICOOB AGÊNCIAS FUNDO DE INVESTIMENTO IMOBILIÁRIO;2017-09-19;INVESTIDOR QUALIFICADO;BRSCOOCTF008;3239431;N;N;;Multicategoria;Ativa;Indeterminado;;31/12;N;S;N;S;N;SICOOB DISTRIBUIDORA DE TÍTULOS E VALORES MOBILIÁRIOS LTDA.;07397614000106;SIG Quadra 06 - Lote;2080;201;Setor de Indústrias Gráficas;Brasília;DF;70610460;6132175315;6132175583;6132175525;https://www.sicoob.com.br/web/sicoob/dtvm;dtvm@sicoob.com.br
Classe;28.267.530/0001-10;2026-01-01;1;2026-03-03;FII SABUGAL;2017-11-17;INVESTIDOR QUALIFICADO;0;3561.23688544;N;N;;Outros;Ativa;Indeterminado;;31/12;N;N;S;N;N;REAG DISTRIBUIDORA DE TITULOS E VALORES MOBILIARIOS SA;34829992000186;Avenida Brigadeiro Faria Lima;2277;17º andar;Jardim Paulistano;São Paulo;SP;01452-000;(11) 3504-6800;;;www.reag.com.br;informeslegais@reag.com.br
Classe;28.267.530/0001-10;2026-02-01;1;2026-03-05;FII PLANNER 2405 - SABUGAL FII;2017-11-17;INVESTIDOR QUALIFICADO;0;3561.23688544;N;N;;Outros;Ativa;Indeterminado;;31/12;N;N;S;N;N;PLANNER CORRETORA DE VALORES S.A.;00806535000154;Avenida Brigadeiro Faria Lima;3900;10º andar;Jardim Paulistano;São Paulo;SP;04538-132;(11) 3504-6800;;;www.planner.com.br;informacoesregulatorias@planner.com.br
Classe;28.267.555/0001-13;2026-01-01;1;2026-02-12;BASILICA PARTNERS LED COPORATE FII;2023-10-09;INVESTIDOR QUALIFICADO;BRBPLCCTF007;32529;N;N;;Multicategoria;Definida;Indeterminado;;29/12;S;S;N;S;N;.BANCO DAYCOVAL S/A;62232889000190;Avenida Paulista;1793;2º Andar;Bela Vista;São Paulo;SP;01311200;0300 111 0500;11 3563-4389;11 3563-4318;www.daycoval.com.br/investimentos/servicos-fiduciarios;informes.regulatorios@bancodaycoval.com.br
Classe;28.267.696/0001-36;2026-01-01;1;2026-02-13;RIZA ARCTIUM FII RL;2019-05-23;INVESTIDORES EM GERAL;BRRZATCTF009;4235042;N;N;;Multicategoria;Ativa;Indeterminado;;30/06;S;N;N;S;N;BTG PACTUAL SERVICOS FINANCEIROS S/A DTVM;59281253000123;Praia de Botafogo;501;6º Andar;Botafogo;Rio de Janeiro;RJ;22.250-040;55 11 3383-3102;;;www.btgpactual.com;ri.fundoslistados@btgpactual.com
Classe;28.516.301/0001-91;2026-01-01;1;2026-02-12;XP CREDITO IMOBILIÁRIO FII;2022-12-29;INVESTIDORES EM GERAL;BRXPCICTF007;8701551.99991487;N;N;;Outros;Ativa;Indeterminado;;31/12;S;S;N;S;N;XP INVESTIMENTOS CORRETORA DE CÂMBIO, TÍTULOS E VAL MOB S/A;02332886000104;AVENIDA ATAULFO DE PAIVA;153;5º e 8º andares;LEBLON;RIO DE JANEIRO;RJ;22440-033;(11) 3027-2237;;;www.xpi.com.br;adm.fundos.estruturados@xpi.com.br
Classe;28.516.325/0001-40;2026-01-01;1;2026-02-12;XP INDUSTRIAL FII;2018-07-04;INVESTIDORES EM GERAL;BRXPINCTF004;7150422;N;N;;Logística;Ativa;Indeterminado;;30/06;S;N;N;S;N;VÓRTX DTVM LTDA;22610500000188;Rua Gilberto Sabino;215;4º ANDAR;Pinheiros;São Paulo;SP;5425020;11 3030-7177;;;www.vortx.com.br;fundos@vortx.com.br
Classe;28.548.288/0001-52;2026-01-01;1;2026-02-13;TRX REAL ESTATE FUNDO DE INVESTIMENTO IMOBILIÁRIO - FII;2019-10-15;INVESTIDOR PROFISSIONAL;BRTRXFCTF003;62430702;N;N;;Multicategoria;Ativa;Indeterminado;;31/12;S;N;N;S;N;BRL TRUST DTVM S.A.;13486793000142;Rua Alves Guimarães;1216;;Pinheiros;São Paulo;SP;05410-002;(11) 3509-0600;;;www.apexgroup.com/apex-brazil/;infolegal@apexgroup.com
Classe;28.693.595/0001-27;2026-01-01;1;2026-02-13;FII OURINVEST RE I - RESPONSABILIDADE LIMITADA;2018-02-23;INVESTIDORES EM GERAL;BRWTSPCTF002;1238572;N;N;;Multicategoria;Ativa;Indeterminado;;31/12;S;N;N;S;N;OURIBANK S.A. BANCO MULTIPLO;78632767000120;AV PAULISTA;1728;SLJ 1 2 3 4 5 7 ANDAR;BELA VISTA;SAO PAULO;SP;01.310-919;4081-4402;4081-4576;4081-4444;ouribank.com;admfundos@ouribank.com
Classe;28.729.197/0001-13;2026-01-01;1;2026-02-13;PATRIA CREDITO IMOBILIARIO INDICE DE PRECOS FII RESP LTDA;2019-04-02;INVESTIDORES EM GERAL;BRCVBICTF001;17011707;N;N;;Outros;Ativa;Indeterminado;;31/12;S;N;N;S;N;BRL TRUST DTVM S.A.;13486793000142;Rua Alves Guimarães;1216;;Pinheiros;São Paulo;SP;05410-002;(11) 3509-0600;;;www.apexgroup.com/apex-brazil/;infolegal@apexgroup.com
Classe;28.737.771/0001-85;2026-01-01;1;2026-02-13;ALIANZA TRUST FII RL;2017-12-27;INVESTIDORES EM GERAL;BRALZRCTF006;122266250;N;N;;Multicategoria;Ativa;Indeterminado;;30/06;S;N;N;S;N;BTG PACTUAL SERVICOS FINANCEIROS S/A DTVM;59281253000123;Praia de Botafogo;501;6º Andar;Botafogo;Rio de Janeiro;RJ;22.250-040;55 11 3383-3102;;;www.btgpactual.com;ri.fundoslistados@btgpactual.com
Classe;28.757.546/0001-00;2026-01-01;1;2026-02-13;XP MALLS FII;2017-12-22;INVESTIDORES EM GERAL;BRXPMLCTF000;58559855;N;N;;Shoppings;Ativa;Indeterminado;;30/06;S;N;N;S;N;BTG PACTUAL SERVICOS FINANCEIROS S/A DTVM;59281253000123;Praia de Botafogo;501;6º Andar;Botafogo;Rio de Janeiro;RJ;22.250-040;55 11 3383-3102;;;www.btgpactual.com;ri.fundoslistados@btgpactual.com
Classe;28.851.767/0001-43;2026-01-01;1;2026-02-13;FII HOSPITAL UNIMED SUL CAPIXABA;2025-06-02;INVESTIDOR PROFISSIONAL;0;850821;N;N;;Hospital;Definida;Indeterminado;;31/12;N;N;S;N;N;REAG DISTRIBUIDORA DE TITULOS E VALORES MOBILIARIOS SA;34829992000186;Avenida Brigadeiro Faria Lima;2277;17º andar;Jardim Paulistano;São Paulo;SP;01452-000;(11) 3504-6800;;;www.reag.com.br;informeslegais@reag.com.br
Classe;28.893.734/0001-66;2026-01-01;1;2026-02-10;IMMOB I FII;2018-02-01;INVESTIDOR PROFISSIONAL;BRRNOVCTF002;161721;S;N;;Multicategoria;Ativa;Indeterminado;;31/12;S;S;N;S;S;BEM DTVM LTDA;00066670000100;Núcleo Cidade de Deus;S/N;Prédio Prata - 4º Andar;Vila Yara;Osasco;SP;06029-900;(11) 3684-4522;;;www.bradescobemdtvm.com.br;bemdtvm@bradesco.com.br
Classe;28.899.178/0001-35;2026-01-01;1;2026-02-12;HIRE PROPERTIES I FII RESP LIMITADA;2019-07-01;INVESTIDORES EM GERAL;BRHYPICTF004;1306304.2006;N;N;;Multicategoria;Ativa;Determinado;2029-07-01;30/06;S;N;N;S;N;VÓRTX DTVM LTDA;22610500000188;Rua Gilberto Sabino;215;4º ANDAR;Pinheiros;São Paulo;SP;5425020;11 3030-7177;;;www.vortx.com.br;fundos@vortx.com.br
Classe;29.242.809/0001-01;2026-01-01;1;2026-02-13;PRAZO EDUCACIONAL FII RESPONSABILIDADE LIMITADA;2019-12-10;INVESTIDOR QUALIFICADO;BRPRZOCTF008;16383.05136;N;N;;Multicategoria;Ativa;Indeterminado;;31/12;N;N;S;N;N;SINGULARE CORRETORA DE TITULOS E VALORES MOBILIARIOS S.A;62285390000140;AVENIDA REBOUÇAS;2942;7º AO 12º ANDAR;JARDIM PAULISTANO;SÃO PAULO;SP;05402-500;(11) 2827-3500;;;https://qitech.com.br/dtvm/;fii.adm@qitech.com.br
Classe;29.242.844/0001-20;2026-01-01;1;2026-02-13;TRANCOSO FII;2019-12-03;INVESTIDOR QUALIFICADO;BRFIITCTF003;53838.0359;N;N;;Multicategoria;Ativa;Indeterminado;;31/12;N;N;S;N;N;SINGULARE CORRETORA DE TITULOS E VALORES MOBILIARIOS S.A;62285390000140;AVENIDA REBOUÇAS;2942;7º AO 12º ANDAR;JARDIM PAULISTANO;SÃO PAULO;SP;05402-500;(11) 2827-3500;;;https://qitech.com.br/dtvm/;fii.adm@qitech.com.br
Classe;29.299.737/0001-39;2026-01-01;1;2026-02-13;RB CAPITAL TFO SITUS FUNDO DE INVESTIMENTO IMOBILIÁRIO - FII;2018-07-30;INVESTIDOR QUALIFICADO;BRRBTSCTF002;56525;N;N;;Multicategoria;Ativa;Indeterminado;;31/12;S;N;N;S;N;OLIVEIRA TRUST DTVM S.A.;36113876000191;Av. das Américas;3434;Bl. 7 Grupo 201;Barra da Tijuca;Rio de Janeiro;RJ;22640-102;(21) 3514-0000;;;www.oliveiratrust.com.br;ger2.fundos@oliveiratrust.com.br
Classe;29.467.977/0001-03;2026-01-01;1;2026-02-13;RBR HIGH GRADE FII;2018-05-02;INVESTIDORES EM GERAL;BRRBRRCTF008;16300275;N;N;;Multicategoria;Ativa;Indeterminado;;30/06;S;N;N;S;N;BTG PACTUAL SERVICOS FINANCEIROS S/A DTVM;59281253000123;Praia de Botafogo;501;6º Andar;Botafogo;Rio de Janeiro;RJ;22.250-040;55 11 3383-3102;;;www.btgpactual.com;ri.fundoslistados@btgpactual.com
Classe;29.641.226/0001-53;2026-01-01;1;2026-02-13;PÁTRIA RENDA URBANA - FUNDO DE INVESTIMENTO IMOBILIÁRIO;2018-04-27;INVESTIDORES EM GERAL;BRHGRUCTF002;23238024;N;N;;Outros;Ativa;Indeterminado;;31/12;S;N;N;S;N;BANCO GENIAL S.A.;45245410000155;Praia de Botafogo;228;9 ANDAR;Botafogo;Rio de Janeiro;RJ;222050-906;(11) 3524-8888;;;www.genialinvestimentos.com.br;structured-funds@genial.com.vc
Classe;29.852.732/0001-91;2026-01-01;1;2026-02-13;VALORA CRI CDI FII;2018-07-27;INVESTIDORES EM GERAL;BRVGIRCTF008;146101287;N;N;;Multicategoria;Ativa;Indeterminado;;30/06;S;N;N;S;N;BTG PACTUAL SERVICOS FINANCEIROS S/A DTVM;59281253000123;Praia de Botafogo;501;6º Andar;Botafogo;Rio de Janeiro;RJ;22.250-040;55 11 3383-3102;;;www.btgpactual.com;ri.fundoslistados@btgpactual.com
Classe;30.017.492/0001-99;2026-01-01;1;2026-02-09;HUSI FUNDO DE INVESTIMENTO IMOBILIÁRIO;2018-03-12;INVESTIDORES EM GERAL;BRHUSICTF006;116362;N;N;;Hospital;Definida;Indeterminado;;31/12;N;N;S;N;N;TRUSTEE DISTRIBUIDORA DE TITULOS E VALORES MOBILIARIOS LTDA.;67030395000146;Avenida Brigadeiro Faria Lima;3.732;11º e 12º andar;Itaim Bibi;São Paulo;SP;04538-132;0800 930 0930;;;www.trusteedtvm.com.br;ouvidoria@trusteedtvm.com.br
Classe;30.048.651/0001-12;2026-01-01;1;2026-02-13;PATRIA EDIFICIOS CORPORATIVOS FII;2019-09-29;INVESTIDORES EM GERAL;BRPATCCTF002;3477434;N;N;;Outros;Ativa;Indeterminado;;31/12;S;S;N;S;S;MAF DTVM;36864992000142;Rua Alves Guimarães;1216;;Pinheiros;São Paulo;SP;05410-002;(11) 3509-0600;;;www.apexgroup.com/apex-brazil/;infolegal@apexgroup.com
Classe;30.091.444/0001-40;2026-01-01;1;2026-02-12;FUNDO DE FUNDOS DE INVESTIMENTO IMOBILIÁRIO KINEA FII;2018-09-03;INVESTIDORES EM GERAL;BRKFOFCTF006;7014565;N;N;;Multicategoria;Ativa;Indeterminado;;30/06;S;N;N;S;N;INTRAG DISTRIBUIDORA DE TÍTULOS E VALORES MOBILIÁRIOS LTDA;62418140000131;AV BRIGADEIRO FARIA LIMA;3400;10º Andar;ITAIM BIBI;SÃO PAULO;SP;04538132;55 (11) 30726012;;;www.intrag.com.br;produtosestruturados@itau-unibanco.com.br
Classe;30.091.506/0001-14;2026-01-01;2;2026-02-26;NOVA IGUACU FII RL;2019-01-15;INVESTIDOR PROFISSIONAL;BR0A1TCTF007;1858610;S;N;;Shoppings;Ativa;Indeterminado;;31/12;S;N;N;S;N;BTG PACTUAL SERVICOS FINANCEIROS S/A DTVM;59281253000123;Praia de Botafogo;501;6º Andar;Botafogo;Rio de Janeiro;RJ;22.250-040;55 11 3383-3102;;;www.btgpactual.com;ri.fundoslistados@btgpactual.com
Classe;30.130.708/0001-28;2026-01-01;1;2026-02-12;KINEA HIGH YIELD CRI FII RESPONSABILIDADE LIMITADA;2018-07-03;INVESTIDOR QUALIFICADO;BRKNHYCTF005;31173083;N;N;;Multicategoria;Ativa;Indeterminado;;30/06;S;N;N;S;N;INTRAG DISTRIBUIDORA DE TÍTULOS E VALORES MOBILIÁRIOS LTDA;62418140000131;AV BRIGADEIRO FARIA LIMA;3400;10º Andar;ITAIM BIBI;SÃO PAULO;SP;04538132;55 (11) 30726012;;;www.intrag.com.br;produtosestruturados@itau-unibanco.com.br
Classe;30.166.700/0001-11;2026-01-01;2;2026-02-20;RBR CREDITO IMOB FII;2018-05-24;INVESTIDORES EM GERAL;BRRBRYCTF004;12769512;N;N;;Multicategoria;Ativa;Indeterminado;;30/06;S;N;N;S;N;BTG PACTUAL SERVICOS FINANCEIROS S/A DTVM;59281253000123;Praia de Botafogo;501;6º Andar;Botafogo;Rio de Janeiro;RJ;22.250-040;55 11 3383-3102;;;www.btgpactual.com;ri.fundoslistados@btgpactual.com
Classe;30.178.506/0001-56;2026-01-01;1;2026-02-12;FUNDO DE INVESTIMENTO IMOBILIÁRIO F2ZZ;2019-12-19;INVESTIDOR QUALIFICADO;BR0LT8CTF007;1164.0342;N;N;;Multicategoria;Ativa;Indeterminado;;29/12;N;S;N;N;N;VÓRTX DTVM LTDA;22610500000188;Rua Gilberto Sabino;215;4º ANDAR;Pinheiros;São Paulo;SP;5425020;11 3030-7177;;;www.vortx.com.br;fundos@vortx.com.br
Classe;30.230.870/0001-18;2026-01-01;1;2026-02-13;TORDESILHAS EI FII;2019-08-30;INVESTIDORES EM GERAL;BRTORDCTF015;5841933.7;N;N;;Multicategoria;Ativa;Indeterminado;;31/12;S;S;N;S;N;VÓRTX DTVM LTDA;22610500000188;Rua Gilberto Sabino;215;4º ANDAR;Pinheiros;São Paulo;SP;5425020;11 3030-7177;;;www.vortx.com.br;fundos@vortx.com.br
Classe;30.248.129/0001-84;2026-01-01;1;2026-02-17;ENCONTRO DAS ÁGUAS II - FUNDO DE INVESTIMENTO IMOBILIÁRIO;2018-08-30;INVESTIDOR QUALIFICADO;;15550900757.9146;N;N;;Shoppings;Ativa;Indeterminado;;31/12;N;N;S;N;N;ID CORRETORA DE TITULOS E VALORES MOBILIARIOS S.A.;16695922000109;AV PRES JUSCELINO KUBITSCHEK;1726;19 ANDAR;VILA NOVA CONCEICAO;SÃO PAULO;SP;04543000;11 4637 6633;;;WWW.IDSF.COM.BR;administracao@idsf.com.br
Classe;30.248.158/0001-46;2026-01-01;1;2026-02-13;LEGATUS FII RL;2019-08-29;INVESTIDORES EM GERAL;BRLASCCTF003;2940298;N;N;;Shoppings;Definida;Indeterminado;;31/12;S;N;N;S;N;BTG PACTUAL SERVICOS FINANCEIROS S/A DTVM;59281253000123;Praia de Botafogo;501;6º Andar;Botafogo;Rio de Janeiro;RJ;22.250-040;55 11 3383-3102;;;www.btgpactual.com;ri.fundoslistados@btgpactual.com
Classe;30.248.180/0001-96;2026-01-01;1;2026-02-13;FII HECTARE CE;2018-10-02;INVESTIDORES EM GERAL;BRHCTRCTF003;22084202.904;N;N;;Multicategoria;Ativa;Indeterminado;;31/12;S;S;N;S;N;VÓRTX DTVM LTDA;22610500000188;Rua Gilberto Sabino;215;4º ANDAR;Pinheiros;São Paulo;SP;5425020;11 3030-7177;;;www.vortx.com.br;fundos@vortx.com.br
Classe;30.258.790/0001-70;2026-01-01;1;2026-02-13;PRAZO FII - RESPONSABILIDADE LIMITADA;2019-02-08;INVESTIDOR QUALIFICADO;BR01W4CTF001;1493148.39494067;N;N;;Multicategoria;Ativa;Indeterminado;;31/12;N;S;N;N;S;SINGULARE CORRETORA DE TITULOS E VALORES MOBILIARIOS S.A;62285390000140;AVENIDA REBOUÇAS;2942;7º AO 12º ANDAR;JARDIM PAULISTANO;SÃO PAULO;SP;05402-500;(11) 2827-3500;;;https://qitech.com.br/dtvm/;fii.adm@qitech.com.br
Classe;30.492.505/0001-81;2026-01-01;1;2026-02-13;FUNDO DE INVESTIMENTO IMOBILIARIO CCPAR;2018-06-11;INVESTIDOR QUALIFICADO;BRCDUPCTF004;442223222;N;N;;Educacional;Ativa;Indeterminado;;31/12;N;N;S;N;N;BR-CAPITAL DIST. DE TÍTULOS E VALORES MOBILIÁRIOS S/A;44077014000189;RUA SURUBIM;577;CONJ. 101;CIDADE MONÇÕES;SÃO PAULO;SP;04571-050;(11) 5508-3500;;;www.brcapital.com.br;fundos@brcapital.com.br
Classe;30.495.165/0001-42;2026-01-01;1;2026-02-12;NE LOGISTIC FUNDO DE INVESTIMENTO IMOBILIÁRIO;2018-09-12;INVESTIDOR QUALIFICADO;BRNELOCTF001;438700;N;N;;Outros;Ativa;Indeterminado;;31/12;N;N;S;N;N;XP INVESTIMENTOS CORRETORA DE CÂMBIO, TÍTULOS E VAL MOB S/A;02332886000104;AVENIDA ATAULFO DE PAIVA;153;5º e 8º andares;LEBLON;RIO DE JANEIRO;RJ;22440-033;(11) 3027-2237;;;www.xpi.com.br;adm.fundos.estruturados@xpi.com.br
Classe;30.567.216/0001-02;2026-01-01;1;2026-02-13;BRC RENDA CORPORATIVA FII - RESPONSABILIDADE LIMITADA;2018-05-17;INVESTIDORES EM GERAL;BRFATNCTF;5829442;N;S;;Multicategoria;Ativa;Indeterminado;;31/12;N;N;S;N;N;BR-CAPITAL DIST. DE TÍTULOS E VALORES MOBILIÁRIOS S/A;44077014000189;RUA SURUBIM;577;CONJ. 101;CIDADE MONÇÕES;SÃO PAULO;SP;04571-050;(11) 5508-3500;;;www.brcapital.com.br;fundos@brcapital.com.br
Classe;30.578.275/0001-78;2026-01-01;1;2026-02-12;FII GV BLUE CHIP;2018-09-12;INVESTIDOR QUALIFICADO;BRFIGVCTF003;75710.975;N;N;;Multicategoria;Ativa;Indeterminado;;31/12;N;N;S;N;N;VÓRTX DTVM LTDA;22610500000188;Rua Gilberto Sabino;215;4º ANDAR;Pinheiros;São Paulo;SP;5425020;11 3030-7177;;;www.vortx.com.br;fundos@vortx.com.br
Classe;30.578.351/0001-45;2026-01-01;1;2026-02-13;VX XII FUNDO DE INVESTIMENTO IMOBILIÁRIO;2019-03-27;INVESTIDOR QUALIFICADO;BR01MDCTF007;302908.9073;N;N;;Multicategoria;Ativa;Indeterminado;;31/12;N;N;S;N;N;VÓRTX DTVM LTDA;22610500000188;Rua Gilberto Sabino;215;4º ANDAR;Pinheiros;São Paulo;SP;5425020;11 3030-7177;;;www.vortx.com.br;fundos@vortx.com.br
Classe;30.578.417/0001-05;2026-01-01;1;2026-02-13;HABITAT RECEBÍVEIS PULVERIZADOS FII RL;2019-07-29;INVESTIDORES EM GERAL;BRHABTCTF001;8126783;N;N;;Multicategoria;Ativa;Indeterminado;;31/12;S;N;N;S;N;XP INVESTIMENTOS CORRETORA DE CÂMBIO, TÍTULOS E VAL MOB S/A;02332886000104;AVENIDA ATAULFO DE PAIVA;153;5º e 8º andares;LEBLON;RIO DE JANEIRO;RJ;22440-033;(11) 3027-2237;;;www.xpi.com.br;adm.fundos.estruturados@xpi.com.br
Classe;30.629.603/0001-18;2026-01-01;1;2026-02-13;VBI LOGISTICO FII RL;2018-11-09;INVESTIDORES EM GERAL;BRLVBICTF002;16118565;N;N;;Logística;Ativa;Indeterminado;;30/06;S;N;N;S;N;BTG PACTUAL SERVICOS FINANCEIROS S/A DTVM;59281253000123;Praia de Botafogo;501;6º Andar;Botafogo;Rio de Janeiro;RJ;22.250-040;55 11 3383-3102;;;www.btgpactual.com;ri.fundoslistados@btgpactual.com
Classe;30.642.032/0001-51;2026-01-01;1;2026-02-04;FUNDO DE INVESTIMENTO IMOBILIÁRIO BACURI;2019-04-30;INVESTIDOR PROFISSIONAL;;16985.88612497;N;N;;Multicategoria;Ativa;Indeterminado;2050-01-01;31/12;N;N;S;N;N;WNT CAPITAL DTVM;45854066000187;AV BRIGADEIRO FARIA LIMA;3477;8 ANDAR;ITAIM BIBI;SÃO PAULO;SP;04538133;+55 (11) 3010-100;;;WWW.WNTDTVM.COM;ATENDIMENTO@WNTDTVM.COM
Classe;30.647.758/0001-87;2026-01-01;1;2026-02-12;RIO BRAVO CRÉDITO IMOBILIÁRIO HIGH GRADE FII;2019-12-16;INVESTIDORES EM GERAL;BRRBHGCTF002;2167957;N;N;;Outros;Ativa;Indeterminado;;31/12;S;N;N;S;N;BRL TRUST DTVM S.A.;13486793000142;Rua Alves Guimarães;1216;;Pinheiros;São Paulo;SP;05410-002;(11) 3509-0600;;;www.apexgroup.com/apex-brazil/;infolegal@apexgroup.com
Classe;30.654.849/0001-40;2026-01-01;1;2026-02-12;V2 PRIME PROPERTIES FII;2019-12-04;INVESTIDORES EM GERAL;BRVPPRCTF004;7316171;N;N;;Escritórios;Ativa;Indeterminado;;31/12;S;N;N;S;N;VÓRTX DTVM LTDA;22610500000188;Rua Gilberto Sabino;215;4º ANDAR;Pinheiros;São Paulo;SP;5425020;11 3030-7177;;;www.vortx.com.br;fundos@vortx.com.br
Classe;30.816.679/0001-52;2026-01-01;1;2026-02-12;KINEA CO INVESTIMENTO FII RESPONSABILIDADE LIMITADA;2019-03-22;INVESTIDOR QUALIFICADO;BR003HCTF006;404495.18142;N;N;;Multicategoria;Ativa;Determinado;2033-03-21;30/06;S;N;N;S;N;INTRAG DISTRIBUIDORA DE TÍTULOS E VALORES MOBILIÁRIOS LTDA;62418140000131;AV BRIGADEIRO FARIA LIMA;3400;10º Andar;ITAIM BIBI;SÃO PAULO;SP;04538132;55 (11) 30726012;;;www.intrag.com.br;produtosestruturados@itau-unibanco.com.br
Classe;30.846.692/0001-54;2026-01-01;1;2026-02-13;METROPOLITANO - FUNDO DE INVESTIMENTO IMOBILIÁRIO - FII;2019-05-15;INVESTIDOR PROFISSIONAL;000000000000;1644411.13904241;S;N;;Varejo;Ativa;Indeterminado;;31/06;S;S;N;N;S;OLIVEIRA TRUST DTVM S.A.;36113876000191;Av. das Américas;3434;Bl. 7 Grupo 201;Barra da Tijuca;Rio de Janeiro;RJ;22640-102;(21) 3514-0000;;;www.oliveiratrust.com.br;ger2.fundos@oliveiratrust.com.br
Fundo;30.871.660/0001-09;2026-01-01;1;2026-02-13;CLASSE A DO VBI ULIVING MULTICLASSE FII RESP LIMITADA;2018-11-30;INVESTIDOR PROFISSIONAL;BR018CCTF005;390774.6659;N;N;;Residencial;Ativa;Indeterminado;;31/12;N;N;S;N;N;BRL TRUST DTVM S.A.;13486793000142;Rua Alves Guimarães;1216;;Pinheiros;São Paulo;SP;05410-002;(11) 3509-0600;;;www.apexgroup.com/apex-brazil/;infolegal@apexgroup.com
Classe;30.871.698/0001-81;2026-01-01;1;2026-02-10;V2 MULTI RENDA FII RESP LIMITADA;2020-01-16;INVESTIDORES EM GERAL;BRHBRHCTF000;2823180;N;N;;Multicategoria;Ativa;Indeterminado;;31/12;S;N;N;S;N;BRL TRUST DTVM S.A.;13486793000142;Rua Alves Guimarães;1216;;Pinheiros;São Paulo;SP;05410-002;(11) 3509-0600;;;www.apexgroup.com/apex-brazil/;infolegal@apexgroup.com
Classe;30.871.716/0001-25;2026-01-01;1;2026-02-13;GREEN FII ROCK;2018-10-29;INVESTIDOR PROFISSIONAL;BRGRROCTF004;135350;N;N;;Outros;Ativa;Indeterminado;;13/12;N;N;N;N;N;BTG PACTUAL SERVICOS FINANCEIROS S/A DTVM;59281253000123;Praia de Botafogo;501;6º Andar;Botafogo;Rio de Janeiro;RJ;22.250-040;55 11 3383-3102;;;www.btgpactual.com;ri.fundoslistados@btgpactual.com
Classe;30.982.880/0001-00;2026-01-01;1;2026-02-13;JPP CAPITAL RECEBÍVEIS IMOBILIÁRIOS FII RL;2018-12-17;INVESTIDORES EM GERAL;BRJPPACTF005;904050;N;N;;Multicategoria;Ativa;Indeterminado;;30/06;S;N;N;S;N;FINAXIS CORRETORA;03317692000194;Avenida Paulista;1842;Torre Norte, Térreo Loja 08;Bela Vista;São Paulo;SP;01310-923;(11) 3526 9001;;;http://finaxis.com.br/;atendimento.regulatorio@finaxis.com.br
Classe;30.982.923/0001-57;2026-01-01;1;2026-02-13;FII VITACON;2018-12-24;INVESTIDOR QUALIFICADO;BR016KCTF002;798274157.3854;N;N;;Residencial;Ativa;Indeterminado;;31/12;N;N;S;N;N;VÓRTX DTVM LTDA;22610500000188;Rua Gilberto Sabino;215;4º ANDAR;Pinheiros;São Paulo;SP;5425020;11 3030-7177;;;www.vortx.com.br;fundos@vortx.com.br
Classe;30.982.974/0001-89;2026-01-01;1;2026-02-10;GENESIS MULTIESTRATÉGIA  FII;2019-11-01;INVESTIDOR QUALIFICADO;BRVXXVCTF004;477875;N;N;;Outros;Ativa;Indeterminado;;31/12;S;N;N;S;N;BRL TRUST DTVM S.A.;13486793000142;Rua Alves Guimarães;1216;;Pinheiros;São Paulo;SP;05410-002;(11) 3509-0600;;;www.apexgroup.com/apex-brazil/;infolegal@apexgroup.com
Classe;30.983.020/0001-90;2026-01-01;1;2026-02-12;XP SELECTION FUNDO DE INVESTIMENTO IMOBILIÁRIO - FII;2019-07-02;INVESTIDORES EM GERAL;BRXPSFCTF009;43302140;N;N;;Outros;Ativa;Indeterminado;;31/12;S;N;N;S;N;XP INVESTIMENTOS CORRETORA DE CÂMBIO, TÍTULOS E VAL MOB S/A;02332886000104;AVENIDA ATAULFO DE PAIVA;153;5º e 8º andares;LEBLON;RIO DE JANEIRO;RJ;22440-033;(11) 3027-2237;;;www.xpi.com.br;adm.fundos.estruturados@xpi.com.br
Classe;31.145.875/0001-05;2026-01-01;1;2026-02-12;BFC FUNDO DE INVESTIMENTO IMOBILIÁRIO;2018-06-15;INVESTIDOR PROFISSIONAL;BRSPTWCTF002;8304404;N;N;;Escritórios;Ativa;Indeterminado;;31/12;N;N;S;N;N;BANCO GENIAL S.A.;45246410000155;Praia de Botafogo;228;9º;Botafogo;Rio de Janeiro;RJ;20091-020;(11)3524-8888;(11) 2137-8888;0800 605 8888;https://www.genialinvestimentos.com.br/;Structured-Funds@genial.com.vc
Classe;31.152.015/0001-07;2026-01-01;2;2026-02-25;FII HECTARE STUDENT HOUSING;2019-08-30;INVESTIDORES EM GERAL;BRHCSTCTF001;870918.4343;N;N;;Multicategoria;Ativa;Indeterminado;;31/12;S;S;N;S;N;VÓRTX DTVM LTDA;22610500000188;Rua Gilberto Sabino;215;4º ANDAR;Pinheiros;São Paulo;SP;5425020;11 3030-7177;;;www.vortx.com.br;fundos@vortx.com.br
Classe;31.161.410/0001-48;2026-01-01;1;2026-02-13;RB CAPITAL DESENVOLVIMENTO RESIDENCIAL IV FII;2020-02-20;INVESTIDORES EM GERAL;BRRBIRCTF007;1528615;S;N;;Residencial;Ativa;Indeterminado;;31/06;S;N;N;S;N;OLIVEIRA TRUST DTVM S.A.;36113876000191;Av. das Américas;3434;Bl. 7 Grupo 201;Barra da Tijuca;Rio de Janeiro;RJ;22640-102;(21) 3514-0000;;;www.oliveiratrust.com.br;ger2.fundos@oliveiratrust.com.br
Classe;31.373.514/0001-16;2026-01-01;1;2026-02-05;SÃO JORGE FUNDO DE INVESTIMENTO IMOBILIARIO;2018-08-20;INVESTIDOR QUALIFICADO;0;12231732.6611041;N;N;;Outros;Ativa;Indeterminado;;31/12;N;N;S;N;N;SEFER INVESTIMENTOS DTVM LTDA;00329598000167;AV BRIGADEIRO FARIA LIMA;3900;6º ANDAR CJ 601;ITAIM BIBI;SÃO PAULO;SP;01451-000;11 3113-0060;;;www.seferinvestimentos.com,br;informeslegais@seferinvestimentos.com.br
Classe;31.469.385/0001-64;2026-01-01;1;2026-02-13;EUROPA 105 FII;2019-03-15;INVESTIDOR QUALIFICADO;BRERPACTF002;500922;N;N;;Multicategoria;Ativa;Indeterminado;;31/12;N;N;S;N;N;OLIVEIRA TRUST DTVM S.A.;36113876000191;Av. das Américas;3434;Bl. 7 Grupo 201;Barra da Tijuca;Rio de Janeiro;RJ;22640-102;(21) 3514-0000;;;www.oliveiratrust.com.br;ger2.fundos@oliveiratrust.com.br
Classe;31.508.219/0001-20;2026-01-01;1;2026-02-13;MULTIOFFICES 2 - FUNDO DE INVESTIMENTO IMOBILIÁRIO;2018-07-11;INVESTIDOR QUALIFICADO;BRMOFFCTF002;220066;N;N;;Multicategoria;Ativa;Indeterminado;;31/12;S;S;N;S;N;OLIVEIRA TRUST DTVM S.A.;36113876000191;Av. das Américas;3434;Bl. 7 Grupo 201;Barra da Tijuca;Rio de Janeiro;RJ;22640-102;(21) 3514-0000;;;www.oliveiratrust.com.br;ger2.fundos@oliveiratrust.com.br
Classe;31.524.769/0001-32;2026-01-01;2;2026-03-03;ELEV BRAS FUNDO DE INVESTIMENTO IMOBILIARIO;2008-10-17;INVESTIDOR QUALIFICADO E PROFISSIONAL;0;144413.3759;N;N;;Multicategoria;Ativa;Indeterminado;;31/12;N;N;S;N;N;SEFER INVESTIMENTOS DTVM LTDA;00329598000167;AV BRIGADEIRO FARIA LIMA;3900;6º ANDAR;ITAIM BIBI;SÃO PAULO;SP;01451-000;11 3113-0060;;;www.seferinvestimentos.com.br;informeslegais@seferinvestimentos.com.br
Classe;31.524.789/0001-03;2026-01-01;1;2026-02-05;PORTO PREMIUM FII;2019-05-20;INVESTIDOR QUALIFICADO;0;40.73481058;N;N;;Multicategoria;Ativa;Indeterminado;;31/12;N;N;S;N;N;SEFER INVESTIMENTOS DTVM LTDA;00329598000167;AV BRIGADEIRO FARIA LIMA;3900;CJ 601;ITAIM BIBI;SÃO PAULO;SP;01451000;1131130060;;;www.seferinvestimentos.com.br;informeslegais@seferinvestimentos.com.br
Classe;31.544.493/0001-54;2026-01-01;1;2026-02-04;FUNDO DE INVESTIMENTO IMOBILIARIO ECOPARQUE;2020-12-22;INVESTIDOR PROFISSIONAL;0;244847.90875494;N;N;;Multicategoria;Ativa;Indeterminado;;31/12;N;N;S;N;N;SEFER INVESTIMENTOS DTVM LTDA;00329598000167;AV BRIGADEIRO FARIA LIMA;3900;6º ANDAR;ITAIM BIBI;SÃO PAULO;SP;01451-000;11 3113-0060;;;www.seferinvestimentos.com.br;informeslegais@seferinvestimentos.com.br
Classe;31.544.514/0001-31;2026-01-01;1;2026-02-04;FUNDO DE INVESTIMENTO IMOBILIARIO MIRANTE DAS AGUAS;2018-12-17;INVESTIDOR QUALIFICADO E PROFISSIONAL;0;0;N;N;;Outros;Ativa;Indeterminado;;31/12;N;N;S;N;N;SEFER INVESTIMENTOS DTVM LTDA;00329598000167;AV BRIGADEIRO FARIA LIMA;3900;6º ANDAR;ITAIM BIBI;SÃO PAULO;SP;01451-000;11 3113-0060;;;www.seferinvestimentos.com.br;informeslegais@seferinvestimentos.com.br
Classe;31.547.782/0001-07;2026-01-01;1;2026-02-05;AGRI8 - FUNDO DE INVESTIMENTO IMOBILIÁRIO;2018-12-03;INVESTIDOR PROFISSIONAL;BR026WCTF006;47850.8243;N;N;;Outros;Ativa;Indeterminado;;31/12;N;N;S;N;N;BRL TRUST DTVM S.A.;13486793000142;Rua Alves Guimarães;1216;;Pinheiros;São Paulo;SP;05410-002;(11) 3509-0600;;;www.apexgroup.com/apex-brazil/;infolegal@apexgroup.com
Classe;31.547.989/0001-81;2026-01-01;2;2026-03-03;FUNDO DE INVESTIMENTO IMOBILIARIO AMÉRICA LOGISTICA;2018-09-04;INVESTIDOR PROFISSIONAL;0;78114.87789461;N;N;;Escritórios;Ativa;Indeterminado;;31/12;N;N;S;N;N;SEFER INVESTIMENTOS DTVM LTDA;00329598000167;AV BRIGADEIRO FARIA LIMA;3900;6º ANDAR;ITAIM BIBI;SÃO PAULO;SP;01451-000;11 3113-0060;;;www.seferinvestimentos.com.br;informeslegais@seferinvestimentos.com.br
Classe;31.713.934/0001-02;2026-01-01;1;2026-02-04;APOLLO CORPORATE FUNDO DE INVESTIMENTO IMOBILIÁRIO;2019-12-26;INVESTIDOR PROFISSIONAL;0;36531266.8939517;N;N;;Outros;Ativa;Indeterminado;;30/06;N;N;S;N;N;SEFER INVESTIMENTOS DTVM LTDA;03219598000167;AV BRIGADEIRO FARIA LIMA;3900;6º ANDAR CJ 601;ITAIM BIBI;SÃO PAULO;SP;04538132;11 31131083;;;www.seferinvestimentos.com.br;informeslegais@seferinvestimentos.com.br
Classe;31.772.231/0001-47;2026-01-01;1;2026-02-10;JACARANDA I FUNDO DE INVESTIMENTO IMOBILIARIO;2020-01-28;INVESTIDOR QUALIFICADO;BRJCDACTF009;15303215.9133521;N;N;;Outros;Ativa;Determinado;2023-11-15;31/12;N;N;S;N;N;BRL TRUST DTVM S.A.;13486793000142;Rua Alves Guimarães;1216;;Pinheiros;São Paulo;SP;05410-002;(11) 3509-0600;;;www.apexgroup.com/apex-brazil/;infolegal@apexgroup.com
Classe;31.887.401/0001-39;2026-01-01;1;2026-02-12;CX RIO BRAVO FUNDO DE FUNDOS DE INVESTIMENTO IMOBILIÁRIO II;2019-04-18;INVESTIDORES EM GERAL;BRCRFFCTF006;690040;N;N;;Multicategoria;Ativa;Indeterminado;;31/12;S;N;N;S;N;CAIXA ECÔNOMICA FEDERAL;00360305000104;AVENIDA PAULISTA;750;9º ANDAR;BELA VISTA;SÃO PAULO;SP;01310-300;11 3572.4400;;;WWW.CAIXA.GOV.BR;geafi06@caixa.gov.br
Classe;31.894.369/0001-19;2026-01-01;1;2026-02-12;HEDGE OFFICE INCOME FUNDO DE INVESTIMENTO IMOB;2019-07-12;INVESTIDORES EM GERAL;BRHOFCCTF009;3779001;N;N;;Escritórios;Ativa;Indeterminado;;31/12;S;N;N;S;N;HEDGE INVESTMENTS DTVM LTDA;07253654000176;AVENIDA BRIGADEIRO FARIA LIMA;3600;11º ANDAR CJ 112;ITAIM BIBI;SÃO PAULO;SP;04538-132;(11) 5412-5400;;;www.hedgeinvest.com.br;dtvm@hedgeinvest.com.br
Classe;31.907.591/0001-09;2026-01-01;1;2026-02-13;SBC FUNDO DE INVESTIMENTO IMOBILIÁRIO;2019-11-08;INVESTIDOR PROFISSIONAL;BR0EZ0CTF005;134266;N;N;;Logística;Ativa;Determinado;2023-11-08;31/12;N;N;S;N;N;BRL TRUST DTVM S.A.;13486793000142;Rua Alves Guimarães;1216;;Pinheiros;São Paulo;SP;05410-002;(11) 3509-0600;;;www.apexgroup.com/apex-brazil/;infolegal@apexgroup.com
Classe;31.962.875/0001-06;2026-01-01;1;2026-02-13;PROLOGIS BRAZIL LOGISTICS VENTURE FII;2019-01-18;INVESTIDOR PROFISSIONAL;BRPBLVCTF007;4859552.227;N;N;;Logística;Ativa;Indeterminado;2035-03-16;31/12;S;N;N;S;N;BRL TRUST DTVM S.A.;13486793000142;Rua Alves Guimarães;1216;;Pinheiros;São Paulo;SP;05410-002;(11) 3509-0600;;;www.apexgroup.com/apex-brazil/;infolegal@apexgroup.com
Classe;32.000.013/0001-57;2026-01-01;1;2026-02-13;BRESCO GROWTH FUNDO DE INVESTIMENTO IMOBILIÁRIO;2019-09-24;INVESTIDOR QUALIFICADO E PROFISSIONAL;BR0GTYCTF002;655090.43426895;N;N;;Multicategoria;Ativa;Indeterminado;2033-12-08;31/12;N;S;N;S;N;OLIVEIRA TRUST DTVM S.A.;36113876000191;Av. das Américas;3434;Bl. 7 Grupo 201;Barra da Tijuca;Rio de Janeiro;RJ;22640-102;(21) 3514-0000;;;www.oliveiratrust.com.br;ger2.fundos@oliveiratrust.com.br
Classe;32.006.821/0001-21;2026-01-01;1;2026-02-13;OPEN K ATIVOS E RECEBIVEIS IMOBILIARIOS;2019-10-31;INVESTIDORES EM GERAL;BRARRICTF009;20726973;N;N;;Multicategoria;Ativa;Indeterminado;;31/12;N;S;N;N;S;OLIVEIRA TRUST DTVM S.A.;36113876000191;Av. das Américas;3434;Bl. 7 Grupo 201;Barra da Tijuca;Rio de Janeiro;RJ;22640-102;(21) 3514-0000;;;www.oliveiratrust.com.br;ger2.fundos@oliveiratrust.com.br
Classe;32.065.364/0001-46;2026-01-01;1;2026-02-12;CARTESIA RECEBÍVEIS IMOBILIÁRIOS FII RESP LIMITADA;2025-11-25;INVESTIDORES EM GERAL;BRCACRCTF004;4836324;N;N;;Multicategoria;Ativa;Indeterminado;;31/12;N;N;S;N;N;BRL TRUST DTVM S.A.;13486793000142;Rua Alves Guimarães;1216;;Pinheiros;São Paulo;SP;05410-002;(11) 3509-0600;;;www.apexgroup.com/apex-brazil/;infolegal@apexgroup.com
Classe;32.140.405/0001-11;2026-01-01;1;2026-02-13;G5 ALLOCATION FUNDO DE INVESTIMENTO IMOBILIÁRIO;2024-12-23;INVESTIDOR PROFISSIONAL;BR0MN1CTF007;96062.86121802;N;N;;Multicategoria;Ativa;Indeterminado;;30/06;N;N;S;N;N;SINGULARE CORRETORA DE TITULOS E VALORES MOBILIARIOS S.A;62285390000140;AVENIDA REBOUÇAS;2942;7º AO 12º ANDAR;PINHEIROS;SÃO PAULO;SP;05402-500;(11) 2827-3500;;;https://qitech.com.br/dtvm/;fii.adm@qitech.com.br
Classe;32.177.294/0001-18;2026-01-01;2;2026-02-12;FII MB BI RESPONS LIMITADA;2019-01-09;INVESTIDOR QUALIFICADO;BRMBBICTF002;2976;N;N;;Multicategoria;Ativa;Indeterminado;;31/12;N;N;S;N;N;MERCANTIL DO BRASIL DISTRIBUIDORA LTDA;17364795000110;RUA RIO DE JANEIRO;654;9 ANDAR;CENTRO;BELO HORIZONTE;MG;30160-912;(31)30576281;(31)30576227;(31)30576730;bancomercantil.com.br;mercantil.distribuidora@mercantil.com.br
Classe;32.222.912/0001-02;2026-01-01;1;2026-02-12;PRIME REAL ESTATE FUNDO DE INVESTIMENTO IMOBILIÁRIO;2021-04-15;INVESTIDOR QUALIFICADO;BR0EMNCTF005;28701.23186851;N;N;;Outros;Ativa;Indeterminado;;31/12;N;N;S;N;N;TRUSTEE DISTRIBUIDORA DE TITULOS E VALORES MOBILIARIOS LTDA.;67030395000146;Avenida Brigadeiro Faria Lima;3.732;11º e 12º andar;Itaim Bibi;São Paulo;SP;04538-132;0800 930 0930;;;www.trusteedtvm.com.br;ouvidoria@trusteedtvm.com.br
Classe;32.274.163/0001-59;2026-01-01;1;2026-02-13;FUNDO REC RENDA IMOBILIARIA;2019-04-24;INVESTIDORES EM GERAL;BRRECTCTF000;8543493;N;N;;Multicategoria;Ativa;Indeterminado;;31/12;S;N;N;S;N;BRL TRUST DTVM S.A.;13486793000142;Rua Alves Guimarães;1216;;Pinheiros;São Paulo;SP;05410-002;(11) 3509-0600;;;www.apexgroup.com/apex-brazil/;infolegal@apexgroup.com
Classe;32.274.197/0001-43;2026-01-01;1;2026-02-09;SNOWBIRD MASTER FII RESP LIMITADA;2019-09-02;INVESTIDORES EM GERAL;;755795760.389651;N;N;;Outros;Ativa;Determinado;2029-10-01;31/12;N;N;S;N;N;MAF DTVM;36864992000142;Rua Alves Guimarães;1216;;Pinheiros;São Paulo;SP;05410-002;(11) 3509-0600;;;www.apexgroup.com/apex-brazil/;infolegal@apexgroup.com
Classe;32.274.553/0001-29;2026-01-01;1;2026-02-09;SNOWBIRD PARALLEL FII;2019-10-23;INVESTIDORES EM GERAL;;488296489.1105;N;N;;Outros;Ativa;Indeterminado;;31/12;N;N;S;N;N;MAF DTVM;36864992000142;Rua Alves Guimarães;1216;;Pinheiros;São Paulo;SP;05410-002;(11) 3509-0600;;;www.apexgroup.com/apex-brazil/;infolegal@apexgroup.com
Classe;32.275.196/0001-13;2026-01-01;1;2026-02-09;FII VENETO;2023-12-29;INVESTIDOR PROFISSIONAL;0;283.62514;N;N;;Shoppings;Ativa;Indeterminado;;30/06;N;N;S;N;N;REAG DISTRIBUIDORA DE TITULOS E VALORES MOBILIARIOS SA;34829992000186;Avenida Brigadeiro Faria Lima;2277;17º andar;Jardim Paulistano;São Paulo;SP;01452-000;(11) 3504-6800;;;www.reag.com.br;informeslegais@reag.com.br
Classe;32.275.252/0001-10;2026-01-01;1;2026-02-09;FII DALLAS;2020-09-10;INVESTIDOR PROFISSIONAL;0;2424674.20150446;N;N;;Shoppings;Definida;Indeterminado;;45838;N;N;S;N;N;REAG DISTRIBUIDORA DE TITULOS E VALORES MOBILIARIOS SA;34829992000186;Avenida Brigadeiro Faria Lima;2277;17º andar;Jardim Paulistano;São Paulo;SP;01452-000;(11) 3504-6800;;;www.reag.com.br;informeslegais@reag.com.br
Classe;32.287.811/0001-01;2026-01-01;1;2026-02-13;CMX REALTY III FUNDO DE INVESTIMENTO IMOBILIARIO;2021-10-15;INVESTIDOR PROFISSIONAL;1;107671.3757;N;N;;Multicategoria;Ativa;Indeterminado;;31/12;N;N;S;N;N;MASTER SA CCTVM;33886862000112;PRAIA DE BOTAFOGO;228;1702;BOTAFOGO;RIO DE JANEIRO;RJ;22250906;2145020100;;;www.mastercctvm.com.br;contabilidade.fundos@mastercctvm.com.br
Classe;32.317.313/0001-64;2026-01-01;1;2026-02-12;EVEN II KINEA FII RESPONSABILIDADE LIMITADA;2020-02-13;INVESTIDOR QUALIFICADO E PROFISSIONAL;BRKEVECTF007;147700.99711;N;N;;Residencial;Definida;Determinado;2027-02-13;30/06;S;N;N;S;N;INTRAG DISTRIBUIDORA DE TÍTULOS E VALORES MOBILIÁRIOS LTDA;62418140000131;AV BRIGADEIRO FARIA LIMA;3400;10º Andar;ITAIM BIBI;SÃO PAULO;SP;04538132;55 (11) 30726012;;;www.intrag.com.br;produtosestruturados@itau-unibanco.com.br
Classe;32.388.168/0001-02;2026-01-01;1;2026-02-06;SERRA FUNDO DE INVESTIMENTO IMOBILIÁRIO;2024-06-18;INVESTIDOR PROFISSIONAL;BR02ENCTF001;244.48125095;N;N;;Outros;Ativa;Indeterminado;;31/12;N;S;N;N;S;PLANNER CORRETORA DE VALORES S.A.;00806535000154;Avenida Brigadeiro Faria Lima;3900;10º andar;Itaim Bibi;São Paulo;SP;04538132;(11) 2172-2600;0800 179 444;(11) 2172-2667;www.planner.com.br;inforegulatorio@planner.com.br
Classe;32.400.250/0001-05;2026-01-01;1;2026-02-11;VECTIS JUROS REAL FUNDO DE INVESTIMENTO IMOBILIÁRIO - FII;2019-10-09;INVESTIDORES EM GERAL;BRVCJRCTF005;14723970;N;N;;Outros;Ativa;Indeterminado;;30/06;S;N;N;S;N;INTRAG DISTRIBUIDORA DE TÍTULOS E VALORES MOBILIÁRIOS LTDA;62418140000131;AV BRIGADEIRO FARIA LIMA;3400;10º Andar;ITAIM BIBI;SÃO PAULO;SP;04538132;55 (11) 30726012;;;www.intrag.com.br;produtosestruturados@itau-unibanco.com.br
Classe;32.441.656/0001-36;2026-01-01;1;2026-02-13;RBR DESEN III FII RL;2019-04-26;INVESTIDOR QUALIFICADO;BRRBRICTF007;139665;N;N;;Multicategoria;Ativa;Indeterminado;;30/06;N;N;S;N;N;BTG PACTUAL SERVICOS FINANCEIROS S/A DTVM;59281253000123;Praia de Botafogo;501;6º Andar;Botafogo;Rio de Janeiro;RJ;22.250-040;55 11 3383-3102;;;www.btgpactual.com;ri.fundoslistados@btgpactual.com
Classe;32.527.552/0001-49;2026-01-01;1;2026-02-13;VIC DESENVOLVIMENTO 20/21 FII;2022-07-29;INVESTIDOR QUALIFICADO;BRVIDSCTF003;94603;N;N;;Multicategoria;Ativa;Indeterminado;;30/06;S;S;N;S;N;BANCO GENIAL S.A.;45246410000155;Praia de Botafogo;228;9º Andar;Botafogo;Rio de Janeiro;RJ;22250-906;(21 )3923-3000;(21 )3923-3046;;www.genialinvestimentos.com.br;structured-funds@genial.com.vc
Classe;32.527.626/0001-47;2026-01-01;1;2026-02-11;NEWPORT LOGISTICA FII;2019-09-27;INVESTIDOR QUALIFICADO;BRNEWLCTF004;2810193;N;N;;Multicategoria;Ativa;Indeterminado;;31/12;S;N;N;S;N;BANCO GENIAL S.A.;45246410000155;Praia de Botafogo;228;9º Andar;Botafogo;Rio de Janeiro;RJ;22250-906;(21) 3923-3000;(21) 3923-3046;;www.genialinvestimentos.com.br;structured-funds@genial.com.vc
Classe;32.667.306/0001-92;2026-01-01;1;2026-02-13;FII M8 MULT RL;2019-05-17;INVESTIDOR PROFISSIONAL;BR017CCTF007;35564;N;N;;Multicategoria;Ativa;Indeterminado;;30/06;S;N;N;S;N;BTG PACTUAL SERVICOS FINANCEIROS S/A DTVM;59281253000123;Praia de Botafogo;501;6º Andar;Botafogo;Rio de Janeiro;RJ;22.250-040;55 11 3383-3102;;;www.btgpactual.com;ri.fundoslistados@btgpactual.com
Classe;32.754.734/0001-52;2026-01-01;1;2026-02-13;PATRIA AGRO FII RL;2019-11-07;INVESTIDORES EM GERAL;BRQAGRCTF005;5452634;N;N;;Outros;Ativa;Indeterminado;;30/06;S;N;N;S;N;BTG PACTUAL SERVICOS FINANCEIROS S/A DTVM;59281253000123;Praia de Botafogo;501;6º Andar;Botafogo;Rio de Janeiro;RJ;22.250-040;55 11 3383-3102;;;www.btgpactual.com;ri.fundoslistados@btgpactual.com
Classe;32.892.018/0001-31;2026-01-01;2;2026-03-03;HSI - MALLS FII RESP. LIMITADA;2019-07-30;INVESTIDORES EM GERAL;BRHSMLCTF007;21329976;N;N;;Shoppings;Ativa;Indeterminado;;30/06;S;N;N;S;N;SANTANDER CACEIS BRASIL DTVM S.A.;62318407000119;Rua Amador Bueno;474;;Santo Amaro;São Paulo;SP;04752-005;(11) 5538-5489;;;www.s3dtvm.com.br;SC_fundosimobiliarios@s3caceis.com.br
Classe;32.903.621/0001-71;2026-01-01;1;2026-02-13;HSI LOGÍSTICA FUNDO DE INVESTIMENTO IMOBILIÁRIO;2019-12-09;INVESTIDORES EM GERAL;BRHSLGCTF009;12660067;N;N;;Logística;Ativa;Indeterminado;;30/06;S;N;N;S;N;BRL TRUST DTVM S.A.;13486793000142;Rua Alves Guimarães;1216;;Pinheiros;São Paulo;SP;05410-002;(11) 3509-0600;;;www.apexgroup.com/apex-brazil/;infolegal@apexgroup.com
Classe;32.903.661/0001-13;2026-01-01;1;2026-02-13;HSI LOG II FUNDO DE INVESTIMENTO IMOBILIÁRIO;2019-12-09;INVESTIDOR QUALIFICADO;;3372642.7205;S;N;;Logística;Ativa;Indeterminado;;30/06;N;N;S;N;N;BRL TRUST DTVM S.A.;13486793000142;Rua Alves Guimarães;1216;;Pinheiros;São Paulo;SP;05410-002;(11) 3509-0600;;;www.apexgroup.com/apex-brazil/;infolegal@apexgroup.com
Classe;33.046.142/0001-49;2026-01-01;2;2026-02-20;BTGP SHOPPINGS FII;2019-07-26;INVESTIDORES EM GERAL;BRBPMLCTF006;7441745;N;N;;Multicategoria;Ativa;Indeterminado;;30/06;N;N;N;N;N;BTG PACTUAL SERVICOS FINANCEIROS S/A DTVM;59281253000123;Praia de Botafogo;501;6º Andar;Botafogo;Rio de Janeiro;RJ;22.250-040;55 11 3383-3102;;;www.btgpactual.com;ri.fundoslistados@btgpactual.com
Classe;33.354.650/0001-94;2026-01-01;2;2026-02-11;AVM FII;2020-04-08;INVESTIDOR QUALIFICADO;BRFAVMCTF008;3459549;N;N;;Outros;Definida;Indeterminado;;31/12;N;N;S;N;N;INTER DTVM LTDA.;18945670000146;Avenida Barbacena;1219;21º andar;Santo Agostinho;Belo Horizonte;MG;30190-131;(31) 3614-5332;;;http://www.bancointer.com.br/inter-dtvm;ri.fii@interdtvm.com.br
Classe;33.554.611/0001-30;2026-01-01;1;2026-02-02;LOTEAR FUNDO DE INVESTIMENTO IMOBILIÁRIO;2020-10-15;INVESTIDOR PROFISSIONAL;BR0JK3CTF001;13852.42453792;S;N;;Outros;Ativa;Indeterminado;;31/12;N;N;S;N;N;MONETAR DTVM;12063256000127;Rua Joaquim Floriano, nº 100, 18º andar, Itaim Bibi, SP, CEP 4534000;100;18;ITAIM BIBI;SÃO PAULO;SP;4534000;(011) 3165-6000;;;www.terrainvestimentos.com.br;admfundos@terrainvestimentos.com.br
Classe;33.554.611/0001-30;2026-02-01;1;2026-03-03;LOTEAR FUNDO DE INVESTIMENTO IMOBILIÁRIO;2020-10-15;INVESTIDOR PROFISSIONAL;BR0JK3CTF001;13852.42453792;S;N;;Outros;Ativa;Indeterminado;;31/12;N;N;S;N;N;MONETAR DTVM;12063256000127;Rua Joaquim Floriano, nº 100, 18º andar, Itaim Bibi, SP, CEP 4534000;100;18;ITAIM BIBI;SÃO PAULO;SP;4534000;(011) 3165-6000;;;www.terrainvestimentos.com.br;admfundos@terrainvestimentos.com.br
Classe;33.701.455/0001-93;2026-01-01;1;2026-02-09;FRAM CAPITAL PENHA FUNDO DE INVESTIMENTO IMOBILIÁRIO;2020-06-09;INVESTIDOR QUALIFICADO;;55.55556023;N;N;;Outros;Ativa;Indeterminado;;31/12;N;N;S;N;N;OSLO CAPITAL DTVM;13673855000125;Rua Dr. Eduardo de Souza Aranha;153;4º andar;Vila Nova Conceição;São Paulo;SP;04543120;35133144;;;www.oslocapitaldtvm@.com;fiduciario@oslocapitaldtvm.com
Classe;33.701.485/0001-08;2026-01-01;1;2026-02-09;FRAM CAPITAL TESSEN FUNDO DE INVESTIMENTO IMOBILIÁRIO;2020-10-02;INVESTIDOR QUALIFICADO;;20;N;N;;Logística;Ativa;Indeterminado;;31/12;N;N;S;N;N;OSLO CAPITAL DTVM;13673855000125;Rua Dr. Eduardo de Souza Aranha;153;4º andar;Vila Nova Conceição;São Paulo;SP;04543120;35133144;;;www.oslocapitaldtvm.com;fiduciario@oslocapitaldtvm.com
Classe;33.701.501/0001-54;2026-01-01;1;2026-02-12;FII AUREA EXTREMA RESP LTDA;2021-06-28;INVESTIDOR QUALIFICADO E PROFISSIONAL;BR0LTACTF002;64327;N;N;;Logística;Ativa;Indeterminado;;30/12;N;N;S;N;N;VÓRTX DTVM LTDA;22610500000188;Rua Gilberto Sabino;215;4º ANDAR;Pinheiros;São Paulo;SP;5425020;11 3030-7177;;;www.vortx.com.br;fundos@vortx.com.br
Classe;33.701.887/0001-02;2026-01-01;1;2026-02-10;INTRABANK FUNDO DE INVESTIMENTO IMOBILIÁRIO;2020-11-04;INVESTIDORES EM GERAL;BR0EKVCTF002;52522.02003146;N;N;;Multicategoria;Ativa;Indeterminado;;31/12;N;N;S;N;N;TRUSTEE DISTRIBUIDORA DE TITULOS E VALORES MOBILIARIOS LTDA.;67030395000146;Avenida Brigadeiro Faria Lima;3.732;11º e 12º andar;Itaim Bibi;São Paulo;SP;04538-132;0800 930 0930;;;www.trusteedtvm.com.br;ouvidoria@trusteedtvm.com.br
Classe;33.842.871/0001-01;2026-01-01;1;2026-02-09;YORK FII;2019-05-24;INVESTIDOR PROFISSIONAL;BR028UCTF006;133620;N;N;;Multicategoria;Ativa;Indeterminado;;31/12;N;N;S;N;N;BRL TRUST DTVM S.A.;13486793000142;Rua Alves Guimarães;1216;;Pinheiros;São Paulo;SP;05410-002;(11) 3509-0600;;;www.apexgroup.com/apex-brazil/;infolegal@apexgroup.com
Classe;33.884.145/0001-51;2026-01-01;1;2026-02-10;FARIA LIMA CAPITAL RECEBÍVEIS IMOBILIÁRIOS I - FII;2019-05-24;INVESTIDORES EM GERAL;BRFLCRCTF004;751844;N;N;;Outros;Ativa;Indeterminado;;31/12;S;N;N;S;N;BRL TRUST DTVM S.A.;13486793000142;Rua Alves Guimarães;1216;;Pinheiros;São Paulo;SP;05410-002;(11) 3509-0600;;;https://www.apexgroup.com/apex-brazil/;infolegal@apexgroup.com
Classe;33.884.197/0001-28;2026-01-01;1;2026-02-10;SÃO MIGUEL DOS MILAGRES FUNDO DE INVESTIMENTO IMOBILIARIO;2019-08-15;INVESTIDORES EM GERAL;BR0EMLCTF009;28368.55958341;N;N;;Multicategoria;Ativa;Indeterminado;;31/12;S;S;N;S;N;TRUSTEE DISTRIBUIDORA DE TITULOS E VALORES MOBILIARIOS LTDA.;67030395000146;Avenida Brigadeiro Faria Lima;3.732;11º e 12º andar;Itaim Bibi;São Paulo;SP;04538-132;0800 930 0930;;;www.trusteedtvm.com.br;ouvidoria@trusteedtvm.com.br
Classe;34.027.774/0001-28;2026-01-01;1;2026-02-10;FII RB CAPITAL I FOF;2020-02-20;INVESTIDORES EM GERAL;BRRFOFCTF001;767206.99999608;N;N;;Outros;Ativa;Indeterminado;;31/12;S;N;N;S;N;BRL TRUST DTVM S.A.;13486793000142;Rua Alves Guimarães;1216;;Pinheiros;São Paulo;SP;05410-002;(11) 3509-0600;;;www.apexgroup.com/apex-brazil/;infolegal@apexgroup.com
Classe;34.081.631/0001-02;2026-01-01;1;2026-02-13;FUNDO DE INVESTIMENTO IMOBILIÁRIO HOUSI;2020-02-17;INVESTIDORES EM GERAL;BRHOSICTF009;573450;N;N;;Residencial;Ativa;Indeterminado;;31/12;S;N;N;S;N;VÓRTX DTVM LTDA;22610500000188;Rua Gilberto Sabino;215;4º ANDAR;Pinheiros;São Paulo;SP;5425020;11 3030-7177;;;www.vortx.com.br;fundos@vortx.com.br
Classe;34.081.637/0001-71;2026-01-01;2;2026-02-23;BLUEMACAW LOGÍSTICA FUNDO INVESTIMENTO;2020-10-21;INVESTIDORES EM GERAL;BRBLMGCTF005;4674548;N;N;;Multicategoria;Ativa;Indeterminado;;31/12;S;N;N;S;N;VÓRTX DTVM LTDA;22610500000188;Rua Gilberto Sabino;215;4º ANDAR;Pinheiros;São Paulo;SP;5425020;11 3030-7177;;;www.vortx.com.br;fundos@vortx.com.br
Classe;34.197.700/0001-30;2026-01-01;1;2026-02-13;G5 CIDADE NOVA FUNDO DE INVESTIMENTO IMOBILIÁRIO;2019-11-06;INVESTIDOR QUALIFICADO;BRTCINCTF000;853454.8976;N;N;;Outros;Ativa;Indeterminado;;31/12;S;S;N;S;N;SINGULARE CORRETORA DE TITULOS E VALORES MOBILIARIOS S.A;62285390000140;AVENIDA REBOUÇAS;2942;7º AO 12º ANDAR;PINHEIROS;SÃO PAULO;SP;05402-500;(11) 2827-3500;;;https://qitech.com.br/dtvm/;fii.adm@qitech.com.br
Classe;34.197.776/0001-65;2026-01-01;1;2026-02-13;MOGNO HOTEIS FII RL;2019-11-08;INVESTIDORES EM GERAL;BRMGHTCTF005;1313784;N;N;;Hotel;Ativa;Indeterminado;;30/06;S;N;N;S;N;BTG PACTUAL SERVICOS FINANCEIROS S/A DTVM;59281253000123;Praia de Botafogo;501;6º Andar;Botafogo;Rio de Janeiro;RJ;22.250-040;55 11 3383-3102;;;www.btgpactual.com;ri.fundoslistados@btgpactual.com
Classe;34.197.811/0001-46;2026-01-01;1;2026-02-13;VALORA CRI FII RL;2020-03-18;INVESTIDORES EM GERAL;BRVGIPCTF002;11787247;N;N;;Multicategoria;Ativa;Indeterminado;;30/06;S;N;N;S;N;BTG PACTUAL SERVICOS FINANCEIROS S/A DTVM;59281253000123;Praia de Botafogo;501;6º Andar;Botafogo;Rio de Janeiro;RJ;22.250-040;55 11 3383-3102;;;www.btgpactual.com;ri.fundoslistados@btgpactual.com
Classe;34.508.872/0001-87;2026-01-01;1;2026-02-13;URCA PRIME RENDA FI IMOBILIÁRIO;2019-12-10;INVESTIDORES EM GERAL;BRURPRCTF002;11733895;N;N;;Outros;Ativa;Indeterminado;;31/12;N;N;S;N;N;VÓRTX DTVM LTDA;22610500000188;Rua Gilberto Sabino;215;4º ANDAR;Pinheiros;São Paulo;SP;5425020;11 3030-7177;;;www.vortx.com.br;fundos@vortx.com.br
Classe;34.508.959/0001-54;2026-01-01;2;2026-02-24;FII HECTARE RECEBÍVEIS HIGH GRADE;2021-02-04;INVESTIDORES EM GERAL;BRHCHGCTF001;1200000;N;N;;Outros;Ativa;Indeterminado;;31/12;S;N;N;S;N;VÓRTX DTVM LTDA;22610500000188;Rua Gilberto Sabino;215;4º ANDAR;Pinheiros;São Paulo;SP;5425020;11 3030-7177;;;www.vortx.com.br;fundos@vortx.com.br
Classe;34.509.007/0001-55;2026-01-01;1;2026-03-03;FII JAPURA;2019-12-19;INVESTIDOR QUALIFICADO;0;772497.18065818;N;N;;Outros;Ativa;Indeterminado;;31/12;N;N;S;N;N;REAG DISTRIBUIDORA DE TITULOS E VALORES MOBILIARIOS SA;34829992000186;Avenida Brigadeiro Faria Lima;2277;17º andar;Jardim Paulistano;São Paulo;SP;01452-000;(11) 3504-6800;;;www.reag.com.br;informeslegais@reag.com.br
Classe;34.547.078/0001-42;2026-01-01;1;2026-02-10;FII REAG III;2020-12-14;INVESTIDOR PROFISSIONAL;0;151735.46893692;N;N;;Outros;Ativa;Indeterminado;;31/06;N;N;S;N;N;REAG DISTRIBUIDORA DE TITULOS E VALORES MOBILIARIOS SA;34829992000186;Avenida Brigadeiro Faria Lima;2277;17º andar;Jardim Paulistano;São Paulo;SP;01452-000;(11) 3504-6800;;;www.reag.com.br;informeslegais@reag.com.br
Classe;34.598.181/0001-11;2026-01-01;1;2026-02-10;INTER LOGÍSTICO FII;2019-11-28;INVESTIDORES EM GERAL;BRINLGCTF008;4512103;N;N;;Logística;Ativa;Indeterminado;;31/12;S;N;N;S;N;INTER DTVM LTDA.;18945670000146;AV BARBACENA;1219;21º ANDAR;SANTO AGOSTINHO;Belo Horizonte;MG;30190131;3136145332;;;http://www.bancointer.com.br/inter-dtvm;ri.fii@interdtvm.com.br
Classe;34.691.520/0001-00;2026-01-01;1;2026-02-13;CAPITANIA HBC II FII;2019-09-26;INVESTIDORES EM GERAL;BREVBICTF007;67825745;N;N;;Multicategoria;Ativa;Indeterminado;;30/06;S;N;N;S;N;BTG PACTUAL SERVICOS FINANCEIROS S/A DTVM;59281253000123;Praia de Botafogo;501;6º Andar;Botafogo;Rio de Janeiro;RJ;22.250-040;55 11 3383-3102;;;www.btgpactual.com;ri.fundoslistados@btgpactual.com
Classe;34.691.925/0001-48;2026-01-01;1;2026-02-10;IMMOB III FUNDO DE INVESTIMENTO IMOBILIARIO - FII;2019-11-27;INVESTIDOR PROFISSIONAL;BRFMOBCTF019;408817;S;N;;Multicategoria;Ativa;Indeterminado;;31/12;S;S;N;S;S;BEM DTVM LTDA;00066670000100;Núcleo Cidade de Deus;S/N;Prédio Prata - 4º Andar;Vila Yara;Osasco;SP;06029-900;(11) 3684-4522;;;www.bradescobemdtvm.com.br;bemdtvm@bradesco.com.br
Classe;34.736.474/0001-18;2026-01-01;1;2026-02-13;RBR DESENVOLVIMENTO COMERCIAL I FII;2019-08-23;INVESTIDOR PROFISSIONAL;BRRDCICTF005;3054449;N;N;;Multicategoria;Ativa;Determinado;2025-09-25;30/06;N;N;S;N;N;BRL TRUST DTVM S.A.;13486793000142;Rua Alves Guimarães;1216;;Pinheiros;São Paulo;SP;05410-002;(11) 3509-0600;;;www.apexgroup.com/apex-brazil/;infolegal@apexgroup.com
Classe;34.736.510/0001-43;2026-01-01;1;2026-02-10;PERFORMA REAL ESTATE - FUNDO DE INVESTIMENTO IMOBILIÁRIO;2020-11-24;INVESTIDORES EM GERAL;BRPEMACTF003;552000;N;N;;Multicategoria;Ativa;Indeterminado;;31/12;S;N;N;S;N;BRL TRUST DTVM S.A.;13486793000142;Rua Alves Guimarães;1216;;Pinheiros;São Paulo;SP;05410-002;(11) 3509-0600;;;www.apexgroup.com/apex-brazil/;infolegal@apexgroup.com
Classe;34.835.191/0001-23;2026-01-01;1;2026-02-10;INTER RESIDENCE FII;2019-12-09;INVESTIDORES EM GERAL;BRINRDCTF002;1130086;N;N;;Residencial;Ativa;Indeterminado;;30/06;S;N;N;S;N;INTER DTVM LTDA.;18945670000146;AV BARBACENA;1219;21º ANDAR;SANTO AGOSTINHO;Belo Horizonte;MG;30190131;3136145332;;;http://www.bancointer.com.br/inter-dtvm;ri.fii@interdtvm.com.br
Classe;34.847.042/0001-84;2026-01-01;1;2026-02-10;TISHMAN SPEYER RENDA CORPORATIVA FUNDO DE INV IMOBILIÁRIO;2021-03-31;INVESTIDORES EM GERAL;BRTSERCTF006;1485504;N;N;;Escritórios;Ativa;Indeterminado;;31/12;S;N;N;S;N;BRL TRUST DTVM S.A.;13486793000142;Rua Alves Guimarães;1216;;Pinheiros;São Paulo;SP;05410-002;(11) 3509-0600;;;www.apexgroup.com/apex-brazil/;infolegal@apexgroup.com
Classe;34.867.728/0001-37;2026-01-01;1;2026-02-12;HIRE LOG I  FII RESP LIMITADA;2021-05-03;INVESTIDOR QUALIFICADO;BRHILGCTF000;526253.6212;N;N;;Logística;Definida;Determinado;2031-05-01;31/12;S;N;N;S;N;VÓRTX DTVM LTDA;22610500000188;Rua Gilberto Sabino;215;4º ANDAR;Pinheiros;São Paulo;SP;5425020;11 3030-7177;;;www.vortx.com.br;fundos@vortx.com.br
Classe;34.895.711/0001-93;2026-01-01;1;2026-02-13;CIVITAS - FUNDO DE INVESTIMENTO IMOBILIÁRIO;2019-10-22;INVESTIDOR QUALIFICADO;;21663.0146;N;N;;Multicategoria;Ativa;Indeterminado;;31/12;N;N;S;N;N;BRL TRUST DTVM S.A.;13486793000142;Rua Alves Guimarães;1216;;Pinheiros;São Paulo;SP;05410-002;(11) 3509-0600;;;www.apexgroup.com/apex-brazil/;infolegal@apexgroup.com
Classe;34.895.752/0001-80;2026-01-01;1;2026-02-13;BRIO REAL ESTATE III FUNDO DE INVESTIMENTO IMOBILIÁRIO;2020-10-23;INVESTIDORES EM GERAL;BRBRIPCTF001;215475;N;N;;Multicategoria;Ativa;Determinado;2026-10-16;30/06;S;N;N;S;N;BRL TRUST DTVM S.A.;13486793000142;Rua Alves Guimarães;1216;;Pinheiros;São Paulo;SP;05410-002;(11) 3509-0600;;;www.apexgroup.com/apex-brazil/;infolegal@apexgroup.com
Classe;34.895.894/0001-47;2026-01-01;1;2026-02-13;VBI OFFICE FUND II FII;2019-12-27;INVESTIDORES EM GERAL;BRBLMOCTF009;994814;N;N;;Escritórios;Ativa;Determinado;2023-12-27;31/12;S;N;N;S;N;BRL TRUST DTVM S.A.;13486793000142;Rua Alves Guimarães;1216;;Pinheiros;São Paulo;SP;05410-002;(11) 3509-0600;;;www.apexgroup.com/apex-brazil/;infolegal@apexgroup.com
Classe;35.360.651/0001-77;2026-01-01;1;2026-02-13;BE IN RIO FII RESP LTDA;2019-11-08;INVESTIDOR QUALIFICADO;BRBRIXCTF005;118735.7149;N;N;;Outros;Ativa;Indeterminado;;31/12;S;N;N;S;N;BRL TRUST DTVM S.A.;13486793000142;Rua Alves Guimarães;1216;;Pinheiros;São Paulo;SP;05410-002;(11) 3509-0600;;;www.apexgroup.com/apex-brazil/;infolegal@apexgroup.com
Classe;35.360.687/0001-50;2026-01-01;1;2026-02-13;HSI ATIVOS FINANCEIROS FUNDO DE INVESTIMENTO IMOBILIÁRIO;2020-09-03;INVESTIDORES EM GERAL;BRHSAFCTF004;2526360;N;N;;Outros;Ativa;Indeterminado;;30/06;S;N;N;S;N;BRL TRUST DTVM S.A.;13486793000142;Rua Alves Guimarães;1216;;Pinheiros;São Paulo;SP;05410-002;(11) 3509-0600;;;www.apexgroup.com/apex-brazil/;infolegal@apexgroup.com
Classe;35.449.574/0001-26;2026-01-01;1;2026-02-13;LOTE M2 FUNDO DE INVESTIMENTO IMOBILIÁRIO;2020-12-03;INVESTIDOR QUALIFICADO;BR0451CTF007;58162833.23;N;N;;Shoppings;Ativa;Indeterminado;;12/2025;N;N;S;N;N;QORE DISTRIBUIDORA DE TÍTULOS E VALORES MOBILIÁRIOS LTDA.;62264924000152;RUA FIDÊNCIO RAMOS,;302;TORRE B -10 ANDAR CJTO 101;VILA OLÍMPIA;SÃO PAULO;SP;04551-010;(11) 4858-3270;;;qore.com.br;informesregulatorios@qore.com.br
Classe;35.507.262/0001-21;2026-01-01;1;2026-02-12;HEDGE RECEBÍVEIS IMOBILIÁRIOS FUNDO DE INVESTIMENTO IMOB;2019-10-14;INVESTIDORES EM GERAL;BRHRECCTF005;51685917;N;N;;Multicategoria;Ativa;Indeterminado;;30/06;S;N;N;S;N;HEDGE INVESTMENTS DTVM LTDA;07253654000176;AVENIDA BRIGADEIRO FARIA LIMA;3600;11º ANDAR CJ 112;ITAIM BIBI;SÃO PAULO;SP;04538-132;(11) 5412-5400;;;www.hedgeinvest.com.br;dtvm@hedgeinvest.com.br
Classe;35.507.457/0001-71;2026-01-01;1;2026-02-13;PATRIA SECURITIES FII - RESPONSABILIDADE LIMITADA;2022-02-04;INVESTIDORES EM GERAL;BRRVBICTF009;18399378;N;N;;Outros;Ativa;Indeterminado;;30/06;N;N;S;N;N;BRL TRUST DTVM S.A.;13486793000142;Rua Alves Guimarães;1216;;Pinheiros;São Paulo;SP;05410-002;(11) 3509-0600;;;www.apexgroup.com/apex-brazil/;infolegal@apexgroup.com
Classe;35.507.610/0001-60;2026-01-01;1;2026-02-12;BARZEL CD1 FII RESPONSABILIDADE LIMITADA;2020-11-12;INVESTIDOR PROFISSIONAL;;3538046.45;N;N;;Outros;Ativa;Indeterminado;;31/12;N;N;S;N;N;OURIBANK S.A. BANCO MULTIPLO;78632767000120;Av. Paulista;1728;Sobreloja, 2º, 3º, 4º, 5º e 7º andares;Bela Vista;São Paulo;SP;01310-919;4081-4402;4081-4576;4081-4444;ouribank.com;admfundos@ouribank.com
Classe;35.586.415/0001-73;2026-01-01;1;2026-02-12;HEDGE SHOPPING PARQUE DOM PEDRO FII;2019-12-17;INVESTIDORES EM GERAL;BRHPDPCTF003;3288000;N;N;;Shoppings;Definida;Indeterminado;;30/06;S;N;N;S;N;HEDGE INVESTMENTS DTVM LTDA;07253654000176;AVENIDA BRIGADEIRO FARIA LIMA;3600;11º ANDAR CJ 112;ITAIM BIBI;SÃO PAULO;SP;04538-132;(11) 5412-5400;;;www.hedgeinvest.com.br;dtvm@hedgeinvest.com.br
Classe;35.652.081/0001-99;2026-01-01;2;2026-02-19;GOLDEN LOG FII RL;2020-02-18;INVESTIDOR QUALIFICADO;BR03SPCTF004;341246;N;N;;Multicategoria;Ativa;Indeterminado;;30/06;N;N;S;N;N;BTG PACTUAL SERVICOS FINANCEIROS S/A DTVM;59281253000123;Praia de Botafogo;501;6º Andar;Botafogo;Rio de Janeiro;RJ;22.250-040;55 11 3383-3102;;;www.btgpactual.com;ri.fundoslistados@btgpactual.com
Classe;35.652.102/0001-76;2026-01-01;1;2026-02-13;VBI PRIME FII RL;2020-07-22;INVESTIDORES EM GERAL;BRPVBICTF003;27130067;N;N;;Escritórios;Ativa;Indeterminado;;30/06;S;N;N;S;N;BTG PACTUAL SERVICOS FINANCEIROS S/A DTVM;59281253000123;Praia de Botafogo;501;6º Andar;Botafogo;Rio de Janeiro;RJ;22.250-040;55 11 3383-3102;;;www.btgpactual.com;ri.fundoslistados@btgpactual.com
Classe;35.652.174/0001-13;2026-01-01;1;2026-02-13;FII RBR SPEC OPP RL;2020-08-12;INVESTIDOR PROFISSIONAL;BR04T0CTF001;461030;N;N;;Outros;Ativa;Determinado;2026-08-12;30/06;S;N;N;S;N;BTG PACTUAL SERVICOS FINANCEIROS S/A DTVM;59281253000123;Praia de Botafogo;501;6º Andar;Botafogo;Rio de Janeiro;RJ;22.250-040;55 11 3383-3102;;;www.btgpactual.com;ri.fundoslistados@btgpactual.com
Classe;35.652.227/0001-04;2026-01-01;1;2026-02-13;FII RB CAP LOG RL;2020-07-10;INVESTIDOR PROFISSIONAL;BR04U5CTF007;640199;N;N;;Logística;Ativa;Indeterminado;;30/06;S;N;N;S;N;BTG PACTUAL SERVICOS FINANCEIROS S/A DTVM;59281253000123;Praia de Botafogo;501;6º Andar;Botafogo;Rio de Janeiro;RJ;22.250-040;55 11 3383-3102;;;www.btgpactual.com;ri.fundoslistados@btgpactual.com
Classe;35.652.252/0001-80;2026-01-01;1;2026-02-13;NAVI TOTAL RE FII RL;2020-07-31;INVESTIDORES EM GERAL;BRNAVFCTF006;612282;N;N;;Outros;Ativa;Indeterminado;;30/06;N;N;S;N;N;BTG PACTUAL SERVICOS FINANCEIROS S/A DTVM;59281253000123;Praia de Botafogo;501;6º Andar;Botafogo;Rio de Janeiro;RJ;22.250-040;55 11 3383-3102;;;www.btgpactual.com;ri.fundoslistados@btgpactual.com
Classe;35.652.278/0001-28;2026-01-01;1;2026-02-13;RAIZZ RENDA LOG FII;2020-09-09;INVESTIDOR QUALIFICADO;BRBRLACTF007;5563126;N;N;;Logística;Ativa;Indeterminado;;30/06;S;N;N;S;N;BTG PACTUAL SERVICOS FINANCEIROS S/A DTVM;59281253000123;Praia de Botafogo;501;6º Andar;Botafogo;Rio de Janeiro;RJ;22.250-040;55 11 3383-3102;;;www.btgpactual.com;ri.fundoslistados@btgpactual.com
Classe;35.688.460/0001-39;2026-01-01;1;2026-02-12;HEDGE PALADIN DESIGN OFFICES FUNDO DE INVESTIMENTO IMOB;2021-06-14;INVESTIDOR QUALIFICADO;BRHDOFCTF007;3370000;N;N;;Escritórios;Ativa;Determinado;2028-10-28;30/06;S;N;N;S;N;HEDGE INVESTMENTS DTVM LTDA;07253654000176;AVENIDA BRIGADEIRO FARIA LIMA;3600;11º ANDAR CJ 112;ITAIM BIBI;SÃO PAULO;SP;04538-132;(11) 5412-5400;;;www.hedgeinvest.com.br;dtvm@hedgeinvest.com.br
Classe;35.689.497/0001-81;2026-01-01;1;2026-02-12;HEDGE SEED FUNDO DE INVESTIMENTO IMOBILIÁRIO;2021-07-27;INVESTIDOR PROFISSIONAL;BRSEEDCTF008;1640000;N;N;;Multicategoria;Ativa;Determinado;2026-12-12;30/06;S;N;N;S;N;HEDGE INVESTMENTS DTVM LTDA;07253654000176;AVENIDA BRIGADEIRO FARIA LIMA;3600;11º ANDAR CJ 112;ITAIM BIBI;SÃO PAULO;SP;04538-132;(11) 5412-5400;;;www.hedgeinvest.com.br;dtvm@hedgeinvest.com.br
Classe;35.689.670/0001-41;2026-01-01;1;2026-02-13;RBR DESENVOLVIMENTO COMERCIAL FEEDER FOF FII;2020-02-28;INVESTIDOR PROFISSIONAL;BRRCFFCTF006;323200;N;N;;Outros;Ativa;Determinado;2025-11-22;31/12;S;N;N;S;N;BRL TRUST DTVM S.A.;13486793000142;Rua Alves Guimarães;1216;;Pinheiros;São Paulo;SP;05410-002;(11) 3509-0600;;;www.apexgroup.com/apex-brazil/;infolegal@apexgroup.com
Classe;35.689.733/0001-60;2026-01-01;1;2026-02-10;XLPR FII RESPONSABILIDADE LIMITADA;2020-01-17;INVESTIDORES EM GERAL;BRRRCICTF005;481757;N;N;;Outros;Ativa;Indeterminado;;31/12;S;N;N;S;N;BRL TRUST DTVM S.A.;13486793000142;Rua Alves Guimarães;1216;;Pinheiros;São Paulo;SP;05410-002;(11) 3509-0600;;;www.apexgroup.com/apex-brazil/;infolegal@apexgroup.com
Classe;35.704.849/0001-20;2026-01-01;1;2026-02-06;MILETO - FUNDO DE INVESTIMENTO IMOBILIÁRIO;2020-02-04;INVESTIDOR PROFISSIONAL;;2201693.4442;N;N;;Multicategoria;Definida;Indeterminado;;31/12;N;N;S;N;N;BRL TRUST DTVM S.A.;13486793000142;Rua Alves Guimarães;1216;;Pinheiros;São Paulo;SP;05410-002;(11) 3509-0600;;;www.apexgroup.com/apex-brazil/;infolegal@apexgroup.com
Classe;35.705.463/0001-33;2026-01-01;1;2026-02-13;RBR LOG FUNDO DE INVESTIMENTO IMOBILIÁRIO;2020-01-02;INVESTIDOR PROFISSIONAL;BRRBRLCTF001;6687035;N;N;;Logística;Ativa;Indeterminado;;31/12;S;N;N;S;N;BRL TRUST DTVM S.A.;13486793000142;Rua Alves Guimarães;1216;;Pinheiros;São Paulo;SP;05410-002;(11) 3509-0600;;;www.apexgroup.com/apex-brazil/;infolegal@apexgroup.com
Classe;35.705.542/0001-44;2026-01-01;1;2026-02-10;JACARANDA 02 FUNDO DE INVESTIMENTO IMOBILIARIO FII;2020-01-28;INVESTIDOR QUALIFICADO;BRJCDBCTF007;1042957.2531;N;N;;Multicategoria;Ativa;Indeterminado;;31/12;N;N;S;N;N;BRL TRUST DTVM S.A.;13486793000142;Rua Alves Guimarães;1216;;Pinheiros;São Paulo;SP;05410-002;(11) 3509-0600;;;www.apexgroup.com/apex-brazil/;infolegal@apexgroup.com
Classe;35.725.659/0001-90;2026-01-01;2;2026-02-18;CAPITAL RS FUNDO DE INVESTIMENTO IMOBILIARIO - FII;2020-09-02;INVESTIDOR QUALIFICADO;BR05J1CTF000;37754.86778822;N;N;;Multicategoria;Ativa;Indeterminado;;31/12;N;N;S;N;N;SINGULARE CORRETORA DE TITULOS E VALORES MOBILIARIOS S.A;62285390000140;AVENIDA REBOUÇAS;2942;7º AO 12º ANDAR;PINHEIROS;SÃO PAULO;SP;05402-500;(11) 2827-3500;;;https://qitech.com.br/dtvm/;fii.adm@qitech.com.br
Classe;35.754.164/0001-99;2026-01-01;1;2026-02-13;PÁTRIA LOGÍSTICA FII;2020-08-05;INVESTIDORES EM GERAL;BRPATLCTF003;4991535;N;N;;Logística;Ativa;Indeterminado;;31/12;S;N;N;S;N;VÓRTX DTVM LTDA;22610500000188;Rua Gilberto Sabino;215;4º ANDAR;Pinheiros;São Paulo;SP;5425020;11 3030-7177;;;www.vortx.com.br;fundos@vortx.com.br
Classe;35.755.044/0001-06;2026-01-01;1;2026-02-13;FUNDO DE INVESTIMENTO IMOBILIARIO XP EXETER;2020-12-03;INVESTIDOR PROFISSIONAL;BR05GMCTF001;154533.89335106;S;N;;Logística;Ativa;Indeterminado;;31/12;N;S;N;S;N;OLIVEIRA TRUST DTVM S.A.;36113876000191;Av. das Américas;3434;Bl. 7 Grupo 201;Barra da Tijuca;Rio de Janeiro;RJ;22640-102;(21) 3514-0000;;;www.oliveiratrust.com.br;ger2.fundos@oliveiratrust.com.br
Classe;35.755.232/0001-34;2026-01-01;1;2026-02-13;BRESCO COINVESTIMENTO I FUNDO DE INVESTIMENTO IMOBILIÁRIO;2021-03-12;INVESTIDOR QUALIFICADO E PROFISSIONAL;BR0GTXCTF004;117698.42168077;N;N;;Multicategoria;Ativa;Indeterminado;2029-03-12;31/12;N;N;S;N;N;OLIVEIRA TRUST DTVM S.A.;36113876000191;Av. das Américas;3434;Bl. 7 Grupo 201;Barra da Tijuca;Rio de Janeiro;RJ;22640-102;(21) 3514-0000;;;www.oliveiratrust.com.br;ger2.fundos@oliveiratrust.com.br
Classe;35.765.826/0001-26;2026-01-01;1;2026-02-13;ARCH EDIFICIOS CORPORATIVOS FII;2020-09-02;INVESTIDORES EM GERAL;BRAIECCTF009;4824987;N;N;;Escritórios;Ativa;Indeterminado;;31/12;S;N;N;S;N;MAF DTVM S.A.;36864992000142;Rua Alves Guimarães;1216;;Pinheiros;São Paulo;SP;05410-002;(11) 3509 - 0600;;;www.apexgroup.com/apex-brazil/;infolegal@apexgroup.com
Classe;35.765.889/0001-82;2026-01-01;1;2026-02-13;JACARANDÁ FUNDO DE INVESTIMENTO IMOBILIÁRIO.;2020-10-06;INVESTIDOR PROFISSIONAL;BR05KXCTF018;2322238.7854156;S;N;;Outros;Ativa;Indeterminado;;31/12;N;N;S;N;N;LIONS TRUST DTVM LTDA.;40768766000135;AVENIDA BRIGADEIRO FARIA LIMA;2012;14 ANDAR CJ 141;JARDIM PAULISTANO;SÃO PAULO;SP;01451919;11 50535880;;;https://www.lionstrust.com.br/;lionstrust@lionstrust.com.br
Classe;35.765.907/0001-26;2026-01-01;1;2026-02-13;GOLGI FII;2020-04-01;INVESTIDOR PROFISSIONAL;;29824491.4159;N;N;;Logística;Ativa;Indeterminado;;31/12;N;N;S;N;N;MAF DTVM;36864992000142;Rua Alves Guimarães;1216;;Pinheiros;São Paulo;SP;05410-002;(11) 3509-0600;;;www.apexgroup.com/apex-brazil/;infolegal@apexgroup.com
Classe;35.819.314/0001-03;2026-01-01;1;2026-02-10;JIVE ATIVOS IMOBILIÁRIOS III - FII;2020-11-17;INVESTIDOR QUALIFICADO;;881531660.340678;N;N;;Outros;Ativa;Indeterminado;;31/12;N;S;N;N;S;MODAL DTVM LTDA;05389174000101;Rua Alves Guimarães;1216;;Pinheiros;Sâo Paulo;SP;05410-002;(11) 3509-0600;;;https://www.apexgroup.com/apex-brazil/;infolegal@apexgroup.com
Classe;35.820.768/0001-96;2026-01-01;1;2026-02-09;ZION CAPITAL FUNDO DE INVESTIMENTO IMOBILIÁRIO - FII;2020-05-08;INVESTIDORES EM GERAL;BRZIFICTF000;47485;N;N;;Outros;Ativa;Indeterminado;;31/12;S;S;N;S;N;TRUSTEE DISTRIBUIDORA DE TITULOS E VALORES MOBILIARIOS LTDA.;67030395000146;Avenida Brigadeiro Faria Lima;3.732;11º e 12º andar;Itaim Bibi;São Paulo;SP;04538-132;0800 930 0930;;;www.trusteedtvm.com.br;ouvidoria@trusteedtvm.com.br
Classe;35.864.448/0001-38;2026-01-01;1;2026-02-12;KINEA SECURITIES FII RESPONSABILIDADE LIMITADA;2020-10-28;INVESTIDORES EM GERAL;BRKNSCCTF008;202202385;N;N;;Multicategoria;Ativa;Indeterminado;;30/06;S;N;N;S;N;INTRAG DISTRIBUIDORA DE TÍTULOS E VALORES MOBILIÁRIOS LTDA;62418140000131;AV BRIGADEIRO FARIA LIMA;3400;10º Andar;ITAIM BIBI;SÃO PAULO;SP;04538132;55 (11) 30726012;;;www.intrag.com.br;produtosestruturados@itau-unibanco.com.br
Classe;35.880.201/0001-05;2026-01-01;1;2026-02-10;DARP JIVE FUNDO DE INVEST. IMOBILIARIO;2020-12-22;INVESTIDOR PROFISSIONAL;;373790297.260055;N;N;;Outros;Ativa;Indeterminado;;31/12;N;S;N;N;S;MODAL DTVM LTDA;05389174000101;Rua Alves Guimarães;1216;;Pinheiros;Sâo Paulo;SP;05410-002;(11) 3509-0600;;;www.apexgroup.com/apex-brazil/;infolegal@apexgroup.com
Classe;36.098.375/0001-83;2026-01-01;2;2026-02-11;BTSP I FUNDO DE INVESTIMENTO IMOBILIÁRIO;2020-03-13;INVESTIDORES EM GERAL;BRBTSGCTF005;775015;N;N;;Logística;Ativa;Indeterminado;;31/12;S;N;N;S;N;INTER DTVM LTDA.;18945670000146;Avenida Barbacena;1219;21º andar;Santo Agostinho;Belo Horizonte;MG;30190-131;(31) 3614-5332;;;http://www.bancointer.com.br/inter-dtvm;ri.fii@interdtvm.com.br
Classe;36.200.654/0001-06;2026-01-01;1;2026-02-13;VINCI FULWOOD DESENV LOGÍSTICO FUNDO DE INVEST IMOBILIÁRIO;2021-02-25;INVESTIDOR QUALIFICADO;BR06X4CTF005;3247155.91672272;N;N;;Logística;Ativa;Determinado;2026-01-13;30/06;N;N;S;N;N;BRL TRUST DTVM S.A.;13486793000142;Rua Alves Guimarães;1216;;Pinheiros;São Paulo;SP;05410-002;(11) 3509-0600;;;www.apexgroup.com/apex-brazil/;infolegal@apexgroup.com
Classe;36.200.701/0001-11;2026-01-01;1;2026-02-09;TELLUS DESENVOLVIMENTO LOGÍSTICO FUNDO DE INV. IMOBILIÁRIO;2021-07-08;INVESTIDOR PROFISSIONAL;BRTELDCTF001;469760.1875;N;N;;Multicategoria;Ativa;Determinado;2029-11-24;31/12;N;N;S;N;N;BRL TRUST DTVM S.A.;13486793000142;Rua Alves Guimarães;1216;;Pinheiros;São Paulo;SP;05410-002;(11) 3509-0600;;;www.apexgroup.com/apex-brazil/;infolegal@apexgroup.com
Classe;36.244.015/0001-42;2026-01-01;1;2026-02-13;VERSALHES RECEBÍVEIS IMOBILIÁRIOS FII;2020-12-10;INVESTIDORES EM GERAL;BRVSLHCTF008;29864091;N;N;;Multicategoria;Ativa;Indeterminado;;30/06;N;N;S;N;N;VÓRTX DTVM LTDA;22610500000188;Rua Gilberto Sabino;215;4º ANDAR;Pinheiros;São Paulo;SP;5425020;11 3030-7177;;;www.vortx.com.br;fundos@vortx.com.br
Classe;36.258.924/0001-30;2026-01-01;1;2026-02-02;PIEMONTE - FUNDO DE INVESTIMENTO IMOBILIÁRIO;2021-05-20;INVESTIDOR QUALIFICADO;BR0MPRCTF002;71.89;N;S;;Multicategoria;Ativa;Indeterminado;;31/12;S;N;N;S;N;MONETAR DTVM;12063256000127;Rua Joaquim Floriano, nº 100, 18º andar, Itaim Bibi, SP, CEP 4534000;100;18;ITAIM BIBI;SÃO PAULO;SP;4534000;(011) 3165-6000;;;www.terrainvestimentos.com.br;admfundos@terrainvestimentos.com.br
Classe;36.258.924/0001-30;2026-02-01;1;2026-03-03;PIEMONTE - FUNDO DE INVESTIMENTO IMOBILIÁRIO;2021-05-20;INVESTIDOR QUALIFICADO;BR0MPRCTF002;71.89;N;S;;Multicategoria;Ativa;Indeterminado;;31/12;S;N;N;S;N;MONETAR DTVM;12063256000127;Rua Joaquim Floriano, nº 100, 18º andar, Itaim Bibi, SP, CEP 4534000;100;18;ITAIM BIBI;SÃO PAULO;SP;4534000;(011) 3165-6000;;;www.terrainvestimentos.com.br;admfundos@terrainvestimentos.com.br
Classe;36.293.425/0001-83;2026-01-01;2;2026-02-11;INTER TEVA ÍNDICE DE TIJOLO FII;2020-08-31;INVESTIDORES EM GERAL;BRITITCTF004;900494;N;N;;Outros;Definida;Indeterminado;;30/06;S;N;N;S;N;INTER DTVM LTDA.;18945670000146;AV BARBACENA;1219;21º ANDAR;SANTO AGOSTINHO;Belo Horizonte;MG;30190131;3136145332;;;http://www.bancointer.com.br/inter-dtvm;ri.fii@interdtvm.com.br
Classe;36.312.025/0001-78;2026-01-01;1;2026-02-17;POSITIVO III FUNDO DE INVESTIMENTO IMOBILIÁRIO - FII;2021-07-08;INVESTIDOR PROFISSIONAL;;250017.63238208;N;N;;Multicategoria;Definida;Indeterminado;;31/12;N;N;S;N;N;ID CORRETORA DE TITULOS E VALORES MOBILIARIOS S.A.;16695922000109;AV PRES JUSCELINO KUBITSCHEK;1726;19 ANDAR;VILA NOVA CONCEICAO;SÃO PAULO;SP;04543000;11 4637 6633;;;WWW.IDSF.COM.BR;administracao@idsf.com.br
Classe;36.312.772/0001-06;2026-01-01;2;2026-02-11;INTER TEVA ÍNDICE DE PAPEL FII;2021-02-23;INVESTIDORES EM GERAL;BRITIPCTF002;748151;N;N;;Outros;Definida;Indeterminado;;30/06;S;N;N;S;N;INTER DTVM LTDA.;18945670000146;AV BARBACENA;1219;21º ANDAR;SANTO AGOSTINHO;Belo Horizonte;MG;30190131;3136145332;;;http://www.bancointer.com.br/inter-dtvm;ri.fii@interdtvm.com.br
Classe;36.368.925/0001-37;2026-01-01;1;2026-02-13;TRX REAL ESTATE II FUNDO DE INVESTIMENTO IMOBILIÁRIO - FII;2020-03-16;INVESTIDOR PROFISSIONAL;BRTRXBCTF002;4066022;N;N;;Multicategoria;Definida;Determinado;2035-03-16;31/12;S;N;N;S;N;BRL TRUST DTVM S.A.;13486793000142;Rua Alves Guimarães;1216;;Pinheiros;São Paulo;SP;05410-002;(11) 3509-0600;;;www.apexgroup.com/apex-brazil/;infolegal@apexgroup.com
Classe;36.420.742/0001-13;2026-01-01;1;2026-02-12;MAUÁ CAPITAL LAJES CORPORATIVAS FII;2021-02-10;INVESTIDOR PROFISSIONAL;BR0PT4CTF002;10946233.9437804;N;N;;Multicategoria;Ativa;Indeterminado;;31/12;N;N;S;N;N;XP INVESTIMENTOS CORRETORA DE CÂMBIO, TÍTULOS E VAL MOB S/A;02332886000104;AVENIDA ATAULFO DE PAIVA;153;5º e 8º andares;LEBLON;RIO DE JANEIRO;RJ;22440-033;(11) 3027-2237;;;www.xpi.com.br;adm.fundos.estruturados@xpi.com.br
Classe;36.445.551/0001-06;2026-01-01;1;2026-02-13;YUCA FUNDO DE INVESTIMENTO IMOBILIARIO;2020-10-23;INVESTIDOR PROFISSIONAL;BRYUFICTF008;492650;N;N;;Residencial;Ativa;Indeterminado;;31/12;S;N;N;S;N;BRL TRUST DTVM S.A.;13486793000142;Rua Alves Guimarães;1216;;Pinheiros;São Paulo;SP;05410-002;(11) 3509-0600;;;www.apexgroup.com/apex-brazil/;infolegal@apexgroup.com
Classe;36.445.587/0001-90;2026-01-01;1;2026-02-13;VINCI IMÓVEIS URBANOS FII - RESP LTDA;2025-11-26;INVESTIDORES EM GERAL;BRVIURCTF009;26946220;N;N;;Outros;Definida;Indeterminado;;31/12;S;N;N;S;N;.BANCO DAYCOVAL S/A;62232889000190;Avenida Paulista;1793;2º Andar;Bela Vista;São Paulo;SP;01311200;0300 111 0500;11 4090-2223;11 3138-4061;https://www.daycoval.com.br/investimento;informes.regulatorios@bancodaycoval.com.br
Classe;36.501.128/0001-86;2026-01-01;1;2026-02-12;FUNDO DE INVESTIMENTO IMOBILIÁRIO RIZA TERRAX;2020-10-02;INVESTIDORES EM GERAL;BRRZTRCTF003;18851720;N;N;;Outros;Ativa;Indeterminado;;30/06;S;N;N;S;N;BANCO GENIAL S.A.;45246410000155;Praia de Botafogo;228;9 andar;Botafogo;Rio de Janeiro;RJ;22250-906;(11) 3524-8888;(11) 2137-8888;0800 605 888;https://www.genialinvestimentos.com.br/;middleadm@genial.com.vc
Classe;36.501.159/0001-37;2026-01-01;2;2026-02-19;FII HBC RENDA URBANA;2020-12-30;INVESTIDORES EM GERAL;BRHBCRCTF001;1600000;N;N;;Multicategoria;Ativa;Indeterminado;;30/06;S;N;N;S;N;BTG PACTUAL SERVICOS FINANCEIROS S/A DTVM;59281253000123;Praia de Botafogo;501;6º Andar;Botafogo;Rio de Janeiro;RJ;22.250-040;55 11 3383-3102;;;www.btgpactual.com;ri.fundoslistados@btgpactual.com
Classe;36.501.181/0001-87;2026-01-01;1;2026-02-13;JFL LIVING FII;2021-01-06;INVESTIDORES EM GERAL;BRJFLLCTF002;1500598;N;N;;Multicategoria;Ativa;Indeterminado;;31/12;S;N;N;S;N;VÓRTX DTVM LTDA;22610500000188;Rua Gilberto Sabino;215;4º ANDAR;Pinheiros;São Paulo;SP;5425020;11 3030-7177;;;www.vortx.com.br;fundos@vortx.com.br
Classe;36.501.198/0001-34;2026-01-01;1;2026-02-18;GENIAL LOGÍSTICA FUNDO DE INVESTIMENTO IMOBILIÁRIO;2021-03-03;INVESTIDOR QUALIFICADO;BRGLOGCTF000;750000;S;N;;Logística;Ativa;Indeterminado;;31/12;S;N;N;S;N;BANCO GENIAL S.A.;45246410000155;Praia de Botafogo;228;9º Andar;Botafogo;Rio de Janeiro;RJ;22250-906;(21) 3923-3000;(21) 3923-3046;;www.genialinvestimentos.com.br;structured-funds@genial.com.vc
Classe;36.501.210/0001-00;2026-01-01;1;2026-02-09;BARRA MALLS FUNDO DE INVESTIMENTO IMOBILIARIO;2019-12-11;INVESTIDORES EM GERAL;BRBTMLCTF008;1134132.23495008;N;N;;Shoppings;Ativa;Indeterminado;;30/06;S;N;N;S;N;RJI CTVM LTDA;42066258000130;AVENIDA RIO BRANCO;138;4º ANDAR - SALA 402;CENTRO;RIO DE JANERIO;RJ;20040-002;21-3500-4514;21-3500-4514;;www.rjicv.com.br;controladoria.fundos@rjicv.com.br
Classe;36.501.233/0001-15;2026-01-01;1;2026-02-13;CYRELA CRÉDITO - FUNDO DE INVESTIMENTO IMOBILIÁRIO;2019-12-11;INVESTIDORES EM GERAL;BRCYCRCTF004;36549445;N;N;;Outros;Ativa;Indeterminado;;30/06;S;N;N;S;N;BANCO GENIAL S.A.;45246410000155;Praia de Botafogo;228;9 ANDAR;Botafogo;Rio de Janeiro;RJ;222050-906;(11) 3524-8888;;;www.genialinvestimentos.com.br;structured-funds@genial.com.vc
Classe;36.501.249/0001-28;2026-01-01;1;2026-02-13;LWTC FUNDO DE INVESTIMENTO IMOBILIÁRIO;2019-12-11;INVESTIDOR PROFISSIONAL;BR0000000000;237059.33739217;N;N;;Hotel;Ativa;Indeterminado;;30/06;N;N;S;N;N;GENIAL INVESTIMENTOS CORRETORA DE VALORES MOBILIÁRIOS S.A.;27652684000162;PRAIA DE BOTAFOGO;228;9 ANDAR;BOTAFOGO;RIO DE JANEIRO;RJ;22250-906;(11) 3524-8888;0800 605 888;;https://www.genialinvestimentos.com.br/;middleadm@genial.com.vc
Classe;36.517.660/0001-91;2026-01-01;1;2026-02-13;RIO BRAVO RENDA RESIDENCIAL FII;2020-03-02;INVESTIDORES EM GERAL;BRRBRSCTF006;764452;N;N;;Residencial;Ativa;Indeterminado;;31/12;S;N;N;S;N;RIO BRAVO INVESTIMENTOS DTVM LTDA;72600026000181;AV. CHEDID JAFET;222;Conjunto 32 - BLOCO B;VILA OLÍMPIA;SÃO PAULO;SP;04551-065;(11) 3509-6600;;;www.riobravo.com.br;fundosimobiliarios@riobravo.com.br
Classe;36.532.530/0001-28;2026-01-01;1;2026-02-13;ALDEOTA FUNDO DE INVESTIMENTO IMOBILIÁRIO - FII;2023-09-04;INVESTIDOR PROFISSIONAL;BR0I6HCTF003;3600;N;N;;Multicategoria;Ativa;Indeterminado;;31/12;S;S;N;S;N;TRUSTEE DISTRIBUIDORA DE TITULOS E VALORES MOBILIARIOS LTDA.;67030395000146;Avenida Brigadeiro Faria Lima;3.732;11º e 12º andar;Itaim Bibi;São Paulo;SP;04538-132;0800 930 0930;;;www.trusteedtvm.com.br;ouvidoria@trusteedtvm.com.br
Classe;36.642.219/0001-31;2026-01-01;1;2026-02-13;RIZA AKIN FII RL;2020-12-21;INVESTIDORES EM GERAL;BRRZAKCTF008;8807885;N;N;;Multicategoria;Ativa;Indeterminado;;30/06;S;N;N;S;N;BTG PACTUAL SERVICOS FINANCEIROS S/A DTVM;59281253000123;Praia de Botafogo;501;6º Andar;Botafogo;Rio de Janeiro;RJ;22.250-040;55 11 3383-3102;;;www.btgpactual.com;ri.fundoslistados@btgpactual.com
Classe;36.642.244/0001-15;2026-01-01;1;2026-02-13;BTGP AGRO LOG FII;2021-01-28;INVESTIDORES EM GERAL;BRBTALCTF003;5982736;N;N;;Logística;Ativa;Indeterminado;;30/06;N;N;S;N;N;BTG PACTUAL SERVICOS FINANCEIROS S/A DTVM;59281253000123;Praia de Botafogo;501;6º Andar;Botafogo;Rio de Janeiro;RJ;22.250-040;55 11 3383-3102;;;www.btgpactual.com;ri.fundoslistados@btgpactual.com
Classe;36.642.275/0001-76;2026-01-01;1;2026-02-13;RBR DESENV IV FII RL;2020-11-19;INVESTIDOR QUALIFICADO;BR0JWICTF003;2623752;N;N;;Multicategoria;Ativa;Indeterminado;;30/06;N;N;S;N;N;BTG PACTUAL SERVICOS FINANCEIROS S/A DTVM;59281253000123;Praia de Botafogo;501;6º Andar;Botafogo;Rio de Janeiro;RJ;22.250-040;55 11 3383-3102;;;www.btgpactual.com;ri.fundoslistados@btgpactual.com
Classe;36.642.293/0001-58;2026-01-01;2;2026-02-18;AF INVEST CRI FII;2021-03-03;INVESTIDORES EM GERAL;BRAFHICTF005;4789190;N;N;;Multicategoria;Ativa;Indeterminado;;30/06;S;N;N;S;N;BTG PACTUAL SERVICOS FINANCEIROS S/A DTVM;59281253000123;Praia de Botafogo;501;6º Andar;Botafogo;Rio de Janeiro;RJ;22.250-040;55 11 3383-3102;;;www.btgpactual.com;ri.fundoslistados@btgpactual.com
Classe;36.642.311/0001-00;2026-01-01;1;2026-02-13;BTGP RE PRIME FII;2020-10-28;INVESTIDOR PROFISSIONAL;BR0LNLCTF002;1941075;N;N;;Outros;Ativa;Indeterminado;;31/12;N;N;S;N;N;BTG PACTUAL SERVICOS FINANCEIROS S/A DTVM;59281253000123;Praia de Botafogo;501;6º Andar;Botafogo;Rio de Janeiro;RJ;22.250-040;55 11 3383-3102;;;www.btgpactual.com;ri.fundoslistados@btgpactual.com
Classe;36.655.973/0001-06;2026-01-01;1;2026-02-13;MAUÁ CAP REAL FII RL;2021-06-14;INVESTIDORES EM GERAL;BRMCHYCTF004;111598921;N;N;;Multicategoria;Ativa;Indeterminado;;31/12;S;N;N;S;N;BTG PACTUAL SERVICOS FINANCEIROS S/A DTVM;59281253000123;Praia de Botafogo;501;6º Andar;Botafogo;Rio de Janeiro;RJ;22.250-040;55 11 3383-3102;;;www.btgpactual.com;ri.fundoslistados@btgpactual.com
Classe;36.669.535/0001-05;2026-01-01;1;2026-02-12;VENUS FUNDO DE INVESTIMENTO IMOBILIÁRIO;2020-11-20;INVESTIDOR QUALIFICADO;BRSALICTF000;79565;N;N;;Multicategoria;Definida;Indeterminado;;30/06;S;N;N;S;N;VÓRTX DTVM LTDA;22610500000188;Rua Gilberto Sabino;215;4º ANDAR;Pinheiros;São Paulo;SP;5425020;11 3030-7177;;;www.vortx.com.br;fundos@vortx.com.br
Classe;36.669.660/0001-07;2026-01-01;1;2026-02-09;KILIMA FUNDO DE INVEST EM COTAS DE FUNDOS IMOB SUNO 30;2020-10-08;INVESTIDORES EM GERAL;BRKISUCTF000;44196050;N;N;;Outros;Ativa;Indeterminado;;31/12;S;N;N;S;N;BRL TRUST DTVM S.A.;13486793000142;Rua Alves Guimarães;1216;;Pinheiros;São Paulo;SP;05410-002;(11) 3509-0600;;;www.apexgroup.com/apex-brazil/;infolegal@apexgroup.com
Classe;36.673.421/0001-20;2026-01-01;1;2026-02-12;FII MEZANINO ESTRUTURADO;2021-12-29;INVESTIDOR QUALIFICADO;BR0LTDCTF006;74908.4794;N;N;;Hotel;Definida;Indeterminado;;31/12;N;N;S;N;N;VÓRTX DTVM LTDA;22610500000188;Rua Gilberto Sabino;215;4º ANDAR;Pinheiros;São Paulo;SP;5425020;11 3030-7177;;;www.vortx.com.br;fundos@vortx.com.br
Classe;36.731.458/0001-68;2026-01-01;1;2026-02-17;KRONOS FUNDO DE INVESTIMENTO IMOBILIARIO;2020-05-27;INVESTIDOR PROFISSIONAL;;47229.2564;N;N;;Multicategoria;Ativa;Indeterminado;;31/12;N;N;S;N;N;ID CORRETORA DE TITULOS E VALORES MOBILIARIOS S.A.;16695922000109;AV PRES JUSCELINO KUBITSCHEK;1726;19 ANDAR;VILA NOVA CONCEICAO;SÃO PAULO;SP;04543000;11 4637 6633;;;WWW.IDSF.COM.BR;administracao@idsf.com.br
Classe;36.741.215/0001-00;2026-01-01;1;2026-03-03;FII STRUAN;2020-11-10;INVESTIDOR PROFISSIONAL;0;31193805.0801179;N;N;;Outros;Definida;Indeterminado;;31/12;N;N;S;N;N;REAG DISTRIBUIDORA DE TITULOS E VALORES MOBILIARIOS SA;34829992000186;Avenida Brigadeiro Faria Lima;2277;17º andar;Jardim Paulistano;São Paulo;SP;01452-000;(11) 3504-6800;;;www.reag.com.br;informeslegais@reag.com.br
Classe;36.771.692/0001-19;2026-01-01;1;2026-02-13;VALORA HEDGE FII;2021-02-26;INVESTIDORES EM GERAL;BRVGHFCTF005;164721683;N;N;;Outros;Definida;Indeterminado;;30/06;S;S;N;S;N;.BANCO DAYCOVAL S/A;62232889000190;Avenida Paulista;1793;2º Andar;Bela Vista;São Paulo;SP;01311200;0300 111 0500;11 3563-4389;11 3563-4318;www.daycoval.com.br/investimentos/servicos-fiduciarios;informes.regulatorios@bancodaycoval.com.br
Classe;36.814.809/0001-02;2026-01-01;1;2026-02-13;R CAP 1810 - FUNDO DE INVESTIMENTO IMOBILIÁRIO;2021-06-30;INVESTIDOR QUALIFICADO;BRXBXOCTF001;3042600;N;N;;Multicategoria;Ativa;Indeterminado;;12/2025;N;N;S;N;N;QORE DISTRIBUIDORA DE TÍTULOS E VALORES MOBILIÁRIOS LTDA.;62264924000152;RUA FIDÊNCIO RAMOS,;302;TORRE B -10 ANDAR CJTO 101;VILA OLÍMPIA;SÃO PAULO;SP;04551-010;(11) 4858-3270;;;qore.com.br;informesregulatorios@qore.com.br
Classe;36.846.817/0001-22;2026-01-01;1;2026-02-13;APOLLO 11 FII;2023-09-28;INVESTIDOR QUALIFICADO;;6300.4678;N;N;;Multicategoria;Definida;Indeterminado;;29/12;N;N;S;N;N;.BANCO DAYCOVAL S/A;62232889000190;Avenida Paulista;1793;2º Andar;Bela Vista;São Paulo;SP;01311200;0300 111 0500;11 3563-4389;11 3563-4318;www.daycoval.com.br/investimentos/servicos-fiduciarios;informes.regulatorios@bancodaycoval.com.br
Classe;36.885.948/0001-19;2026-01-01;1;2026-02-17;RADOMA 16 FUNDO DE INVESTIMENTO IMOBILIÁRIO - FII;2020-12-04;INVESTIDOR QUALIFICADO;;44820.58926127;N;N;;Shoppings;Ativa;Indeterminado;;31/12;N;N;S;N;N;ID CORRETORA DE TITULOS E VALORES MOBILIARIOS S.A.;16695922000109;AV PRES JUSCELINO KUBITSCHEK;1726;19 ANDAR;VILA NOVA CONCEICAO;SÃO PAULO;SP;04543000;11 4637 6633;;;WWW.IDSF.COM.BR;administracao@idsf.com.br
Classe;36.885.989/0001-05;2026-01-01;1;2026-02-13;ABEL 33 FUNDO DE INVESTIMENTO IMOBILIÁRIO DE RESP ILIMITADA;2020-12-04;INVESTIDOR QUALIFICADO;;64176.75;N;N;;Shoppings;Ativa;Indeterminado;;31/12;N;N;S;N;N;ID CORRETORA DE TITULOS E VALORES MOBILIARIOS S.A.;16695922000109;AV PRES JUSCELINO KUBITSCHEK;1726;19 ANDAR;VILA NOVA CONCEICAO;SÃO PAULO;SP;04543000;11 4637 6633;;;WWW.IDSF.COM.BR;administracao@idsf.com.br
Classe;36.930.464/0001-44;2026-01-01;2;2026-02-11;BTSP II FUNDO DE INVESTIMENTO IMOBILIÁRI;2021-06-01;INVESTIDORES EM GERAL;BRBTSICTF001;6373961;N;N;;Outros;Ativa;Indeterminado;;31/12;S;N;N;S;N;INTER DTVM LTDA.;18945670000146;AV BARBACENA;1219;21º ANDAR;SANTO AGOSTINHO;Belo Horizonte;MG;30190131;3136145332;;;http://www.bancointer.com.br/inter-dtvm;ri.fii@interdtvm.com.br
Classe;36.969.658/0001-53;2026-01-01;1;2026-03-03;ENERGY RESORT FUNDO DE INVESTIMENTO IMOBILIÁRIO;2020-11-10;INVESTIDOR PROFISSIONAL;0;762353.03714333;N;N;;Shoppings;Definida;Indeterminado;;31/12;N;N;S;N;N;REAG DISTRIBUIDORA DE TITULOS E VALORES MOBILIARIOS SA;34829992000186;Avenida Brigadeiro Faria Lima;2277;17º andar;Jardim Paulistano;São Paulo;SP;01452-000;(11) 3504-6800;;;www.reag.com.br;informeslegais@reag.com.br
Classe;37.087.810/0001-37;2026-01-01;1;2026-02-13;DEVANT RECEBÍVEIS IMOBILIÁRIOS FII;2020-08-26;INVESTIDORES EM GERAL;BRDEVACTF000;14044908;N;N;;Multicategoria;Ativa;Indeterminado;;31/12;S;N;N;S;N;VÓRTX DTVM LTDA;22610500000188;Rua Gilberto Sabino;215;4º ANDAR;Pinheiros;São Paulo;SP;5425020;11 3030-7177;;;www.vortx.com.br;fundos@vortx.com.br
Classe;37.112.770/0001-36;2026-01-01;1;2026-02-13;FUNDO DE INVESTIMENTO IMOBILIÁRIO REC LOGÍSTICA;2020-09-10;INVESTIDORES EM GERAL;BRRELGCTF008;1334562;N;N;;Multicategoria;Ativa;Indeterminado;;31/12;S;N;N;S;N;BRL TRUST DTVM S.A.;13486793000142;Rua Alves Guimarães;1216;;Pinheiros;São Paulo;SP;05410-002;(11) 3509-0600;;;www.apexgroup.com/apex-brazil/;infolegal@apexgroup.com
Classe;37.180.091/0001-02;2026-01-01;1;2026-02-09;BB FUNDO DE FUNDOS - FUNDO DE INVESTIMENTO IMOBILIÁRIO;2020-12-22;INVESTIDORES EM GERAL;BRBBFOCTF004;4003900;N;N;;Multicategoria;Ativa;Indeterminado;;31/12;S;N;N;S;N;BB GESTAO DE RECURSOS DTVM S.A.;30822936000169;Avenida República do Chile;330;7º e 8º andares Torre Oeste;Centro;Rio de Janeiro;RJ;20031170;021-3808-7500;;;www.bb.com.br;bbasset.estruturados@bb.com.br
Classe;37.262.531/0001-62;2026-01-01;1;2026-02-13;XP IDEA!ZARVOS FUNDO DE INVESTIMENTO IMOBILIÁRIO;2020-10-29;INVESTIDOR QUALIFICADO E PROFISSIONAL;BR05WGCTF000;98902.19786;N;N;;Multicategoria;Ativa;Indeterminado;;31/12;S;N;N;S;N;OLIVEIRA TRUST DTVM S.A.;36113876000191;Av. das Américas;3434;Bl. 7 Grupo 201;Barra da Tijuca;Rio de Janeiro;RJ;22640-102;(21) 3514-0000;;;www.oliveiratrust.com.br;ger2.fundos@oliveiratrust.com.br
Classe;37.262.752/0001-30;2026-01-01;1;2026-02-13;LAGO DA PEDRA - FUNDO DE INVESTIMENTO IMOBILIÁRIO;2021-09-06;INVESTIDOR QUALIFICADO;BRLPLPCTF008;742484;N;N;;Residencial;Definida;Indeterminado;;31/12;S;N;N;S;N;OLIVEIRA TRUST DTVM S.A.;36113876000191;Av. das Américas;3434;Bl. 7 Grupo 201;Barra da Tijuca;Rio de Janeiro;RJ;22640-102;(21) 3514-0000;;;www.oliveiratrust.com.br;ger2.fundos@oliveiratrust.com.br
Classe;37.266.902/0001-84;2026-01-01;1;2026-02-13;ESTOQUE RESIDENCIAL E COMERCIAL RIO DE JANEIRO FII;2020-12-18;INVESTIDOR PROFISSIONAL;000000000000;2376;N;N;;Residencial;Definida;Indeterminado;;31/12;N;S;N;N;S;OLIVEIRA TRUST DTVM S.A.;36113876000191;Av. das Américas;3434;Bl. 7 Grupo 201;Barra da Tijuca;Rio de Janeiro;RJ;22640-102;(21) 3514-0000;;;www.oliveiratrust.com.br;ger2.fundos@oliveiratrust.com.br
Classe;37.295.919/0001-60;2026-01-01;1;2026-02-13;FII GUARDIAL LOGISTICA;2024-02-26;INVESTIDORES EM GERAL;BRGARECTF001;289186438;N;N;;Multicategoria;Ativa;Indeterminado;;31/12;S;S;N;S;N;.BANCO DAYCOVAL S/A;62232889000190;Avenida Paulista;1793;2º Andar;Bela Vista;São Paulo;SP;01311200;0300 111 0500;11 3563-4389;11 3563-4318;www.daycoval.com.br/investimentos/servicos-fiduciarios;informes.regulatorios@bancodaycoval.com.br
Classe;37.295.952/0001-90;2026-01-01;1;2026-02-13;FII FBV KEYDEV;2020-08-10;INVESTIDOR PROFISSIONAL;0;22207.80401631;N;N;;Outros;Ativa;Indeterminado;;31/12;N;N;S;N;N;REAG DISTRIBUIDORA DE TITULOS E VALORES MOBILIARIOS SA;34829992000186;Avenida Brigadeiro Faria Lima;2277;17º andar;Jardim Paulistano;São Paulo;SP;01452-000;(11) 3504-6800;;;www.reag.com.br;informeslegais@reag.com.br
Classe;37.433.832/0001-01;2026-01-01;1;2026-02-04;VÊNUS FUNDO DE INVESTIMENTO IMOBILIARIO;2024-01-30;INVESTIDOR PROFISSIONAL;;318583.26037373;N;N;;Hotel;Definida;Indeterminado;2050-01-01;31/12;N;N;S;N;N;WNT CAPITAL DTVM;45854066000187;AV BRIGADEIRO FARIA LIMA;3477;8 ANDAR;ITAIM BIBI;SÃO PAULO;SP;04538133;+55 (11) 3010-100;;;WWW.WNTDTVM.COM;ATENDIMENTO@WNTDTVM.COM
Classe;37.899.356/0001-19;2026-01-01;1;2026-02-13;FII CENU;2021-12-07;INVESTIDORES EM GERAL;BRCENUCTF007;1139780;N;N;;Multicategoria;Ativa;Indeterminado;;31/12;N;N;S;N;N;BTG PACTUAL SERVICOS FINANCEIROS S/A DTVM;59281253000123;Praia de Botafogo;501;6º Andar;Botafogo;Rio de Janeiro;RJ;22.250-040;55 11 3383-3102;;;www.btgpactual.com;ri.fundoslistados@btgpactual.com
Classe;37.899.400/0001-90;2026-01-01;1;2026-02-09;PANORAMA DESENVOLVIMENTO LOGÍSTICO - FII;2024-09-03;INVESTIDOR PROFISSIONAL;BRPNDLCTF000;144332;N;N;;Multicategoria;Ativa;Determinado;2025-09-30;31/12;S;N;N;S;N;BRL TRUST DTVM S.A.;13486793000142;Rua Alves Guimarães;1216;;Pinheiros;São Paulo;SP;05410-002;(11) 3509-0600;;;www.apexgroup.com/apex-brazil/;infolegal@apexgroup.com
Classe;37.899.479/0001-50;2026-01-01;1;2026-02-12;RIO BRAVO CRÉDITO IMOB HIGH YIELD FUNDO DE INV. IMOB. - FII;2020-12-16;INVESTIDORES EM GERAL;BRRBHYCTF005;1893505;N;N;;Outros;Ativa;Indeterminado;;31/12;S;N;N;S;N;BRL TRUST DTVM S.A.;13486793000142;Rua Alves Guimarães;1216;;Pinheiros;São Paulo;SP;05410-002;(11) 3509-0600;;;www.apexgroup.com/apex-brazil/;infolegal@apexgroup.com
Classe;37.931.298/0001-63;2026-01-01;1;2026-02-06;PETTRA - FUNDO DE INVESTIMENTO IMOBILIÁRIO;2020-11-20;INVESTIDOR PROFISSIONAL;BR0LTECTF004;1553281.61048459;N;N;;Multicategoria;Ativa;Indeterminado;;30/06;N;S;N;N;S;PLANNER CORRETORA DE VALORES S.A.;00806535000154;Avenida Brigadeiro Faria Lima;3900;10º andar;Itaim Bibi;São Paulo;SP;04538-132;(11) 2172-2600;0800 179 444;(11) 2172-2667;www.planner.com.br;inforegulatorio@planner.com.br
Classe;37.950.819/0001-20;2026-01-01;1;2026-02-13;CONTE BIANCAMANO FII;2021-05-10;INVESTIDOR QUALIFICADO;BR0L2UCTF000;480625452;N;N;;Outros;Definida;Indeterminado;;31/12;S;N;N;S;N;BTG PACTUAL SERVICOS FINANCEIROS S/A DTVM;59281253000123;Praia de Botafogo;501;6º Andar;Botafogo;Rio de Janeiro;RJ;22.250-040;55 11 3383-3102;;;www.btgpactual.com;ri.fundoslistados@btgpactual.com
Classe;38.293.862/0001-22;2026-01-01;1;2026-02-13;ALIANZA DIGITAL FII;2021-03-23;INVESTIDOR QUALIFICADO;BR0LM6CTF008;1309074;N;N;;Outros;Ativa;Indeterminado;;30/06;N;N;S;N;N;BTG PACTUAL SERVICOS FINANCEIROS S/A DTVM;59281253000123;Praia de Botafogo;501;6º Andar;Botafogo;Rio de Janeiro;RJ;22.250-040;55 11 3383-3102;;;www.btgpactual.com;ri.fundoslistados@btgpactual.com
Classe;38.293.897/0001-61;2026-01-01;1;2026-02-13;GALAPAGOS CRI FII;2020-12-15;INVESTIDORES EM GERAL;BRGCRICTF008;1453859;N;N;;Multicategoria;Ativa;Indeterminado;;30/06;S;N;N;S;N;BTG PACTUAL SERVICOS FINANCEIROS S/A DTVM;59281253000123;Praia de Botafogo;501;6º Andar;Botafogo;Rio de Janeiro;RJ;22.250-040;55 11 3383-3102;;;www.btgpactual.com;ri.fundoslistados@btgpactual.com
Classe;38.293.921/0001-62;2026-01-01;1;2026-02-12;DAYCOVAL RE MULTIESTRATÉGIA FII RL;2025-02-21;INVESTIDORES EM GERAL;BRASMTCTF013;17100937;N;N;;Outros;Definida;Indeterminado;;31/12;S;S;N;N;N;.BANCO DAYCOVAL S/A;62232889000190;Avenida Paulista;1793;2º Andar;Bela Vista;São Paulo;SP;01311200;0300 111 0500;11 3563-4389;11 3563-4318;www.daycoval.com.br/investimentos/servicos-fiduciarios;informes.regulatorios@bancodaycoval.com.br
Classe;38.294.086/0001-85;2026-01-01;1;2026-02-13;FII BTGP AAA CORP;2021-01-27;INVESTIDOR PROFISSIONAL;BRBPCACTF000;5000000;N;N;;Multicategoria;Ativa;Indeterminado;;31/12;N;N;S;N;N;BTG PACTUAL SERVICOS FINANCEIROS S/A DTVM;59281253000123;Praia de Botafogo;501;6º Andar;Botafogo;Rio de Janeiro;RJ;22.250-040;55 11 3383-3102;;;www.btgpactual.com;ri.fundoslistados@btgpactual.com
Classe;38.294.329/0001-85;2026-01-01;1;2026-02-13;CVPAR CRI FII RL;2021-09-09;INVESTIDOR PROFISSIONAL;BRCVPRCTF002;645783;N;N;;Outros;Ativa;Indeterminado;;31/12;N;N;S;N;N;BTG PACTUAL SERVICOS FINANCEIROS S/A DTVM;59281253000123;Praia de Botafogo;501;6º Andar;Botafogo;Rio de Janeiro;RJ;22.250-040;55 11 3383-3102;;;www.btgpactual.com;ri.fundoslistados@btgpactual.com
Classe;38.376.805/0001-07;2026-01-01;1;2026-02-10;IMMOB V DESENVOLVIMENTO FII;2020-10-01;INVESTIDOR PROFISSIONAL;BRIMMVCTF015;87884;S;N;;Multicategoria;Ativa;Indeterminado;;31/12;S;S;N;S;S;BEM DTVM LTDA;00066670000100;Núcleo Cidade de Deus;S/N;Prédio Prata - 4º Andar;Vila Yara;Osasco;SP;06029-900;(11) 3684-4522;;;www.bradescobemdtvm.com.br;bemdtvm@bradesco.com.br
Classe;38.456.508/0001-71;2026-01-01;1;2026-02-12;HGI FII RESP LIMITADA;2020-12-18;INVESTIDORES EM GERAL;BRHGICCTF009;462706.9622;N;N;;Multicategoria;Ativa;Indeterminado;;31/12;S;N;N;S;N;VÓRTX DTVM LTDA;22610500000188;Rua Gilberto Sabino;215;4º ANDAR;Pinheiros;São Paulo;SP;5425020;11 3030-7177;;;www.vortx.com.br;fundos@vortx.com.br
Classe;38.456.598/0001-09;2026-01-01;1;2026-02-12;FII ROOFTOP I;2020-11-26;INVESTIDOR QUALIFICADO;BRROOFCTF003;77495;N;N;;Multicategoria;Ativa;Determinado;2026-01-25;31/12;N;S;N;S;N;VÓRTX DTVM LTDA;22610500000188;Rua Gilberto Sabino;215;4º ANDAR;Pinheiros;São Paulo;SP;5425020;11 3030-7177;;;www.vortx.com.br;fundos@vortx.com.br
Classe;38.498.758/0001-74;2026-01-01;1;2026-02-13;IC LOTEAMENTOS E RECEBÍVEIS FII;2021-02-09;INVESTIDORES EM GERAL;BR07FHCTF009;2403057.6663;N;N;;Multicategoria;Ativa;Indeterminado;;30/12;N;N;S;N;N;VÓRTX DTVM LTDA;22610500000188;Rua Gilberto Sabino;215;4º ANDAR;Pinheiros;;SP;5425020;11 3030-7177;;;www.vortx.com.br;fundos@vortx.com.br
Classe;38.658.984/0001-75;2026-01-01;1;2026-02-12;FII CAIXA IMÓVEIS CORPORATIVOS;2020-12-29;INVESTIDORES EM GERAL;BRCXCOCTF003;3924500;N;N;;Multicategoria;Ativa;Indeterminado;;31/12;S;N;N;S;N;VÓRTX DTVM LTDA;22610500000188;Rua Gilberto Sabino;215;4º ANDAR;Pinheiros;São Paulo;SP;5425020;11 3030-7177;;;www.vortx.com.br;fundos@vortx.com.br
Classe;39.317.176/0001-07;2026-01-01;1;2026-02-09;TELLUS HEALTHCARE & MIXED USE FEEDER FII;2022-11-23;INVESTIDOR PROFISSIONAL;;40603.5461;N;N;;Outros;Ativa;Indeterminado;;31/12;N;N;S;N;N;BRL TRUST DTVM S.A.;13486793000142;Rua Alves Guimarães;1216;;Pinheiros;São Paulo;SP;05410-002;(11) 3509-0600;;;www.apexgroup.com/apex-brazil/;infolegal@apexgroup.com
Classe;39.332.032/0001-20;2026-01-01;1;2026-02-13;BRIO CRÉDITO ESTRUTURADO - FUNDO DE INVESTIMENTO IMOBILIÁRIO;2021-02-22;INVESTIDORES EM GERAL;BRBICECTF007;133414;N;N;;Outros;Ativa;Determinado;2028-02-22;30/06;S;S;N;S;N;BRL TRUST DTVM S.A.;13486793000142;Rua Alves Guimarães;1216;;Pinheiros;São Paulo;SP;05410-002;(11) 3509-0600;;;www.apexgroup.com/apex-brazil/;infolegal@apexgroup.com
Fundo;39.347.413/0001-82;2026-01-01;1;2026-02-12;F.I.I HOSPITAL UNIMED CAMPINA GRANDE RESPONS.LIMITADA;2020-12-22;INVESTIDORES EM GERAL;BRHUCGCTF004;1122000;N;N;;Hospital;Definida;Indeterminado;;31/12;S;N;N;S;N;COINVALORES CCVM LTDA;00336036000140;Avenida Brigadeiro Faria Lima;1800;2º andar;Jardim Paulistano;são Paulo;SP;01451-001;(11)3035-4143;(11)3035-4141;;www.coinvalores.com.br;admfundoimobiliario@coinvalores.com.br
Classe;39.583.723/0001-04;2026-01-01;1;2026-02-06;BII VENTURA FUNDO DE INVESTIMENTO IMOBIIÁRIO - FII;2021-01-28;INVESTIDOR QUALIFICADO;;39800.4630333;N;N;;Logística;Ativa;Indeterminado;;31/12;N;N;S;N;N;INTRA INVESTIMENTOS DTVM LTDA;15489568000195;RUA JOAQUIM FLORIANO;1120;5º ANDAR;ITAIM BIBI;SÃO PAULO;SP;04534004;(11) 31985151;;;www.intrainvestimentos.com.br;administracao.fundos@intrainvestimentos.com.br
Classe;39.583.723/0001-04;2026-02-01;1;2026-03-03;BII VENTURA FUNDO DE INVESTIMENTO IMOBIIÁRIO - FII;2021-01-28;INVESTIDOR QUALIFICADO;;39800.4630333;N;N;;Logística;Ativa;Indeterminado;;31/12;N;N;S;N;N;INTRA INVESTIMENTOS DTVM LTDA;15489568000195;RUA JOAQUIM FLORIANO;1120;5º ANDAR;ITAIM BIBI;SÃO PAULO;SP;04534004;(11) 31985151;;;www.intrainvestimentos.com.br;administracao.fundos@intrainvestimentos.com.br
Classe;39.591.218/0001-01;2026-01-01;1;2026-02-12;BASÍLICA PARTNERS MEDWELL FII;2023-06-30;INVESTIDOR PROFISSIONAL;BR0G1TCTF001;29735.2499;N;N;;Multicategoria;Definida;Indeterminado;;30/06;S;S;N;S;N;.BANCO DAYCOVAL S/A;62232889000190;Avenida Paulista;1793;2º Andar;Bela Vista;São Paulo;SP;01311200;0300 111 0500;11 3563-4389;11 3563-4318;www.daycoval.com.br/investimentos/servicos-fiduciarios;informes.regulatorios@bancodaycoval.com.br
Classe;39.714.024/0001-48;2026-01-01;1;2026-02-11;TJK RENDA IMOBILIARIA FII - RESPONSABILIDADE LIMITADA;2020-12-09;INVESTIDORES EM GERAL;BRTJKBCTF006;1164647;N;S;;Hospital;Ativa;Indeterminado;;31/12;S;N;N;S;N;BR-CAPITAL DIST. DE TÍTULOS E VALORES MOBILIÁRIOS S/A;44077014000189;RUA SURUBIM;577;CONJ. 101;CIDADE MONÇÕES;SÃO PAULO;SP;04571-050;(11) 5508-3500;;;www.brcapital.com.br;fundos@brcapital.com.br
Classe;39.753.295/0001-02;2026-01-01;1;2026-02-12;FII LIFE CAPITAL PARTNERS;2022-03-04;INVESTIDORES EM GERAL;BRLIFECTF017;39761584;N;N;;Residencial;Ativa;Indeterminado;;30/12;S;N;N;S;N;VÓRTX DTVM LTDA;22610500000188;Rua Gilberto Sabino;215;4º ANDAR;Pinheiros;São Paulo;SP;5425020;11 3030-7177;;;www.vortx.com.br;fundos@vortx.com.br
Classe;39.863.059/0001-49;2026-01-01;1;2026-02-13;FII DEVANT  FUNDO DE FUNDO IMOB.;2021-04-26;INVESTIDORES EM GERAL;BRDVFFCTF006;11009500;N;N;;Outros;Ativa;Indeterminado;;30/12;S;S;N;S;N;.BANCO DAYCOVAL S/A;62232889000190;Avenida Paulista;1793;2º Andar;Bela Vista;São Paulo;SP;01311200;0300 111 0500;11 3563-4389;11 3563-4318;www.daycoval.com.br/investimentos/servicos-fiduciarios;informes.regulatorios@bancodaycoval.com.br
Classe;40.010.015/0001-55;2026-01-01;1;2026-02-12;FUNDO DE INVESTIMENTO IMOBILIÁRIO STAR;2021-05-28;INVESTIDOR QUALIFICADO;BR07OQCTF002;20.9129;N;N;;Multicategoria;Ativa;Indeterminado;;31/12;N;S;N;S;N;VÓRTX DTVM LTDA;22610500000188;Rua Gilberto Sabino;215;4º ANDAR;Pinheiros;São Paulo;SP;5425020;11 3030-7177;;;www.vortx.com.br;fundos@vortx.com.br
Classe;40.011.225/0001-68;2026-01-01;1;2026-02-13;SUNO FOF FII RL;2021-05-03;INVESTIDORES EM GERAL;BRSNFFCTF001;4020635;N;N;;Outros;Ativa;Indeterminado;;30/06;S;N;N;S;N;BTG PACTUAL SERVICOS FINANCEIROS S/A DTVM;59281253000123;Praia de Botafogo;501;6º Andar;Botafogo;Rio de Janeiro;RJ;22.250-040;55 11 3383-3102;;;www.btgpactual.com;ri.fundoslistados@btgpactual.com
Classe;40.011.234/0001-59;2026-01-01;1;2026-02-13;MAUÁ CAP URBANO FII;2021-03-24;INVESTIDORES EM GERAL;BR0PYCCTF009;438679;N;N;;Multicategoria;Ativa;Indeterminado;;30/06;N;N;S;N;N;BTG PACTUAL SERVICOS FINANCEIROS S/A DTVM;59281253000123;Praia de Botafogo;501;6º Andar;Botafogo;Rio de Janeiro;RJ;22.250-040;55 11 3383-3102;;;www.btgpactual.com;ri.fundoslistados@btgpactual.com
Classe;40.011.251/0001-96;2026-01-01;1;2026-02-13;CRI BREI FII RL;2021-04-30;INVESTIDORES EM GERAL;BRIBCRCTF009;958423;N;N;;Outros;Ativa;Indeterminado;;30/06;S;N;N;S;N;BTG PACTUAL SERVICOS FINANCEIROS S/A DTVM;59281253000123;Praia de Botafogo;501;6º Andar;Botafogo;Rio de Janeiro;RJ;22.250-040;55 11 3383-3102;;;www.btgpactual.com;ri.fundoslistados@btgpactual.com
Classe;40.011.279/0001-23;2026-01-01;1;2026-02-13;ALIANZA ITACA  FII;2021-04-14;INVESTIDOR QUALIFICADO;BR09T5CTF005;22980;N;N;;Residencial;Ativa;Determinado;2026-03-23;30/06;N;N;S;N;N;BTG PACTUAL SERVICOS FINANCEIROS S/A DTVM;59281253000123;Praia de Botafogo;501;6º Andar;Botafogo;Rio de Janeiro;RJ;22.250-040;55 11 3383-3102;;;www.btgpactual.com;ri.fundoslistados@btgpactual.com
Classe;40.011.324/0001-40;2026-01-01;1;2026-02-13;ALIANZA CRÉDITO FII;2021-07-30;INVESTIDORES EM GERAL;BRSIGRCTF004;19741485;N;N;;Outros;Ativa;Indeterminado;;30/06;S;N;N;S;N;BTG PACTUAL SERVICOS FINANCEIROS S/A DTVM;59281253000123;Praia de Botafogo;501;6º Andar;Botafogo;Rio de Janeiro;RJ;22.250-040;55 11 3383-3102;;;www.btgpactual.com;ri.fundoslistados@btgpactual.com
Classe;40.041.603/0001-56;2026-01-01;1;2026-02-10;NAVI CREDITO IMOBILIARIO - FII;2022-05-31;INVESTIDORES EM GERAL;BRNCRICTF004;3949999;N;N;;Outros;Ativa;Indeterminado;;30/06;S;N;N;S;N;BRL TRUST DTVM S.A.;13486793000142;Rua Alves Guimarães;1216;;Pinheiros;São Paulo;SP;05410-002;(11) 3509-0600;;;www.apexgroup.com/apex-brazil/;infolegal@apexgroup.com
Classe;40.041.711/0001-29;2026-01-01;1;2026-02-12;SUNO LOG FUNDO DE INVESTIMENTO IMOBILIARIO;2021-02-09;INVESTIDORES EM GERAL;BRSNLGCTF007;2529966;N;N;;Logística;Ativa;Indeterminado;;31/12;S;N;N;S;N;XP INVESTIMENTOS CORRETORA DE CÂMBIO, TÍTULOS E VAL MOB S/A;02332886000104;AVENIDA ATAULFO DE PAIVA;153;5º e 8º andares;LEBLON;RIO DE JANEIRO;RJ;22440-033;(11) 3027-2237;;;www.xpi.com.br;adm.fundos.estruturados@xpi.com.br
Classe;40.041.723/0001-53;2026-01-01;1;2026-02-13;PATRIA RENDA RESIDENCIAL FII RESPONSABILIDADE LIMITADA I;2021-03-31;INVESTIDORES EM GERAL;BRVCRRCTF008;2000000;N;N;;Logística;Ativa;Indeterminado;;31/12;S;N;N;S;N;BRL TRUST DTVM S.A.;13486793000142;Rua Alves Guimarães;1216;;Pinheiros;São Paulo;SP;05410-002;(11) 3509-0600;;;https://www.apexgroup.com/apex-brazil/;infolegal@apexgroup.com
Classe;40.054.838/0001-82;2026-01-01;1;2026-02-13;LOFT III FII RL;2021-05-25;INVESTIDOR QUALIFICADO;BR0J5SCTF001;855000;N;N;;Hospital;Definida;Indeterminado;;31/12;S;N;N;S;N;BTG PACTUAL SERVICOS FINANCEIROS S/A DTVM;59281253000123;Praia de Botafogo;501;6º Andar;Botafogo;Rio de Janeiro;RJ;22.250-040;55 11 3383-3102;;;www.btgpactual.com;ri.fundoslistados@btgpactual.com
Classe;40.054.913/0001-05;2026-01-01;1;2026-02-09;BLUECAP DESENVOLVIMENTO LOGÍSTICO FII;2021-12-22;INVESTIDORES EM GERAL;;417875.0146;N;N;;Logística;Ativa;Determinado;2025-12-01;31/12;N;N;S;N;N;BRL TRUST DTVM S.A.;13486793000142;Rua Alves Guimarães;1216;;Pinheiros;São Paulo;SP;05410-002;(11) 3509-0600;;;www.apexgroup.com/apex-brazil/;infolegal@apexgroup.com
Classe;40.063.899/0001-06;2026-01-01;1;2026-02-10;FII DESENVOLVIMENTO I MODALMAIS;2021-05-04;INVESTIDOR QUALIFICADO;BR0FHMCTF004;70287.92540601;N;N;;Multicategoria;Ativa;Indeterminado;;31/12;S;S;N;S;S;XP SERVICOS FINANCEIROS DTVM LTDA;05389174000101;AVENIDA ATAULFO DE PAIVA;153;5º e 8º andares;LEBLON;Rio de Janeiro;RJ;22250-040;(21)3223-7700;;;www.modalmais.com.br;adm.fundos.estruturados@xpi.com.br
Classe;40.063.899/0001-06;2026-02-01;1;2026-03-05;FII DESENVOLVIMENTO I MODALMAIS;2021-05-04;INVESTIDOR QUALIFICADO;BR0FHMCTF004;77667.08563135;N;N;;Multicategoria;Ativa;Indeterminado;;31/12;S;S;N;S;S;XP SERVICOS FINANCEIROS DTVM LTDA;05389174000101;AVENIDA ATAULFO DE PAIVA;153;5º e 8º andares;LEBLON;Rio de Janeiro;RJ;22250-040;(21)3223-7700;;;www.modalmais.com.br;adm.fundos.estruturados@xpi.com.br
Classe;40.102.445/0001-05;2026-01-01;1;2026-02-13;DEVELOPMENT V1 FII;2021-03-03;INVESTIDOR QUALIFICADO;BRLKDVCTF004;66811;N;N;;Multicategoria;Ativa;Indeterminado;;31/12;S;N;N;S;N;BTG PACTUAL SERVICOS FINANCEIROS S/A DTVM;59281253000123;Praia de Botafogo;501;6º Andar;Botafogo;Rio de Janeiro;RJ;22.250-040;55 11 3383-3102;;;www.btgpactual.com;ri.fundoslistados@btgpactual.com
Classe;40.189.596/0001-34;2026-01-01;1;2026-02-13;FUNDO DE INVESTIMENTO IMOBILIÁRIO CAIXA AGENCIAS;2021-10-08;INVESTIDORES EM GERAL;BRCXAGCTF003;2090621;N;N;;Varejo;Ativa;Indeterminado;;31/06;S;N;N;S;N;OLIVEIRA TRUST DTVM S.A.;36113876000191;Av. das Américas;3434;Bl. 7 Grupo 201;Barra da Tijuca;Rio de Janeiro;RJ;22640-102;(21) 3514-0000;;;www.oliveiratrust.com.br;ger2.fundos@oliveiratrust.com.br
Classe;40.225.262/0001-79;2026-01-01;1;2026-02-11;SUPREMO FUNDO DE INVESTIMENTO IMOBILIÁRIO;2021-01-04;INVESTIDOR PROFISSIONAL;BRSPMOCTF004;1814306;N;S;;Multicategoria;Ativa;Indeterminado;;31/12;S;N;N;S;N;BR-CAPITAL DIST. DE TÍTULOS E VALORES MOBILIÁRIOS S/A;44077014000189;RUA SURUBIM;577;CONJ. 101;CIDADE MONÇÕES;SÃO PAULO;SP;04571-050;(11) 5508-3500;;;www.brcapital.com.br;fundos@brcapital.com.br
Classe;40.346.049/0001-15;2026-01-01;1;2026-02-09;GREEN LOG FI IMOBILIÁRIO RESPONSABILIDADE LIMITADA;2021-05-10;INVESTIDOR QUALIFICADO;;3384680;N;N;;Logística;Ativa;Determinado;2026-12-31;31/12;N;N;S;N;N;GREEN ALTERNATIVE INVESTMENTS DTVM S.A.;37800856000151;Rua Ramos Batista;198;3º andar;Vila Olimpia;São Paulo;SP;04552-020;11 55557820;;;www.green.com.ai;regulatorio@green.com.ai
Classe;40.346.049/0001-15;2026-02-01;1;2026-03-05;GREEN LOG FI IMOBILIÁRIO RESPONSABILIDADE LIMITADA;2021-05-10;INVESTIDOR QUALIFICADO;;3384680;N;N;;Logística;Ativa;Indeterminado;;31/12;N;N;S;N;N;GREEN ALTERNATIVE INVESTMENTS DTVM S.A.;37800856000151;Rua Ramos Batista;198;3º andar;Vila Olimpia;São Paulo;SP;04552-020;11 55557820;;;www.green.com.ai;regulatorio@green.com.ai
Classe;40.414.001/0001-05;2026-01-01;1;2026-02-12;FLAMENGO FII RESP LTDA;2025-04-11;INVESTIDORES EM GERAL;BR0LO5CTF008;57500000;N;N;;Multicategoria;Ativa;Indeterminado;;31/12;N;N;S;N;N;.BANCO DAYCOVAL S/A;62232889000190;Avenida Paulista;1793;2º Andar;Bela Vista;São Paulo;SP;01311200;0300 111 0500;11 3563-4389;11 3563-4318;www.daycoval.com.br/investimentos/servicos-fiduciarios;informes.regulatorios@bancodaycoval.com.br
Classe;40.575.940/0001-23;2026-01-01;1;2026-02-13;FII ZAVIT REAL ESTATE FUND;2021-07-05;INVESTIDORES EM GERAL;BRZAVICTF004;11733220;N;N;;Multicategoria;Ativa;Indeterminado;;30/06;S;N;N;S;N;VÓRTX DTVM LTDA;22610500000188;Rua Gilberto Sabino;215;4º ANDAR;Pinheiros;São Paulo;SP;5425020;11 3030-7177;;;www.vortx.com.br;fundos@vortx.com.br
Classe;40.837.664/0001-24;2026-01-01;1;2026-02-09;LOG IND FUNDO DE INVESTIMENTO IMOBILIÁRIO;2021-12-08;INVESTIDOR PROFISSIONAL;0;874.7666083;N;N;;Outros;Ativa;Indeterminado;;31/12;N;N;S;N;N;REAG DISTRIBUIDORA DE TITULOS E VALORES MOBILIARIOS SA;34829992000186;Avenida Brigadeiro Faria Lima;2277;17º andar;Jardim Paulistano;São Paulo;SP;01452-000;(11) 3504-6800;;;www.reag.com.br;informeslegais@reag.com.br
Classe;40.886.241/0001-02;2026-01-01;1;2026-02-13;JASC RENDA FII RL;2021-08-10;INVESTIDORES EM GERAL;BRJASCCTF007;3851187;N;N;;Varejo;Ativa;Indeterminado;;31/12;S;N;N;S;N;BTG PACTUAL SERVICOS FINANCEIROS S/A DTVM;59281253000123;Praia de Botafogo;501;6º Andar;Botafogo;Rio de Janeiro;RJ;22.250-040;55 11 3383-3102;;;www.btgpactual.com;ri.fundoslistados@btgpactual.com
Classe;40.886.521/0001-02;2026-01-01;1;2026-02-06;GLOBAL APARTAMENTOS FUNDO DE INVESTIMENTO IMOBILIARIO;2021-03-18;INVESTIDOR PROFISSIONAL;;863800;N;N;;Residencial;Ativa;Indeterminado;;31/12;N;N;S;N;N;BRL TRUST DTVM S.A.;13486793000142;Rua Alves Guimarães;1216;;Pinheiros;São Paulo;SP;05410-002;(11) 3509-0600;;;www.apexgroup.com/apex-brazil/;infolegal@apexgroup.com
Classe;40.887.170/0001-54;2026-01-01;1;2026-02-10;PANORAMA LAST MILE SBC FII;2022-01-28;INVESTIDOR PROFISSIONAL;BRPNLNCTF009;231547;N;N;;Logística;Ativa;Indeterminado;;31/12;S;N;N;S;N;BRL TRUST DTVM S.A.;13486793000142;Rua Alves Guimarães;1216;;Pinheiros;São Paulo;SP;05410-002;(11) 3509-0600;;;www.apexgroup.com/apex-brazil/;infolegal@apexgroup.com
Classe;40.944.707/0001-70;2026-01-01;1;2026-02-09;FRAM CAPITAL HELMER FUNDO DE INVESTIMENTO IMOBILIÁRIO;2021-07-08;INVESTIDOR QUALIFICADO;;54639.555781;N;N;;Multicategoria;Ativa;Indeterminado;;31/12;N;N;S;N;N;OSLO CAPITAL DTVM;13673855000125;Rua Dr. Eduardo de Souza Aranha;153;4º andar;Vila Nova Conceição;São Paulo;SP;04543120;35133144;;;www.oslodtvm.com;fiduciario@oslodtvm.com
Classe;40.944.736/0001-32;2026-01-01;1;2026-02-10;BR7 SENADO FUNDO DE INVESTIMENTO IMOBILIÁRIO;2022-09-22;INVESTIDOR QUALIFICADO;;2000;N;N;;Outros;Ativa;Indeterminado;;31/12;N;N;S;N;N;OSLO CAPITAL DTVM;13673855000125;Rua Dr. Eduardo de Souza Aranha;153;4º andar;Itaim Bibi;São Paulo;SP;04543-120;11 3513-3144;;;www.oslodtvm.com;compliance@oslodtvm.com
Classe;40.944.736/0001-32;2026-02-01;1;2026-03-05;BR7 SENADO FUNDO DE INVESTIMENTO IMOBILIÁRIO;2022-09-22;INVESTIDOR QUALIFICADO;;2000;N;N;;Outros;Ativa;Indeterminado;;31/12;N;N;S;N;N;OSLO CAPITAL DTVM;13673855000125;Rua Dr. Eduardo de Souza Aranha;153;4º andar;Itaim Bibi;São Paulo;SP;04543-120;11 3513-3144;;;www.oslodtvm.com;compliance@oslodtvm.com
Classe;41.076.380/0001-25;2026-01-01;1;2026-02-13;EQI CRI FII RL;2021-08-24;INVESTIDORES EM GERAL;BREQIRCTF003;10909315;N;N;;Multicategoria;Ativa;Indeterminado;;30/06;S;N;N;S;N;BTG PACTUAL SERVICOS FINANCEIROS S/A DTVM;59281253000123;Praia de Botafogo;501;6º Andar;Botafogo;Rio de Janeiro;RJ;22.250-040;55 11 3383-3102;;;www.btgpactual.com;ri.fundoslistados@btgpactual.com
Classe;41.076.564/0001-95;2026-01-01;1;2026-02-24;IRIDIUM CRI FII RL;2021-05-24;INVESTIDORES EM GERAL;BRIRIMCTF003;35225947;N;N;;Multicategoria;Ativa;Indeterminado;;30/06;S;N;N;S;N;BTG PACTUAL SERVICOS FINANCEIROS S/A DTVM;59281253000123;Praia de Botafogo;501;6º Andar;Botafogo;Rio de Janeiro;RJ;22.250-040;55 11 3383-3102;;;www.btgpactual.com;ri.fundoslistados@btgpactual.com
Classe;41.076.710/0001-82;2026-01-01;1;2026-02-13;SUNO CRI FII RL;2021-07-05;INVESTIDORES EM GERAL;BRSNCICTF002;4200000;N;N;;Outros;Ativa;Indeterminado;;31/12;S;N;N;S;N;BTG PACTUAL SERVICOS FINANCEIROS S/A DTVM;59281253000123;Praia de Botafogo;501;6º Andar;Botafogo;Rio de Janeiro;RJ;22.250-040;55 11 3383-3102;;;www.btgpactual.com;ri.fundoslistados@btgpactual.com
Classe;41.076.748/0001-55;2026-01-01;1;2026-02-13;CATUAÍ VBI FII RL;2021-09-03;INVESTIDORES EM GERAL;BRBLCACTF009;1600000;N;N;;Escritórios;Ativa;Determinado;2032-03-03;31/12;S;N;N;S;N;BTG PACTUAL SERVICOS FINANCEIROS S/A DTVM;59281253000123;Praia de Botafogo;501;6º Andar;Botafogo;Rio de Janeiro;RJ;22.250-040;55 11 3383-3102;;;www.btgpactual.com;ri.fundoslistados@btgpactual.com
Classe;41.076.823/0001-88;2026-01-01;1;2026-02-13;ALIANZA URBAN FII RL;2021-12-23;INVESTIDOR QUALIFICADO;BRAURBCTF008;1085780;N;N;;Logística;Ativa;Indeterminado;;30/06;S;N;N;S;N;BTG PACTUAL SERVICOS FINANCEIROS S/A DTVM;59281253000123;Praia de Botafogo;501;6º Andar;Botafogo;Rio de Janeiro;RJ;22.250-040;55 11 3383-3102;;;www.btgpactual.com;ri.fundoslistados@btgpactual.com
Classe;41.076.851/0001-03;2026-01-01;1;2026-02-13;EXES CRI FII RL;2021-09-02;INVESTIDORES EM GERAL;BREXESCTF006;14101455;N;N;;Multicategoria;Definida;Indeterminado;;30/06;S;N;N;S;N;BTG PACTUAL SERVICOS FINANCEIROS S/A DTVM;59281253000123;Praia de Botafogo;501;6º Andar;Botafogo;Rio de Janeiro;RJ;22.250-040;55 11 3383-3102;;;www.btgpactual.com;ri.fundoslistados@btgpactual.com
Classe;41.080.968/0001-52;2026-01-01;1;2026-02-13;MAUA MPD FII RL;2021-09-17;INVESTIDOR PROFISSIONAL;BRMMPDCTF000;530497;N;N;;Multicategoria;Ativa;Determinado;2029-07-26;30/06;S;N;N;S;N;BTG PACTUAL SERVICOS FINANCEIROS S/A DTVM;59281253000123;Praia de Botafogo;501;6º Andar;Botafogo;Rio de Janeiro;RJ;22.250-040;55 11 3383-3102;;;www.btgpactual.com;ri.fundoslistados@btgpactual.com
Classe;41.081.336/0001-03;2026-01-01;1;2026-02-13;COSMIC FUNDO DE INVESTIMENTO IMOBILIÁRIO;2021-08-24;INVESTIDOR QUALIFICADO;BRCSMCCTF007;1873259.7153;N;N;;Logística;Ativa;Determinado;2031-08-24;31/12;N;N;S;N;N;BRL TRUST DTVM S.A.;13486793000142;Rua Alves Guimarães;1216;;Pinheiros;São Paulo;SP;05410-002;(11) 3509-0600;;;www.apexgroup.com/apex-brazil/;infolegal@apexgroup.com
Classe;41.081.356/0001-84;2026-01-01;1;2026-02-13;BRIO MULTIESTRATEGIA - FUNDO DE INVESTIMENTO IMOBILIARIO;2021-10-29;INVESTIDORES EM GERAL;BRAPTOCTF007;5845602;N;N;;Outros;Ativa;Indeterminado;;30/06;S;N;N;S;N;BRL TRUST DTVM S.A.;13486793000142;Rua Alves Guimarães;1216;;Pinheiros;São Paulo;SP;05410-002;(11) 3509-0600;;;www.apexgroup.com/apex-brazil/;infolegal@apexgroup.com
Classe;41.081.374/0001-66;2026-01-01;1;2026-02-13;VINCI CREDIT SECURITIES FUNDO DE INVESTIMENTO IMOBILIARIO;2021-05-12;INVESTIDORES EM GERAL;BRVCRICTF007;20543663;N;N;;Outros;Ativa;Indeterminado;;31/12;S;N;N;S;N;BRL TRUST DTVM S.A.;13486793000142;Rua Alves Guimarães;1216;;Pinheiros;São Paulo;SP;05410-002;(11) 3509-0600;;;www.apexgroup.com/apex-brazil/;infolegal@apexgroup.com
Classe;41.088.458/0001-21;2026-01-01;2;2026-02-26;RBR PLUS MULTI FII;2021-06-28;INVESTIDORES EM GERAL;BRRBRXCTF006;146354302;N;N;;Multicategoria;Ativa;Indeterminado;;31/12;N;N;S;N;N;BTG PACTUAL SERVICOS FINANCEIROS S/A DTVM;59281253000123;Praia de Botafogo;501;6º Andar;Botafogo;Rio de Janeiro;RJ;22.250-040;55 11 3383-3102;;;www.btgpactual.com;ri.fundoslistados@btgpactual.com
Classe;41.088.534/0001-07;2026-01-01;1;2026-02-13;LEBLON REALTY FII;2022-02-02;INVESTIDORES EM GERAL;BRLRDICTF006;145356;N;N;;Multicategoria;Ativa;Determinado;2027-12-31;31/12;S;N;N;S;N;BTG PACTUAL SERVICOS FINANCEIROS S/A DTVM;59281253000123;Praia de Botafogo;501;6º Andar;Botafogo;Rio de Janeiro;RJ;22.250-040;55 11 3383-3102;;;www.btgpactual.com;ri.fundoslistados@btgpactual.com
Fundo;41.114.606/0001-35;2026-01-01;1;2026-02-12;F.I.I UNIMED INVESTCOOP NACIONAL RESPONS. LIMITADA;2021-04-20;INVESTIDORES EM GERAL;BRUMEDCTF007;2782286;N;N;;Hospital;Ativa;Indeterminado;;31/12;N;S;N;N;S;COINVALORES CCVM LTDA;00336036000140;Avenida Brigadeiro Faria Lima;1800;2º andar;Jardim Paulistano;são Paulo;SP;01451-001;(11)3035-4143;(11)3035-4141;;www.coinvalores.com.br;admfundoimobiliario@coinvalores.com.br
Classe;41.199.975/0001-78;2026-01-01;1;2026-02-13;FII ROOFTOP II RL;2021-12-23;INVESTIDOR QUALIFICADO;BR0AQ9CTF001;500000;N;N;;Multicategoria;Ativa;Indeterminado;;31/12;S;N;N;S;N;BTG PACTUAL SERVICOS FINANCEIROS S/A DTVM;59281253000123;Praia de Botafogo;501;6º Andar;Botafogo;Rio de Janeiro;RJ;22.250-040;55 11 3383-3102;;;www.btgpactual.com;ri.fundoslistados@btgpactual.com
Classe;41.218.404/0001-33;2026-01-01;1;2026-02-13;BS2 ALLINVESTMENTS FII;2021-08-10;INVESTIDOR QUALIFICADO;BRLLAOCTF003;361140;N;N;;Multicategoria;Ativa;Indeterminado;;31/12;S;N;N;S;N;BRL TRUST DTVM S.A.;13486793000142;Rua Alves Guimarães;1216;;Pinheiros;São Paulo;SP;05410-002;(11) 3509-0600;;;www.apexgroup.com/apex-brazil/;infolegal@apexgroup.com
Classe;41.219.028/0001-00;2026-01-01;2;2026-02-20;FII TISHMAN SPEYER;2021-07-07;INVESTIDOR QUALIFICADO;BR09XMCTF008;86983.05;N;N;;Multicategoria;Ativa;Indeterminado;;30/12;S;S;N;S;N;.BANCO DAYCOVAL S/A;62232889000190;Avenida Paulista;1793;2º Andar;Bela Vista;São Paulo;SP;01311200;0300 111 0500;11 3563-4389;11 3563-4318;www.daycoval.com.br/investimentos/servicos-fiduciarios;informes.regulatorios@bancodaycoval.com.br
Classe;41.219.454/0001-35;2026-01-01;1;2026-02-13;COXIM FUNDO DE INVESTIMENTO IMOBILIARIO;2021-06-08;INVESTIDOR QUALIFICADO;;13352073.9472728;N;N;;Multicategoria;Ativa;Indeterminado;;31/12;N;N;S;N;N;ID CORRETORA DE TITULOS E VALORES MOBILIARIOS S.A.;16695922000109;AV PRES JUSCELINO KUBITSCHEK;1726;19 ANDAR;VILA NOVA CONCEICAO;SÃO PAULO;SP;04543000;11 4637 6633;;;WWW.IDSF.COM.BR;administracao@idsf.com.br
Classe;41.251.077/0001-11;2026-01-01;1;2026-02-12;FRONTEIRA MULTI FII;2021-07-28;INVESTIDOR PROFISSIONAL;BRFRHYCTF006;130500;N;N;;Multicategoria;Definida;Indeterminado;;30/06;S;S;N;S;N;.BANCO DAYCOVAL S/A;62232889000190;Avenida Paulista;1793;2º Andar;Bela Vista;São Paulo;SP;01311200;0300 111 0500;11 3563-4389;11 3563-4318;www.daycoval.com.br/investimentos/servicos-fiduciarios;informes.regulatorios@bancodaycoval.com.br
Classe;41.251.337/0001-59;2026-01-01;1;2026-02-13;MARESIAS OPORTUNIDADES IMOBILIARIAS FII;2021-12-22;INVESTIDORES EM GERAL;BRMMVECTF006;489036;N;N;;Outros;Ativa;Indeterminado;;31/12;S;N;N;S;N;SINGULARE CORRETORA DE TITULOS E VALORES MOBILIARIOS S.A;62285390000140;AVENIDA REBOUÇAS;2942;7º AO 12º ANDAR;PINHEIROS;SÃO PAULO;SP;05402-500;(11) 2827-3500;;;https://qitech.com.br/dtvm/;fii.adm@qitech.com.br
Classe;41.251.371/0001-23;2026-01-01;1;2026-02-13;MIRANTE REALTY RECEBIVEIS IMOBILIARIOS FII;2022-01-25;INVESTIDOR PROFISSIONAL;BR0DIDCTF006;763727.3048;N;N;;Multicategoria;Ativa;Indeterminado;;31/12;N;S;N;N;S;SINGULARE CORRETORA DE TITULOS E VALORES MOBILIARIOS S.A;62285390000140;AVENIDA REBOUÇAS;2942;7º AO 12º ANDAR;PINHEIROS;SÃO PAULO;SP;05402-500;(11) 2827-3500;;;https://qitech.com.br/dtvm/;fii.adm@qitech.com.br
Classe;41.256.643/0001-88;2026-01-01;1;2026-02-12;WHG REAL ESTATE FII;2021-07-28;INVESTIDORES EM GERAL;BRWHGRCTF008;30912378.9980901;N;N;;Multicategoria;Definida;Indeterminado;;30/06;S;S;N;S;N;XP INVESTIMENTOS CORRETORA DE CÂMBIO, TÍTULOS E VAL MOB S/A;02332886000104;AVENIDA ATAULFO DE PAIVA;153;5º e 8º andares;LEBLON;RIO DE JANEIRO;RJ;22440-033;(11) 3027-2237;;;www.xpi.com.br;adm.fundos.estruturados@xpi.com.br
Classe;41.269.052/0001-45;2026-01-01;1;2026-02-13;FII GUARDIAN MULTIESTRATÉGIA;2021-09-17;INVESTIDORES EM GERAL;BRGAMECTF002;28426127;N;N;;Outros;Definida;Indeterminado;;30/12;S;S;N;S;N;.BANCO DAYCOVAL S/A;62232889000190;Avenida Paulista;1793;2º Andar;Bela Vista;São Paulo;SP;01311200;0300 111 0500;11 3563-4389;11 3563-4318;www.daycoval.com.br/investimentos/servicos-fiduciarios;informes.regulatorios@bancodaycoval.com.br
Classe;41.320.997/0001-44;2026-01-01;1;2026-02-13;MOGNO PROPERTIES FII - RESPONSABILIDADE LIMITADA;2022-03-21;INVESTIDORES EM GERAL;BRMGRICTF007;300400;N;N;;Multicategoria;Ativa;Indeterminado;;31/12;S;S;N;S;N;SINGULARE CORRETORA DE TITULOS E VALORES MOBILIARIOS S.A;62285390000140;AVENIDA REBOUÇAS;2942;7º AO 12º ANDAR;PINHEIROS;SÃO PAULO;SP;05402-500;(11) 2827-3500;;;https://qitech.com.br/dtvm/;fii.adm@qitech.com.br
Classe;41.325.993/0001-59;2026-01-01;1;2026-02-13;CF3 FUNDO DE INVESTIMENTO IMOBILIARIO;2022-08-15;INVESTIDOR QUALIFICADO;BRCFIICTF009;126319;N;N;;Multicategoria;Ativa;Determinado;2027-08-14;31/12;S;N;N;S;N;SINGULARE CORRETORA DE TITULOS E VALORES MOBILIARIOS S.A;62285390000140;AVENIDA REBOUÇAS;2942;7º AO 12º ANDAR;PINHEIROS;SÃO PAULO;SP;05402-500;(11) 2827-3500;;;https://qitech.com.br/dtvm/;fii.adm@singulare.com.br
Classe;41.394.946/0001-67;2026-01-01;1;2026-02-13;CONTE ROSSO FII;2021-10-20;INVESTIDOR QUALIFICADO;BR0PYJCTF004;1031547;N;N;;Outros;Ativa;Indeterminado;;31/12;S;N;N;S;N;BTG PACTUAL SERVICOS FINANCEIROS S/A DTVM;59281253000123;Praia de Botafogo;501;6º Andar;Botafogo;Rio de Janeiro;RJ;22.250-040;55 11 3383-3102;;;www.btgpactual.com;ri.fundoslistados@btgpactual.com
Classe;41.650.310/0001-39;2026-01-01;1;2026-02-17;RIO NEGRO FUNDO DE INVESTIMENTO IMOBILIÁRIO;2021-06-28;INVESTIDOR QUALIFICADO;;68001187996.6684;N;N;;Varejo;Definida;Indeterminado;;31/12;N;N;S;N;N;ID CORRETORA DE TITULOS E VALORES MOBILIARIOS S.A.;16695922000109;AV PRES JUSCELINO KUBITSCHEK;1726;19 ANDAR;VILA NOVA CONCEICAO;SÃO PAULO;SP;04543000;11 4637 6633;;;WWW.IDSF.COM.BR;administracao@idsf.com.br
Classe;41.650.319/0001-40;2026-01-01;1;2026-02-13;TARUMÃ FUNDO DE INVESTIMENTO IMOBILIÁRIO;2025-02-14;INVESTIDOR PROFISSIONAL;;32083475;N;N;;Multicategoria;Ativa;Indeterminado;;30/06;N;N;S;N;N;ID CORRETORA DE TITULOS E VALORES MOBILIARIOS S.A.;16695922000109;AV PRES JUSCELINO KUBITSCHEK;1726;19 ANDAR;VILA NOVA CONCEICAO;SÃO PAULO;SP;04543000;11 4637 6633;;;WWW.IDSF.COM.BR;administracao@idsf.com.br
Classe;41.650.365/0001-49;2026-01-01;1;2026-02-13;FII SATURNO;2024-08-29;INVESTIDOR PROFISSIONAL;0;36479601.8952885;N;N;;Shoppings;Ativa;Indeterminado;;31/12;N;N;S;N;N;REAG DISTRIBUIDORA DE TITULOS E VALORES MOBILIARIOS SA;34829992000186;Avenida Brigadeiro Faria Lima;2277;17º andar;Jardim Paulistano;São Paulo;SP;01452-000;(11) 3504-6800;;;www.reag.com.br;informeslegais@reag.com.br
Classe;41.673.349/0001-71;2026-01-01;1;2026-02-13;RDP LOG FUNDO DE INVESTIMENTO IMOBILIARIO;2022-04-13;INVESTIDORES EM GERAL;BR0CHGCTF003;777491.0739;N;N;;Multicategoria;Ativa;Indeterminado;;31/12;N;N;S;N;N;SINGULARE CORRETORA DE TITULOS E VALORES MOBILIARIOS S.A;62285390000140;AVENIDA REBOUÇAS;2942;7º AO 12º ANDAR;PINHEIROS;SÃO PAULO;SP;05402-500;(11) 2827-3500;;;https://qitech.com.br/dtvm/;fii.adm@qitech.com.br
Classe;41.673.359/0001-07;2026-01-01;1;2026-02-13;CLD GUARULHOS - FUNDO DE INVESTIMENTO IMOBILIARIO - FII;2022-10-04;INVESTIDOR QUALIFICADO E PROFISSIONAL;BR0DS5CTF004;132866.53385954;N;N;;Logística;Definida;Indeterminado;;30/06;S;N;N;S;N;SINGULARE CORRETORA DE TITULOS E VALORES MOBILIARIOS S.A;62285390000140;AVENIDA REBOUÇAS;2942;7º AO 12º ANDAR;PINHEIROS;SÃO PAULO;SP;05402-500;(11) 2827-3500;;;https://qitech.com.br/dtvm/;fii.adm@qitech.com.br
Classe;41.776.296/0001-14;2026-01-01;1;2026-02-04;LUCERNA FUNDO DE INVESTIMENTO IMOBILIÁRIOS;2022-07-22;INVESTIDOR QUALIFICADO E PROFISSIONAL;BR0CWFCTF004;112381.23519944;N;N;;Outros;Ativa;Indeterminado;;30/06;N;N;S;N;N;BANVOX DISTRIBUIDORA DE TITULOS E VALORES MOBILIARIOS LTDA;02671743000119;Avenida Brigadeiro Faria Lima;3732;11° andar;Itaim Bibi;São Paulo;SP;04538132;(11) 2197-4582;;;https://www.banvox.com.br/;informesregulatorios@banvox.com.br
Classe;41.776.296/0001-14;2026-02-01;1;2026-03-06;LUCERNA FUNDO DE INVESTIMENTO IMOBILIÁRIOS;2022-07-22;INVESTIDOR QUALIFICADO E PROFISSIONAL;BR0CWFCTF004;112381.23519944;N;N;;Outros;Ativa;Indeterminado;;30/06;N;N;S;N;N;BANVOX DISTRIBUIDORA DE TITULOS E VALORES MOBILIARIOS LTDA;02671743000119;Avenida Brigadeiro Faria Lima;3732;11° andar;Itaim Bibi;São Paulo;SP;04538132;(11) 2197-4582;;;https://www.banvox.com.br/;informesregulatorios@banvox.com.br
Classe;41.778.415/0001-78;2026-01-01;1;2026-02-13;HIGH FUNDO DE INVESTIMENTO IMOBIL  SUB;2022-11-04;INVESTIDORES EM GERAL;BR0E33CTF018;709270.1755;N;N;;Multicategoria;Ativa;Indeterminado;;30/12;N;N;S;N;N;VÓRTX DTVM LTDA;22610500000188;Rua Gilberto Sabino;215;4º ANDAR;Pinheiros;São Paulo;SP;5425020;11 3030-7177;;;www.vortx.com.br;fundos@vortx.com.br
Classe;41.820.693/0001-46;2026-01-01;1;2026-02-06;FLORIANO FUNDO DE INVESTIMENTO IMOBILIÁRIO;2022-11-01;INVESTIDOR PROFISSIONAL;BR0FMUCTF007;127184.6508407;N;N;;Multicategoria;Definida;Indeterminado;;31/12;N;S;N;S;N;PLANNER CORRETORA DE VALORES S.A.;00806535000154;Avenida Brigadeiro Faria Lima;3900;10º andar;Itaim Bibi;São Paulo;SP;04538-132;(11) 2172-2600;0800 179 444;(11) 2172-2667;www.planner.com.br;inforegulatorio@planner.com.br
Classe;41.833.763/0001-09;2026-01-01;1;2026-02-12;BARZEL RETAIL FII RESPONSABILIDADE LIMITADA;2022-03-30;INVESTIDOR PROFISSIONAL;;5414750;N;N;;Outros;Ativa;Indeterminado;;31/12;N;N;S;N;N;OURIBANK S.A. BANCO MULTIPLO;78632767000120;Av. Paulista;1728;Sobreloja, 2º, 3º, 4º, 5º e 7º andares;Bela Vista;São Paulo;SP;01310-919;4081-4402;4081-4576;4081-4444;ouribank.com;admfundos@ouribank.com
Classe;41.833.876/0001-04;2026-01-01;1;2026-02-13;BRASIS FUNDO DE INVESTIMENTO IMOBILIÁRIO;2021-07-29;INVESTIDOR QUALIFICADO;;93852.58672045;N;N;;Multicategoria;Ativa;Indeterminado;;31/12;N;N;S;N;N;BRL TRUST DTVM S.A.;13486793000142;Rua Alves Guimarães;1216;;Pinheiros;São Paulo;SP;05410-002;(11) 3509-0600;;;www.apexgroup.com/apex-brazil/;infolegal@apexgroup.com
Classe;41.969.521/0001-39;2026-01-01;1;2026-02-08;EVORIS FUNDO DE INVESTIMENTO IMOBILIÁRIO;2022-03-22;INVESTIDOR PROFISSIONAL;BR0BLFCTF009;51228.92725143;N;N;;Outros;Ativa;Indeterminado;;29/12;N;N;S;N;N;HEMERA DISTRIBUIDORA DE TITULOS E VALORES MOBILIARIOS LTDA;39669186000101;AV. AGUA VERDE;1413;CJ 801;AGUA VERDE;CURITIBA;PR;80620-200;+55 (41) 3122-7300;;;https://hemeradtvm.com.br/;atendimentocvm@hemeradtvm.com.br
Classe;41.969.521/0001-39;2026-02-01;1;2026-03-05;EVORIS FUNDO DE INVESTIMENTO IMOBILIÁRIO;2022-03-22;INVESTIDOR PROFISSIONAL;BR0BLFCTF009;51228.92725143;N;N;;Outros;Ativa;Indeterminado;;29/12;N;N;S;N;N;HEMERA DISTRIBUIDORA DE TITULOS E VALORES MOBILIARIOS LTDA;39669186000101;AV. AGUA VERDE;1413;CJ 801;AGUA VERDE;CURITIBA;PR;80620-200;+55 (41) 3122-7300;;;https://hemeradtvm.com.br/;atendimentocvm@hemeradtvm.com.br
Classe;41.969.537/0001-41;2026-01-01;1;2026-02-06;ANGRA FUNDO DE INVESTIMENTO IMOBILIÁRIO;2022-06-15;INVESTIDOR PROFISSIONAL;BR0ALPCTF000;28609190.7969727;N;N;;Multicategoria;Ativa;Indeterminado;;31/12;N;S;N;N;S;PLANNER CORRETORA DE VALORES S.A.;00806535000154;Avenida Brigadeiro Faria Lima;3900;10º andar;Itaim Bibi;São Paulo;SP;04538132;(11) 2172-2600;0800 179 444;(11) 2172-2667;www.planner.com.br;inforegulatorio@planner.com.br
Classe;41.978.140/0001-16;2026-01-01;1;2026-02-13;VBI RENDA PREFERENCIAL FII;2021-08-24;INVESTIDOR PROFISSIONAL;BR0IWOCTF003;957266;N;N;;Multicategoria;Ativa;Indeterminado;;31/12;N;N;S;N;N;BRL TRUST DTVM S.A.;13486793000142;Rua Alves Guimarães;1216;;Pinheiros;São Paulo;SP;05410-002;(11) 3509-0600;;;www.apexgroup.com/apex-brazil/;infolegal@apexgroup.com
Classe;41.978.154/0001-30;2026-01-01;1;2026-02-13;VINCI OPORTUNIDADE RESIDENCIAL FII RESP LTDA;2024-03-15;INVESTIDOR PROFISSIONAL;;390500;N;N;;Residencial;Ativa;Determinado;2030-03-15;31/12;N;N;S;N;N;BRL TRUST DTVM S.A.;13486793000142;Rua Alves Guimarães;1216;;Pinheiros;São Paulo;SP;05410-002;(11) 3509-0600;;;www.apexgroup.com/apex-brazil/;infolegal@apexgroup.com
Classe;41.978.168/0001-53;2026-01-01;1;2026-02-12;BARZEL BLP FII RESPONSABILIDADE LIMITADA;2021-08-18;INVESTIDOR PROFISSIONAL;;2639597.63;N;N;;Outros;Ativa;Indeterminado;;31/12;N;N;S;N;N;OURIBANK S.A. BANCO MULTIPLO;78632767000120;Av. Paulista;1728;Sobreloja, 2º, 3º, 4º, 5º e 7º andares;Bela Vista;São Paulo;SP;01310-919;4081-4402;4081-4576;4081-4444;ouribank.com;admfundos@ouribank.com
Classe;42.066.916/0001-94;2026-01-01;2;2026-02-13;FUNDO DE INVESTIMENTO IMOBILIÁRIO CAIXA CARTEIRA IMOBILIÁRIA;2022-03-16;INVESTIDORES EM GERAL;BRCXCICTF005;2057726;N;N;;Multicategoria;Definida;Indeterminado;;31/12;S;N;N;S;N;CAIXA ECONÔMICA FEDERAL;00360305000104;AVENIDA PAULISTA;750;9º andar;BELA VISTA;SÃO PAULO;SP;01310-300;(11) 3572-4266;;;www.caixa.gov.br;geafi06@caixa.gov.br
Classe;42.085.661/0001-07;2026-01-01;1;2026-02-13;JS ATIVOS FINANCEIROS FUNDO DE INVESTIMENTO IMOBILIÁRIO;2021-10-27;INVESTIDORES EM GERAL;BRJSAFCTF000;77523290;N;N;;Multicategoria;Ativa;Indeterminado;;31/01;S;N;N;S;N;BANCO J SAFRA S.A;03017677000120;AVENIDA PAULISTA;2150;;BELA VISTA;SÃO PAULO;SP;01311-300;0300 105 1234;0800 772 5755;;https://www.safra.com.br/safra-asset/fundo-imobiliario/jsaf11.htm;SAFRA.ASSET@SAFRA.COM.BR
Classe;42.273.236/0001-41;2026-01-01;1;2026-02-09;TELLUS DESENVOLVIMENTO RESIDENCIAL FII;2022-09-19;INVESTIDOR PROFISSIONAL;;244278.58662097;N;N;;Outros;Ativa;Indeterminado;;31/12;N;N;S;N;N;BRL TRUST DTVM S.A.;13486793000142;Rua Alves Guimarães;1216;;Pinheiros;São Paulo;SP;05410-002;(11) 3509-0600;;;www.apexgroup.com/apex-brazil/;infolegal@apexgroup.com
Classe;42.273.290/0001-97;2026-01-01;1;2026-02-13;OPPORTUNITY BALASSIANO FUNDO DE INVESTIMENTO IMOBILIÁRIO;2021-10-01;INVESTIDOR QUALIFICADO;BROBALCTF020;141279;N;N;;Residencial;Ativa;Indeterminado;;31/12;N;N;S;N;N;BRL TRUST DTVM S.A.;13486793000142;Rua Alves Guimarães;1216;;Pinheiros;São Paulo;SP;05410-002;(11) 3509-0600;;;www.apexgroup.com/apex-brazil/;infolegal@apexgroup.com
Classe;42.273.325/0001-98;2026-01-01;1;2026-02-09;KILIMA VOLKANO RECEBIVEIS IMOBILIARIOS FII;2021-12-03;INVESTIDORES EM GERAL;BRKIVOCTF007;2222736;N;N;;Outros;Ativa;Indeterminado;;31/12;S;N;N;S;N;BRL TRUST DTVM S.A.;13486793000142;Rua Alves Guimarães;1216;;Pinheiros;São Paulo;SP;05410-002;(11) 3509-0600;;;www.apexgroup.com/apex-brazil/;infolegal@apexgroup.com
Classe;42.408.956/0001-77;2026-01-01;1;2026-02-06;PORT2 FUNDO DE INVESTIMENTO IMOBILIARIO;2012-12-30;INVESTIDOR PROFISSIONAL;;3137115.8352;N;N;;Multicategoria;Ativa;Indeterminado;;31/12;N;N;S;N;N;BRL TRUST DTVM S.A.;13486793000142;Rua Alves Guimarães;1216;;Pinheiros;São Paulo;SP;05410-002;(11) 3509-0600;;;www.apexgroup.com/apex-brazil/;infolegal@apexgroup.com
Classe;42.432.327/0001-82;2026-01-01;1;2026-02-10;NAVI RESIDENCIAL FUNDO DE INVESTIMENTO IMOBILIÁRIO;2021-08-13;INVESTIDORES EM GERAL;BRAPTOCTF007;4612227;N;N;;Residencial;Ativa;Indeterminado;;30/06;S;N;N;S;N;BRL TRUST DTVM S.A.;13486793000142;Rua Alves Guimarães;1216;;Pinheiros;São Paulo;SP;05410-002;(11) 3509-0600;;;https://www.apexgroup.com/apex-brazil/;infolegal@apexgroup.com
Classe;42.463.823/0001-01;2026-01-01;1;2026-02-13;FUNDO DE INVESTIMENTO IMOBILIARIO XP EXETER II;2021-11-03;INVESTIDOR QUALIFICADO E PROFISSIONAL;BR09NMCTF009;179999.99997977;N;N;;Logística;Ativa;Indeterminado;;31/12;S;S;N;S;N;OLIVEIRA TRUST DTVM S.A.;36113876000191;Av. das Américas;3434;Bl. 7 Grupo 201;Barra da Tijuca;Rio de Janeiro;RJ;22640-102;(21) 3514-0000;;;www.oliveiratrust.com.br;ger2.fundos@oliveiratrust.com.br
Classe;42.502.802/0001-40;2026-01-01;1;2026-02-12;KINEA CREDITAS FII RESPONSABILIDADE LIMITADA;2022-01-21;INVESTIDORES EM GERAL;BRKCRECTF009;36000000;N;N;;Multicategoria;Ativa;Indeterminado;;30/06;S;N;N;S;N;INTRAG DISTRIBUIDORA DE TÍTULOS E VALORES MOBILIÁRIOS LTDA;62418140000131;AV BRIGADEIRO FARIA LIMA;3400;10º Andar;ITAIM BIBI;SÃO PAULO;SP;04538132;55 (11) 30726012;;;www.intrag.com.br;produtosestruturados@itau-unibanco.com.br
Classe;42.502.842/0001-91;2026-01-01;1;2026-02-11;RBR PREMIUM RECEBÍVEIS IMOB FUNDO INVESTIMENTO IMOBILIÁRIO;2022-02-02;INVESTIDORES EM GERAL;BRRPRICTF007;3471728;N;N;;Outros;Ativa;Indeterminado;;30/06;S;N;N;S;N;INTRAG DISTRIBUIDORA DE TÍTULOS E VALORES MOBILIÁRIOS LTDA;62418140000131;AV BRIGADEIRO FARIA LIMA;3400;10º Andar;ITAIM BIBI;SÃO PAULO;SP;04538132;55 (11) 30726012;;;www.intrag.com.br;produtosestruturados@itau-unibanco.com.br
Classe;42.516.999/0001-76;2026-01-01;1;2026-02-06;BRAY REAL ESTATE FUNDO DE INVESTIMENTO IMOBILIARIO;2022-12-08;INVESTIDOR PROFISSIONAL;BR0EBWCTF009;17446955.6695726;N;N;;Multicategoria;Ativa;Indeterminado;;31/12;N;S;N;N;S;PLANNER CORRETORA DE VALORES S.A.;00806535000154;Avenida Brigadeiro Faria Lima;3900;10º andar;Itaim Bibi;São Paulo;SP;04538-132;(11) 2172-2600;0800 179 444;(11) 2172-2667;www.planner.com.br;inforegulatorio@planner.com.br
Classe;42.517.145/0001-04;2026-01-01;1;2026-02-06;ARAGUAIA FUNDO DE INVESTIMENTO IMOBILIÁRIO;2023-02-21;INVESTIDOR PROFISSIONAL;BR0IHZCTF000;21652.19935549;N;N;;Multicategoria;Ativa;Indeterminado;;31/12;N;S;N;N;S;PLANNER CORRETORA DE VALORES S.A.;00806535000154;Avenida Brigadeiro Faria Lima;3900;10º andar;Itaim Bibi;São Paulo;SP;04538-132;(11) 2172-2600;0800 179 444;(11) 2172-2667;www.planner.com.br;inforegulatorio@planner.com.br
Classe;42.537.492/0001-07;2026-01-01;1;2026-02-13;PRIMEOFFICES III FII;2021-10-04;INVESTIDOR QUALIFICADO;BR0N83CTF006;654126;N;N;;Multicategoria;Ativa;Indeterminado;;30/06;N;N;S;N;N;BTG PACTUAL SERVICOS FINANCEIROS S/A DTVM;59281253000123;Praia de Botafogo;501;6º Andar;Botafogo;Rio de Janeiro;RJ;22.250-040;55 11 3383-3102;;;www.btgpactual.com;ri.fundoslistados@btgpactual.com
Classe;42.537.540/0001-59;2026-01-01;1;2026-02-13;BRICK 80 FII RL;2021-10-08;INVESTIDOR PROFISSIONAL;BR0AJUCTF004;777282;N;N;;Outros;Definida;Indeterminado;;30/06;S;N;N;S;N;BTG PACTUAL SERVICOS FINANCEIROS S/A DTVM;59281253000123;Praia de Botafogo;501;6º Andar;Botafogo;Rio de Janeiro;RJ;22.250-040;55 11 3383-3102;;;www.btgpactual.com;ri.fundoslistados@btgpactual.com
Classe;42.537.601/0001-88;2026-01-01;1;2026-02-12;FII SPECIALE REAL ESTATE DEV;2023-06-30;INVESTIDOR QUALIFICADO E PROFISSIONAL;BRDVLPCTF003;663375;N;N;;Multicategoria;Definida;Determinado;2029-12-01;30/06;N;N;S;N;N;.BANCO DAYCOVAL S/A;62232889000190;Avenida Paulista;1793;2º Andar;Bela Vista;São Paulo;SP;01311200;0300 111 0500;11 3563-4389;11 3563-4318;www.daycoval.com.br/investimentos/servicos-fiduciarios;informes.regulatorios@bancodaycoval.com.br
Classe;42.592.868/0001-78;2026-01-01;1;2026-02-11;PGP FII;2022-06-01;INVESTIDOR QUALIFICADO;;111750000;S;N;;Multicategoria;Ativa;Indeterminado;;31/12;N;N;S;N;N;BANCO GENIAL S.A.;45246410000155;Praia de Botafogo;228;9 andar;Botafogo;Rio de Janeiro;RJ;22250-906;(21) 3923-3000;(21) 3923-3046;;www.genialinvestimentos.com.br;structured-funds@genial.com.vc
Classe;42.592.916/0001-28;2026-01-01;1;2026-02-12;FUNDO DE INVESTIMENTO IMOB BIG BOX;2024-09-20;INVESTIDORES EM GERAL;BR0DLECTF008;31937107.53;N;N;;Varejo;Ativa;Indeterminado;;31/12;N;N;S;N;N;VÓRTX DTVM LTDA;22610500000188;Rua Gilberto Sabino;215;4º ANDAR;Pinheiros;São Paulo;SP;5425020;11 3030-7177;;;www.vortx.com.br;fundos@vortx.com.br
Classe;42.628.319/0001-06;2026-01-01;1;2026-02-12;WITEX FUNDO DE INVESTIMENTO IMOBILIÁRIO;2021-11-18;INVESTIDORES EM GERAL;;1315551958.03;N;N;;Escritórios;Ativa;Indeterminado;;31/12;N;N;S;N;N;BANCO GENIAL S.A.;45246410000155;Praia de Botafogo;228;9º;Botafogo;Rio de Janeiro;RJ;20091-020;(11)3524-8888;(11) 2137-8888;0800 605 8888;https://www.genialinvestimentos.com.br/;Structured-Funds@genial.com.vc
Classe;42.737.059/0001-07;2026-01-01;1;2026-02-12;KINEA PREMIUM PROPERTIES FII RESPONSABILIDADE LIMITADA;2022-07-21;INVESTIDORES EM GERAL;BRKNPRCTF002;579911;N;N;;Multicategoria;Ativa;Determinado;2026-12-16;30/06;S;N;N;S;N;INTRAG DISTRIBUIDORA DE TÍTULOS E VALORES MOBILIÁRIOS LTDA;62418140000131;AV BRIGADEIRO FARIA LIMA;3400;10º Andar;ITAIM BIBI;SÃO PAULO;SP;04538132;55 (11) 30726012;;;www.intrag.com.br;produtosestruturados@itau-unibanco.com.br
Classe;42.737.077/0001-99;2026-01-01;1;2026-02-11;ITAÚ TEMPUS FUNDO DE INVESTIMENTO IMOBILIÁRIO;2022-11-10;INVESTIDORES EM GERAL;BRTMPSCTF003;978968;N;N;;Outros;Ativa;Determinado;2028-11-10;30/06;S;N;N;S;N;INTRAG DISTRIBUIDORA DE TÍTULOS E VALORES MOBILIÁRIOS LTDA;62418140000131;AV BRIGADEIRO FARIA LIMA;3400;10º Andar;ITAIM BIBI;SÃO PAULO;SP;04538132;55 (11) 30726012;;;www.intrag.com.br;produtosestruturados@itau-unibanco.com.br
Classe;42.754.342/0001-47;2026-01-01;1;2026-02-12;KINEA HEDGE FUND FII RESPONSABILIDADE LIMITADA;2023-02-07;INVESTIDORES EM GERAL;BRKNHFCTF004;19663235;N;N;;Multicategoria;Ativa;Indeterminado;;30/06;S;N;N;S;N;INTRAG DISTRIBUIDORA DE TÍTULOS E VALORES MOBILIÁRIOS LTDA;62418140000131;AV BRIGADEIRO FARIA LIMA;3400;10º Andar;ITAIM BIBI;SÃO PAULO;SP;04538132;55 (11) 30726012;;;www.intrag.com.br;produtosestruturados@itau-unibanco.com.br
Classe;42.754.362/0001-18;2026-01-01;1;2026-02-12;KINEA UNIQUE HY CDI FII RESPONSABILIDADE LIMITADA;2022-12-15;INVESTIDORES EM GERAL;BR0EBICTF008;21484730;N;N;;Multicategoria;Ativa;Indeterminado;;30/06;S;N;N;S;N;INTRAG DISTRIBUIDORA DE TÍTULOS E VALORES MOBILIÁRIOS LTDA;62418140000131;AV BRIGADEIRO FARIA LIMA;3400;10º Andar;ITAIM BIBI;SÃO PAULO;SP;04538132;55 (11) 30726012;;;www.intrag.com.br;produtosestruturados@itau-unibanco.com.br
Classe;42.869.853/0001-04;2026-01-01;1;2026-02-12;FII HIRE RESIDENCIAL I - FII - RESP LIMI;2021-09-20;INVESTIDORES EM GERAL;BRHRESCTF001;468241.8656;N;N;;Multicategoria;Ativa;Determinado;2028-09-01;31/12;S;N;N;S;N;VÓRTX DTVM LTDA;22610500000188;Rua Gilberto Sabino;215;4º ANDAR;Pinheiros;São Paulo;SP;5425020;11 3030-7177;;;www.vortx.com.br;fundos@vortx.com.br
Classe;42.869.869/0001-17;2026-01-01;1;2026-02-12;BARZEL SP FII RESPONSABILIDADE LIMITADA;2022-08-30;INVESTIDOR PROFISSIONAL;;1094688.61;N;N;;Outros;Ativa;Indeterminado;;31/12;N;N;S;N;N;OURIBANK S.A. BANCO MULTIPLO;78632767000120;Av. Paulista;1728;Sobreloja, 2º, 3º, 4º, 5º e 7º andares;Bela Vista;São Paulo;SP;01310-919;4081-4402;4081-4576;4081-4444;ouribank.com;fundos.imobiliarios@ourinvest.com.br
Classe;42.869.879/0001-52;2026-01-01;1;2026-02-09;JACARANDÁ 03 FUNDO DE INVESTIMENTO IMOBILIÁRIO - FII;2021-09-10;INVESTIDOR QUALIFICADO;BR0NP4CTF008;1244955.4397;N;N;;Outros;Ativa;Determinado;2026-09-10;31/12;N;N;S;N;N;BRL TRUST DTVM S.A.;13486793000142;Rua Alves Guimarães;1216;;Pinheiros;São Paulo;SP;05410-002;(11) 3509-0600;;;www.apexgroup.com/apex-brazil/;infolegal@apexgroup.com
Classe;42.869.892/0001-01;2026-01-01;1;2026-02-13;BRIO REAL ESTATE IV - FII;2022-07-25;INVESTIDORES EM GERAL;BRBIPDCTF001;110439;N;N;;Outros;Ativa;Indeterminado;;30/06;S;N;N;S;N;BRL TRUST DTVM S.A.;13486793000142;Rua Alves Guimarães;1216;;Pinheiros;São Paulo;SP;05410-002;(11) 3509-0600;;;www.apexgroup.com/apex-brazil/;infolegal@apexgroup.com
Classe;42.888.583/0001-89;2026-01-01;1;2026-02-12;MANATÍ CAPITAL HEDGE FUND FII;2022-05-26;INVESTIDORES EM GERAL;BRMANACTF006;37536140;N;N;;Outros;Definida;Indeterminado;;30/12;S;S;N;S;N;.BANCO DAYCOVAL S/A;62232889000190;Avenida Paulista;1793;2º Andar;Bela Vista;São Paulo;SP;01311200;0300 111 0500;11 3563-4389;11 3563-4318;www.daycoval.com.br/investimentos/servicos-fiduciarios;informes.regulatorios@bancodaycoval.com.br
Classe;42.922.127/0001-08;2026-01-01;2;2026-02-24;DEVANT PROPERTIES FII;2022-05-05;INVESTIDOR QUALIFICADO E PROFISSIONAL;BRDPROCTF005;5003220;N;N;;Multicategoria;Ativa;Indeterminado;;30/12;S;S;N;S;N;.BANCO DAYCOVAL S/A;62232889000190;Avenida Paulista;1793;2º Andar;Bela Vista;São Paulo;SP;01311200;0300 111 0500;11 3563-4389;11 3563-4318;www.daycoval.com.br/investimentos/servicos-fiduciarios;informes.regulatorios@bancodaycoval.com.br
Classe;42.923.317/0001-40;2026-01-01;1;2026-02-12;FII GHIA DESENVOLVIMENTO;2023-09-29;INVESTIDOR PROFISSIONAL;BR0GXVCTF000;12084.0322;N;N;;Multicategoria;Ativa;Indeterminado;;29/12;N;N;S;N;N;VÓRTX DTVM LTDA;22610500000188;Rua Gilberto Sabino;215;4º ANDAR;Pinheiros;São Paulo;SP;5425020;11 3030-7177;;;www.vortx.com.br;fundos@vortx.com.br
Classe;43.008.233/0001-43;2026-01-01;1;2026-02-13;BTG INCORPORACAO FII;2022-10-31;INVESTIDORES EM GERAL;BR0D70CTF004;98041159;N;N;;Multicategoria;Ativa;Indeterminado;;30/06;N;N;N;N;S;BTG PACTUAL SERVICOS FINANCEIROS S/A DTVM;59281253000123;Praia de Botafogo;501;6º Andar;Botafogo;Rio de Janeiro;RJ;22.250-040;55 11 3383-3102;;;www.btgpactual.com;ri.fundoslistados@btgpactual.com
Classe;43.008.884/0001-33;2026-01-01;2;2026-02-26;MAUÁ PROP INVEST FII;2022-07-26;INVESTIDOR QUALIFICADO;BR0PYECTF005;1557530;N;N;;Multicategoria;Ativa;Indeterminado;;30/06;N;N;S;N;N;BTG PACTUAL SERVICOS FINANCEIROS S/A DTVM;59281253000123;Praia de Botafogo;501;6º Andar;Botafogo;Rio de Janeiro;RJ;22.250-040;55 11 3383-3102;;;www.btgpactual.com;ri.fundoslistados@btgpactual.com
Classe;43.009.610/0001-69;2026-01-01;2;2026-02-24;RBR MALLS FII;2022-05-20;INVESTIDOR PROFISSIONAL;BR0PYNCTF006;4034495;N;N;;Shoppings;Ativa;Indeterminado;;31/12;N;N;S;N;N;BTG PACTUAL SERVICOS FINANCEIROS S/A DTVM;59281253000123;Praia de Botafogo;501;6º Andar;Botafogo;Rio de Janeiro;RJ;22.250-040;55 11 3383-3102;;;www.btgpactual.com;ri.fundoslistados@btgpactual.com
Classe;43.010.485/0001-07;2026-01-01;1;2026-02-13;APEX MALLS FII;2022-11-30;INVESTIDORES EM GERAL;BRAPXMCTF003;2829142;N;N;;Shoppings;Ativa;Indeterminado;;31/12;S;N;N;S;N;BTG PACTUAL SERVICOS FINANCEIROS S/A DTVM;59281253000123;Praia de Botafogo;501;6º Andar;Botafogo;Rio de Janeiro;RJ;22.250-040;55 11 3383-3102;;;www.btgpactual.com;ri.fundoslistados@btgpactual.com
Classe;43.010.543/0001-00;2026-01-01;1;2026-02-13;SPX REAL ESTATE FII;2022-08-03;INVESTIDORES EM GERAL;BRSPXSCTF002;20189040;N;N;;Multicategoria;Ativa;Indeterminado;;31/12;S;N;N;S;N;BTG PACTUAL SERVICOS FINANCEIROS S/A DTVM;59281253000123;Praia de Botafogo;501;6º Andar;Botafogo;Rio de Janeiro;RJ;22.250-040;55 11 3383-3102;;;www.btgpactual.com;ri.fundoslistados@btgpactual.com
Classe;43.010.601/0001-98;2026-01-01;1;2026-02-13;CYRELA LOG FII RL;2022-06-21;INVESTIDOR QUALIFICADO;BRCYLDCTF005;1241847;N;N;;Logística;Ativa;Determinado;2029-05-30;31/12;S;N;N;S;N;BTG PACTUAL SERVICOS FINANCEIROS S/A DTVM;59281253000123;Praia de Botafogo;501;6º Andar;Botafogo;Rio de Janeiro;RJ;22.250-040;55 11 3383-3102;;;www.btgpactual.com;ri.fundoslistados@btgpactual.com
Classe;43.010.844/0001-26;2026-01-01;1;2026-02-13;CANUMA CAPITAL FII;2022-04-13;INVESTIDORES EM GERAL;BRCCMECTF007;67797053;N;N;;Multicategoria;Ativa;Indeterminado;;31/12;S;N;N;S;N;BTG PACTUAL SERVICOS FINANCEIROS S/A DTVM;59281253000123;Praia de Botafogo;501;6º Andar;Botafogo;Rio de Janeiro;RJ;22.250-040;55 11 3383-3102;;;www.btgpactual.com;ri.fundoslistados@btgpactual.com
Classe;43.011.068/0001-89;2026-01-01;2;2026-02-19;NM KSM FII RL;2022-03-03;INVESTIDOR QUALIFICADO;BRNMKSCTF023;305829;N;N;;Logística;Ativa;Determinado;2027-01-20;31/12;N;N;S;N;N;BTG PACTUAL SERVICOS FINANCEIROS S/A DTVM;59281253000123;Praia de Botafogo;501;6º Andar;Botafogo;Rio de Janeiro;RJ;22.250-040;55 11 3383-3102;;;www.btgpactual.com;ri.fundoslistados@btgpactual.com
Classe;43.101.312/0001-02;2026-01-01;1;2026-02-09;FII MEIRINGEN;2022-02-23;INVESTIDOR PROFISSIONAL;BR0DLDCTF000;31432981.0866883;N;N;;Outros;Ativa;Indeterminado;;30/06;N;N;S;N;N;REAG DISTRIBUIDORA DE TITULOS E VALORES MOBILIARIOS SA;34829992000186;Avenida Brigadeiro Faria Lima;2277;17º andar;Jardim Paulistano;São Paulo;SP;01452-000;(11) 3504-6800;;;www.reag.com.br;informeslegais@reag.com.br
Classe;43.164.799/0001-64;2026-01-01;1;2026-02-10;DJF JIVE PROPERTIES FII;2022-03-24;INVESTIDOR PROFISSIONAL;;42494086.2364356;N;N;;Outros;Ativa;Determinado;2030-12-01;31/12;N;S;N;N;S;MODAL DTVM LTDA;36864992000142;Rua Alves Guimarães;1216;;Pinheiros;Sâo Paulo;SP;05410-002;(11) 3509-0600;;;www.apexgroup.com/apex-brazil/;infolegal@apexgroup.com
Classe;43.564.551/0001-90;2026-01-01;1;2026-02-12;PRIME HOTELS FDO INVEST IMOBILIARIO;2021-10-27;INVESTIDOR QUALIFICADO;BR0A5ECTF000;212884;N;N;;Hotel;Definida;Indeterminado;;31/12;N;S;N;N;S;VÓRTX DTVM LTDA;22610500000188;Rua Gilberto Sabino;215;4º ANDAR;Pinheiros;São Paulo;SP;5425020;11 3030-7177;;;www.vortx.com.br;fundos@vortx.com.br
Classe;43.565.147/0001-31;2026-01-01;1;2026-02-11;REAL ESTATE TRANCOSO II FII - CLASSE A;2022-09-23;INVESTIDOR PROFISSIONAL;BR0EPDCTF009;177328.89938148;N;N;;Multicategoria;Ativa;Indeterminado;;31/12;N;N;S;N;N;TRUSTEE DISTRIBUIDORA DE TITULOS E VALORES MOBILIARIOS LTDA.;67030395000146;Avenida Brigadeiro Faria Lima;3.732;11º e 12º andar;Itaim Bibi;São Paulo;SP;04538-132;0800 930 0930;;;www.trusteedtvm.com.br;ouvidoria@trusteedtvm.com.br
Classe;43.617.647/0001-70;2026-01-01;1;2026-02-05;FUNDO DE INVESTIMENTO IMOBILIÁRIO - FII BIOTIC;2022-05-02;INVESTIDOR QUALIFICADO;BR0CNPCTF002;10041000;N;N;;Multicategoria;Ativa;Indeterminado;;30/01;N;N;N;N;N;BRB DISTRIBUIDORA DE TÍTULOS E VALORES MOBILIÁRIOS S.A;33850686000169;Centro Empresarial CNC - SAUN Quadra 5, Lote C;5;2 andar;Asa Norte;Brasília;DF;70040-250;61-34092038;;;https://novo.brb.com.br/;ggeart@dtvm.brb.com.br
Classe;43.617.702/0001-21;2026-01-01;1;2026-02-06;MODULO RENDA CORPORATIVA FII RESP LIMITADA;2022-10-28;INVESTIDOR QUALIFICADO;BR0EMQCTF008;259570.1442;N;N;;Escritórios;Ativa;Indeterminado;;31/12;N;N;S;N;N;BRL TRUST DTVM S.A.;13486793000142;Rua Alves Guimarães;1216;;Pinheiros;São Paulo;SP;05410-002;(11) 3509-0600;;;www.apexgroup.com/apex-brazil/;infolegal@apexgroup.com
Classe;43.619.174/0001-40;2026-01-01;1;2026-02-08;GRANBRAVA FUNDO DE INVESTIMENTO IMOBILIÁRIO RL;2021-12-17;INVESTIDOR PROFISSIONAL;;19285.22772804;S;N;;Outros;Ativa;Indeterminado;;31/12;N;N;S;N;N;HEMERA DISTRIBUIDORA DE TITULOS E VALORES MOBILIARIOS LTDA;39669186000101;AV. AGUA VERDE;1413;CJ 801;AGUA VERDE;CURITIBA;PR;80620-200;+55 (41) 3122-7300;;;https://hemeradtvm.com.br/;atendimentocvm@hemeradtvm.com.br
Classe;43.619.174/0001-40;2026-02-01;1;2026-03-05;GRANBRAVA FUNDO DE INVESTIMENTO IMOBILIÁRIO RL;2021-12-17;INVESTIDOR PROFISSIONAL;;19285.22772804;S;N;;Outros;Ativa;Indeterminado;;31/12;N;N;S;N;N;HEMERA DISTRIBUIDORA DE TITULOS E VALORES MOBILIARIOS LTDA;39669186000101;AV. AGUA VERDE;1413;CJ 801;AGUA VERDE;CURITIBA;PR;80620-200;+55 (41) 3122-7300;;;https://hemeradtvm.com.br/;atendimentocvm@hemeradtvm.com.br
Classe;43.619.218/0001-31;2026-01-01;1;2026-02-12;BARZEL CEA FII RESPONSABILIDADE LIMITADA;2021-10-25;INVESTIDOR PROFISSIONAL;;3557364.2534;N;N;;Outros;Ativa;Indeterminado;;31/12;N;N;S;N;N;OURIBANK S.A. BANCO MULTIPLO;78632767000120;Av. Paulista;1728;Sobreloja, 2º, 3º, 4º, 5º e 7º andares;Bela Vista;São Paulo;SP;01310-919;4081-4402;4081-4576;4081-4444;ouribank.com;admfundos@ouribank.com
Classe;43.671.250/0001-66;2026-01-01;1;2026-02-11;LAGUNA FUNDO DE INVESTIMENTO IMOBILIÁRIO - FII;2024-05-27;INVESTIDOR PROFISSIONAL;BR0JVPCTF000;60234;N;N;;Multicategoria;Ativa;Indeterminado;;30/06;N;N;S;N;N;TRUSTEE DISTRIBUIDORA DE TITULOS E VALORES MOBILIARIOS LTDA.;67030395000146;Avenida Brigadeiro Faria Lima;3.732;11º e 12º andar;Itaim Bibi;São Paulo;SP;04538-132;0800 930 0930;;;www.trusteedtvm.com.br;ouvidoria@trusteedtvm.com.br
Classe;43.671.358/0001-59;2026-01-01;1;2026-02-10;AZURITA FUNDO DE INVESTIMENTO IMOBILIÁRIO;2022-12-09;INVESTIDOR PROFISSIONAL;BR0EMKCTF001;41122.02277202;N;N;;Multicategoria;Ativa;Indeterminado;;31/12;S;N;N;S;N;TRUSTEE DISTRIBUIDORA DE TITULOS E VALORES MOBILIARIOS LTDA.;67030395000146;Avenida Brigadeiro Faria Lima;3.732;11º e 12º andar;Itaim Bibi;São Paulo;SP;04538-132;0800 930 0930;;;www.trusteedtvm.com.br;ouvidoria@trusteedtvm.com.br
Classe;43.740.825/0001-55;2026-01-01;1;2026-02-17;KOMBI AZUL FUNDO DE INVESTIMENTO IMOBILIÁRIO;2021-11-18;INVESTIDORES EM GERAL;;42318.89734416;N;N;;Shoppings;Ativa;Indeterminado;;30/06;N;N;S;N;N;ID CORRETORA DE TITULOS E VALORES MOBILIARIOS S.A.;16695922000109;AV PRES JUSCELINO KUBITSCHEK;1726;19 ANDAR;VILA NOVA CONCEICAO;SÃO PAULO;SP;04543000;11 4637 6633;;;WWW.IDSF.COM.BR;administracao@idsf.com.br
Classe;43.741.150/0001-69;2026-01-01;1;2026-02-12;WHG FINVEST SP REALTY FII;2022-09-14;INVESTIDOR QUALIFICADO;BRSPDECTF012;91400.00621264;N;N;;Residencial;Ativa;Indeterminado;;31/12;S;S;N;S;N;XP INVESTIMENTOS CORRETORA DE CÂMBIO, TÍTULOS E VAL MOB S/A;02332886000104;AVENIDA ATAULFO DE PAIVA;153;5º e 8º andares;LEBLON;RIO DE JANEIRO;RJ;22440-033;(11) 3027-2237;;;www.xpi.com.br;adm.fundos.estruturados@xpi.com.br
Classe;43.741.171/0001-84;2026-01-01;2;2026-03-05;FUNDO DE INVESTIMENTO IMOBILIARIO SUNO ENERGIAS LIMPAS;2022-12-23;INVESTIDORES EM GERAL;BRSNELCTF010;110660136;N;N;;Outros;Ativa;Indeterminado;;31/12;S;N;N;S;N;SINGULARE CORRETORA DE TITULOS E VALORES MOBILIARIOS S.A;62285390000140;AVENIDA BRIGADEIRO FARIA LIMA;1355;5 ANDAR;JARDIM PAULISTANO;SÃO PAULO;SP;01452-919;(11) 2827-3500;;;https://qitech.com.br/dtvm/;fii.adm@qitech.com.br
Classe;43.741.195/0001-33;2026-01-01;1;2026-02-12;MAUÁ CAPITAL CRÉDITO ESTRUTURADO FII;2022-09-28;INVESTIDORES EM GERAL;BR0DLLCTF003;9329342;N;N;;Outros;Ativa;Indeterminado;;30/06;S;N;N;S;N;XP INVESTIMENTOS CORRETORA DE CÂMBIO, TÍTULOS E VAL MOB S/A;02332886000104;AVENIDA ATAULFO DE PAIVA;153;5º e 8º andares;LEBLON;RIO DE JANEIRO;RJ;22440-033;(11) 3027-2237;;;www.xpi.com.br;adm.fundos.estruturados@xpi.com.br
Classe;43.790.197/0001-12;2026-01-01;1;2026-02-11;NOVO CAMPO FUNDO DE INVESTIMENTO IMOBILIÁRIO - FII;2022-10-18;INVESTIDOR PROFISSIONAL;BR0EL3CTF005;52800;N;N;;Multicategoria;Ativa;Indeterminado;;30/06;S;N;N;S;N;TRUSTEE DISTRIBUIDORA DE TITULOS E VALORES MOBILIARIOS LTDA.;67030395000146;Avenida Brigadeiro Faria Lima;3.732;11º e 12º andar;Itaim Bibi;São Paulo;SP;04538-132;0800 930 0930;;;www.trusteedtvm.com.br;ouvidoria@trusteedtvm.com.br
Classe;43.862.625/0001-75;2026-01-01;1;2026-02-13;BRC II FII - RESPONSABILIDADE LIMITADA;2018-05-17;INVESTIDORES EM GERAL;BRRTELCTF001;347200;N;N;;Multicategoria;Ativa;Indeterminado;;31/12;N;N;S;N;N;BR-CAPITAL DIST. DE TÍTULOS E VALORES MOBILIÁRIOS S/A;44077014000189;RUA SURUBIM;577;CONJ. 101;CIDADE MONÇÕES;SÃO PAULO;SP;04571-050;(11) 5508-3500;;;www.brcapital.com.br;fundos@brcapital.com.br
Classe;43.867.361/0001-42;2026-01-01;1;2026-02-13;JK 1455 FUNDO DE INVESTIMENTO IMOBILIÁRIO;2021-09-22;INVESTIDORES EM GERAL;BRSPTWCTF002;87050000;N;N;;Escritórios;Ativa;Indeterminado;;31/12;N;N;S;N;N;BANCO GENIAL S.A.;45246410000155;Praia de Botafogo;228;9º;Botafogo;Rio de Janeiro;RJ;20091-020;(11)3524-8888;(11) 2137-8888;0800 605 8888;https://www.genialinvestimentos.com.br/;Structured-Funds@genial.com.vc
Classe;43.867.799/0001-20;2026-01-01;1;2026-02-13;MS FUNDO DE INVESTIMENTO IMOBILIÁRIO;2021-09-22;INVESTIDORES EM GERAL;BRSPTWCTF002;200000000;N;N;;Escritórios;Ativa;Indeterminado;;31/12;N;N;S;N;N;BANCO GENIAL S.A.;45246410000155;Praia de Botafogo;228;9º;Botafogo;Rio de Janeiro;RJ;20091-020;(11)3524-8888;(11) 2137-8888;0800 605 8888;https://www.genialinvestimentos.com.br/;Structured-Funds@genial.com.vc
Classe;43.951.744/0001-02;2026-01-01;1;2026-02-12;VT TOWER  FII;2022-06-01;INVESTIDOR QUALIFICADO;;409985000;S;N;;Multicategoria;Ativa;Indeterminado;;31/12;N;N;S;N;N;BANCO GENIAL S.A.;45246410000155;Praia de Botafogo;228;9 andar;Botafogo;Rio de Janeiro;RJ;22250-906;(21) 3923-3000;(21) 3923-3046;;www.genialinvestimentos.com.br;structured-funds@genial.com.vc
Classe;43.951.785/0001-90;2026-01-01;1;2026-02-13;FL SQUARE FUNDO DE INVESTIMENTO IMOBILIÁRIO;2021-09-22;INVESTIDORES EM GERAL;BRSPTWCTF002;125650000;N;N;;Escritórios;Ativa;Indeterminado;;31/12;N;N;S;N;N;BANCO GENIAL S.A.;45246410000155;Praia de Botafogo;228;9º;Botafogo;Rio de Janeiro;RJ;20091-020;(11)3524-8888;(11) 2137-8888;0800 605 8888;https://www.genialinvestimentos.com.br/;Structured-Funds@genial.com.vc
Classe;43.951.817/0001-58;2026-01-01;1;2026-02-12;PDC FUNDO DE INVESTIMENTO IMOBILIÁRIO;2022-06-01;INVESTIDOR QUALIFICADO;;483450000;S;N;;Multicategoria;Ativa;Indeterminado;;31/12;N;N;S;N;N;BANCO GENIAL S.A.;45246410000155;Praia de Botafogo;228;9º Andar;Botafogo;Rio de Janeiro;RJ;22250-906;(21) 3923-3000;(21) 3923-3046;;www.genialinvestimentos.com.br;structured-funds@genial.com.vc
Classe;43.951.851/0001-22;2026-01-01;1;2026-02-12;TNU FII;2022-06-01;INVESTIDOR QUALIFICADO;;275413540.461884;S;N;;Multicategoria;Ativa;Indeterminado;;31/12;N;N;S;N;N;BANCO GENIAL S.A.;45246410000155;Praia de Botafogo;228;9 andar;Botafogo;Rio de Janeiro;RJ;22250-906;(21) 3923-3000;(21) 3923-3046;;www.genialinvestimentos.com.br;structured-funds@genial.com.vc
Classe;43.951.875/0001-81;2026-01-01;1;2026-02-13;VIC DESENVOLVIMENTO VINTAGE 22/23 FII;2022-07-29;INVESTIDOR QUALIFICADO;BRVDSVR01M15;38137;N;N;;Multicategoria;Ativa;Indeterminado;;30/06;S;S;N;S;N;BANCO GENIAL S.A.;45246410000155;Praia de Botafogo;228;9º Andar;Botafogo;Rio de Janeiro;RJ;22250-906;(21 )3923-3000;(21 )3923-3046;;www.genialinvestimentos.com.br;structured-funds@genial.com.vc
Classe;43.951.941/0001-13;2026-01-01;1;2026-02-13;FLFC FUNDO DE INVESTIMENTO IMOBILIÁRIO;2021-09-22;INVESTIDORES EM GERAL;BRSPTWCTF002;213780000;N;N;;Escritórios;Ativa;Indeterminado;;31/12;N;N;S;N;N;BANCO GENIAL S.A.;45246410000155;Praia de Botafogo;228;9º;Botafogo;Rio de Janeiro;RJ;20091-020;(11)3524-8888;(11) 2137-8888;0800 605 8888;https://www.genialinvestimentos.com.br/;Structured-Funds@genial.com.vc
Classe;43.951.970/0001-85;2026-01-01;1;2026-02-12;PDC II FUNDO DE INVESTIMENTO IMOBILIÁRIO;2022-06-28;INVESTIDOR QUALIFICADO;BR0HA5CTF000;181600000;S;N;;Multicategoria;Ativa;Indeterminado;;31/12;N;N;S;N;N;BANCO GENIAL S.A.;45246410000155;Praia de Botafogo;228;9º Andar;Botafogo;Rio de Janeiro;RJ;22250-906;(21) 3923-3000;(21) 3923-3046;;www.genialinvestimentos.com.br;structured-funds@genial.com.vc
Classe;43.985.938/0001-10;2026-01-01;1;2026-02-13;TRX HEDGE FII;2024-11-14;INVESTIDORES EM GERAL;BRTRXYCTF004;15970289;N;N;;Multicategoria;Ativa;Indeterminado;;31/12;S;N;N;S;N;BRL TRUST DTVM S.A.;13486793000142;Rua Alves Guimarães;1216;;Pinheiros;São Paulo;SP;05410-002;(11) 3509-0600;;;www.apexgroup.com/apex-brazil/;infolegal@apexgroup.com
Classe;44.002.561/0001-03;2026-01-01;1;2026-02-12;TORINO FDO INVEST IMOB RESP LTDA;2022-12-13;INVESTIDOR PROFISSIONAL;BR0EHWCTF006;670644;N;N;;Multicategoria;Ativa;Indeterminado;;30/06;N;N;S;N;N;VÓRTX DTVM LTDA;22610500000188;Rua Gilberto Sabino;215;4º ANDAR;Pinheiros;São Paulo;SP;5425020;11 3030-7177;;;www.vortx.com.br;fundos@vortx.com.br
Classe;44.107.380/0001-33;2026-01-01;1;2026-02-12;BRM FUNDO DE INVESTIMENTO IMOBILIARIO;2021-12-07;INVESTIDOR QUALIFICADO E PROFISSIONAL;;596131.8;N;N;;Outros;Ativa;Indeterminado;;31/12;N;N;S;N;N;OURIBANK S.A. BANCO MULTIPLO;78632767000120;Av. Paulista;1728;Sobreloja, 2º, 3º, 4º, 5º e 7º andares;Bela Vista;São Paulo;SP;01310-919;4081-4402;4081-4576;4081-4444;ouribank.com;admfundos@ouribank.com
Classe;44.302.072/0001-69;2026-01-01;1;2026-02-12;BARRA FUNDO DE INVESTIMENTO IMOBILIARIO;2021-12-13;INVESTIDOR QUALIFICADO;BR0LUYCTF000;225791.3716;N;N;;Multicategoria;Ativa;Indeterminado;;31/12;N;N;S;N;N;VÓRTX DTVM LTDA;22610500000188;Rua Gilberto Sabino;215;4º ANDAR;Pinheiros;São Paulo;SP;5425020;11 3030-7177;;;www.vortx.com.br;fundos@vortx.com.br
Classe;44.395.062/0001-15;2026-01-01;1;2026-02-10;FII JIVE PROPERTIES III;2021-12-08;INVESTIDOR PROFISSIONAL;;229341101.915148;N;N;;Outros;Ativa;Indeterminado;;31/12;N;S;N;N;S;MODAL DTVM LTDA;05389174000101;Rua Alves Guimarães;1216;;Pinheiros;Sâo Paulo;SP;05410-002;(11) 3509-0600;;;www.apexgroup.com/apex-brazil/;infolegal@apexgroup.com
Classe;44.428.541/0001-90;2026-01-01;1;2026-02-10;JIVE PROPERTIES MULTIESTRATÉGIA FII;2022-06-24;INVESTIDOR PROFISSIONAL;;106318393.756974;N;N;;Outros;Ativa;Indeterminado;;31/12;N;S;N;N;S;MODAL DTVM LTDA;36864992000142;Rua Alves Guimarães;1216;;Pinheiros;Sâo Paulo;SP;05410-002;(11) 3509-0600;;;www.apexgroup.com/apex-brazil/;infolegal@apexgroup.com
Classe;44.514.162/0001-13;2026-01-01;1;2026-02-12;HEDGE DESENVOLVIMENTO LOGÍSTICO FUNDO DE INV IMOB;2022-09-09;INVESTIDOR QUALIFICADO;BRHDELCTF006;840000;N;N;;Logística;Definida;Determinado;2026-09-05;31/12;S;N;N;S;N;HEDGE INVESTMENTS DTVM LTDA;07253654000176;AVENIDA BRIGADEIRO FARIA LIMA;3600;11º ANDAR CJ 112;ITAIM BIBI;SÃO PAULO;SP;04538-132;(11) 5412-5400;;;www.hedgeinvest.com.br;dtvm@hedgeinvest.com.br
Classe;44.527.494/0001-32;2026-01-01;1;2026-02-12;ARX DOVER RECEBÍVEIS FUNDO DE INVESTIMENTO IMOBILIÁRIO;2022-06-02;INVESTIDORES EM GERAL;BRARXDR01M19;8828286;N;N;;Multicategoria;Ativa;Indeterminado;;30/06;S;N;N;S;N;HEDGE INVESTMENTS DTVM LTDA;07253654000176;AVENIDA BRIGADEIRO FARIA LIMA;3600;11º ANDAR CJ 112;ITAIM BIBI;SÃO PAULO;SP;04538-132;(11) 5412-5400;;;www.hedgeinvest.com.br;dtvm@hedgeinvest.com.br
Classe;44.584.965/0001-44;2026-01-01;1;2026-02-09;FOCO FUNDO DE INVESTIMENTO IMOBILIARIO;2023-06-27;INVESTIDOR PROFISSIONAL;;6510537.54823588;N;N;;Outros;Ativa;Indeterminado;;31/12;N;N;S;N;N;AZUMI DISTRIBUIDORA DE TÍTULOS E VALORES MOBILIÁRIOS LTDA.;40434681000110;Rua Dr. Rubens Gomes Bueno;691;Conjunto 131;Várzea de Baixo;SÃO PAULO;SP;04730-903;+55 (11) 2626-9780;;;https://azumidtvm.com.br/;atendimento@azumidtvm.com.br
Classe;44.584.965/0001-44;2026-02-01;1;2026-03-02;FOCO FUNDO DE INVESTIMENTO IMOBILIARIO;2023-06-27;INVESTIDOR PROFISSIONAL;;6510537.54823588;N;N;;Outros;Ativa;Indeterminado;;31/12;N;N;S;N;N;AZUMI DISTRIBUIDORA DE TÍTULOS E VALORES MOBILIÁRIOS LTDA.;40434681000110;Rua Dr. Rubens Gomes Bueno;691;Conjunto 131;Várzea de Baixo;SÃO PAULO;SP;04730-903;+55 (11) 2626-9780;;;https://azumidtvm.com.br/;atendimento@azumidtvm.com.br
Classe;44.585.121/0001-18;2026-01-01;1;2026-02-09;ASSET BANK - FUNDO DE INVESTIMENTO IMOBILIÁRIO;2022-10-31;INVESTIDOR PROFISSIONAL;;20804.71837734;N;N;;Outros;Ativa;Indeterminado;;31/12;N;N;S;N;N;AZUMI DISTRIBUIDORA DE TÍTULOS E VALORES MOBILIÁRIOS LTDA.;40434681000110;Rua Dr. Rubens Gomes Bueno;691;Conjunto 131;Várzea de Baixo;SÃO PAULO;SP;04730-903;+55 (11) 2626-9780;;;https://azumidtvm.com.br/;atendimento@azumidtvm.com.br
Classe;44.585.121/0001-18;2026-02-01;1;2026-03-02;ASSET BANK - FUNDO DE INVESTIMENTO IMOBILIÁRIO;2022-10-31;INVESTIDOR PROFISSIONAL;;21035.25026119;N;N;;Outros;Ativa;Indeterminado;;31/12;N;N;S;N;N;AZUMI DISTRIBUIDORA DE TÍTULOS E VALORES MOBILIÁRIOS LTDA.;40434681000110;Rua Dr. Rubens Gomes Bueno;691;Conjunto 131;Várzea de Baixo;SÃO PAULO;SP;04730-903;+55 (11) 2626-9780;;;https://azumidtvm.com.br/;atendimento@azumidtvm.com.br
Classe;44.625.562/0001-04;2026-01-01;1;2026-02-12;FUNDO DE INVESTIMENTO IMOBILIARIO TG REAL ESTATE;2022-01-26;INVESTIDORES EM GERAL;BR0B4QCTF006;143087151;N;N;;Multicategoria;Ativa;Indeterminado;;31/12;S;S;N;S;N;XP INVESTIMENTOS CORRETORA DE CÂMBIO, TÍTULOS E VAL MOB S/A;02332886000104;AVENIDA ATAULFO DE PAIVA;153;5º e 8º andares;LEBLON;RIO DE JANEIRO;RJ;22440-033;(11) 3027-2237;;;www.xpi.com.br;adm.fundos.estruturados@xpi.com.br
Classe;44.625.612/0001-45;2026-01-01;1;2026-02-13;RINV FII;2021-10-28;INVESTIDORES EM GERAL;BRRINVCTF004;3927060;N;N;;Outros;Ativa;Indeterminado;;31/12;S;N;N;S;N;BTG PACTUAL SERVICOS FINANCEIROS S/A DTVM;59281253000123;Praia de Botafogo;501;6º Andar;Botafogo;Rio de Janeiro;RJ;22.250-040;55 11 3383-3102;;;www.btgpactual.com;ri.fundoslistados@btgpactual.com
Classe;44.625.657/0001-10;2026-01-01;1;2026-02-12;FUNDO DE INVESTIMENTO IMOBILIÁRIO TG RENDA IMOBILIÁRIA;2022-04-05;INVESTIDOR QUALIFICADO;BR0BRYCTF015;29112120.9160988;N;N;;Multicategoria;Ativa;Indeterminado;;31/12;S;S;N;S;N;XP INVESTIMENTOS CORRETORA DE CÂMBIO, TÍTULOS E VAL MOB S/A;02332886000104;AVENIDA ATAULFO DE PAIVA;153;5º e 8º andares;LEBLON;RIO DE JANEIRO;RJ;22440-033;(11) 3027-2237;;;www.xpi.com.br;adm.fundos.estruturados@xpi.com.br
Classe;44.669.639/0001-30;2026-01-01;1;2026-02-12;BRM FUNDO DE INVESTIMENTO IMOBILIARIO II;2022-09-02;INVESTIDOR QUALIFICADO E PROFISSIONAL;;197516.1;N;N;;Outros;Ativa;Indeterminado;;31/12;N;N;S;N;N;OURIBANK S.A. BANCO MULTIPLO;78632767000120;Av. Paulista;1728;Sobreloja, 2º, 3º, 4º, 5º e 7º andares;Bela Vista;São Paulo;SP;01310-919;4081-4402;4081-4576;4081-4444;ouribank.com;admfundos@ouribank.com
Classe;44.669.674/0001-59;2026-01-01;1;2026-02-12;FII TAG OCEANUS;2022-04-14;INVESTIDOR PROFISSIONAL;BR0JS3CTF003;254858.3521;N;N;;Multicategoria;Ativa;Indeterminado;;30/12;N;N;S;N;N;VÓRTX DTVM LTDA;22610500000188;Rua Gilberto Sabino;215;4º ANDAR;Pinheiros;São Paulo;SP;5425020;11 3030-7177;;;www.vortx.com.br;fundos@vortx.com.br
Classe;44.674.528/0001-11;2026-01-01;1;2026-02-12;FII AROEIRA 333 RENDA LOGISTICA;2022-05-06;INVESTIDORES EM GERAL;BRAROACTF003;167926832;N;N;;Multicategoria;Ativa;Indeterminado;;30/12;S;N;N;S;N;VÓRTX DTVM LTDA;22610500000188;Rua Gilberto Sabino;215;4º ANDAR;Pinheiros;São Paulo;SP;5425020;11 3030-7177;;;www.vortx.com.br;fundos@vortx.com.br
Classe;44.680.435/0001-08;2026-01-01;1;2026-02-13;OCTO FUNDO DE INVESTIMENTO IMOBILIARIO;2022-10-17;INVESTIDORES EM GERAL;BROCRECTF001;422986;N;N;;Multicategoria;Ativa;Indeterminado;;31/12;N;N;S;N;N;ID CORRETORA DE TITULOS E VALORES MOBILIARIOS S.A.;16695922000109;AV PRES JUSCELINO KUBITSCHEK;1726;19 ANDAR;VILA NOVA CONCEICAO;SÃO PAULO;SP;04543000;11 4637 6633;;;WWW.IDSF.COM.BR;administracao@idsf.com.br
Classe;44.680.449/0001-13;2026-01-01;1;2026-02-17;MAHOGANY MULTIESTRATEGIA FUNDO DE INVESTIMENTO IMOBILIARIO;2022-12-21;INVESTIDOR PROFISSIONAL;;7223.8057699;N;N;;Multicategoria;Ativa;Indeterminado;;31/12;N;N;S;N;N;ID CORRETORA DE TITULOS E VALORES MOBILIARIOS S.A.;16695922000109;AV PRES JUSCELINO KUBITSCHEK;1726;19 ANDAR;VILA NOVA CONCEICAO;SÃO PAULO;SP;04543000;11 4637 6633;;;WWW.IDSF.COM.BR;administracao@idsf.com.br
Classe;44.683.052/0001-85;2026-01-01;1;2026-02-06;FUNDO DE INVESTIMENTO IMOBILIARIO ALUMIE - FII;2023-09-05;INVESTIDOR PROFISSIONAL;;11828.55240388;S;N;;Outros;Ativa;Indeterminado;;30/06;N;N;S;N;N;INTRA INVESTIMENTOS DTVM LTDA;15489568000195;RUA JOAQUIM FLORIANO;1120;5º ANDAR;ITAIM BIBI;SÃO PAULO;SP;04534004;(11) 31985151;;;www.intrainvestimentos.com.br;administracao.fundos@intrainvestimentos.com.br
Classe;44.683.052/0001-85;2026-02-01;1;2026-03-03;FUNDO DE INVESTIMENTO IMOBILIARIO ALUMIE - FII;2023-09-05;INVESTIDOR PROFISSIONAL;;11885.45134676;S;N;;Outros;Ativa;Indeterminado;;30/06;N;N;S;N;N;INTRA INVESTIMENTOS DTVM LTDA;15489568000195;RUA JOAQUIM FLORIANO;1120;5º ANDAR;ITAIM BIBI;SÃO PAULO;SP;04534004;(11) 31985151;;;www.intrainvestimentos.com.br;administracao.fundos@intrainvestimentos.com.br
Classe;44.705.818/0001-85;2026-01-01;1;2026-02-10;LBV FUNDO DE INVESTIMENTO IMOBILIÁRIO;2023-07-05;INVESTIDOR QUALIFICADO;0;187.58324438;N;N;;Outros;Ativa;Indeterminado;;30/06;N;N;S;N;N;REAG TRUST DISTRIBUIDORA DE TITULOS E VALORES MOBILIARIOS SA;34829992000186;Avenida Brigadeiro Faria Lima,;2277;17º andar;Jardim Paulistano;São Paulo;SP;01452-000;(11) 3504-6800;;;www.reag.com.br;informeslegais@reag.com.br
Classe;44.728.323/0001-71;2026-01-01;1;2026-02-10;FII REAG RECEBIVEIS;2022-10-19;INVESTIDOR PROFISSIONAL;0;0;N;N;;Outros;Ativa;Indeterminado;;31/12;N;N;S;N;N;REAG DISTRIBUIDORA DE TITULOS E VALORES MOBILIARIOS SA;34829992000186;Avenida Brigadeiro Faria Lima;2277;17º andar;Jardim Paulistano;São Paulo;SP;01452-000;(11) 3504-6800;;;www.reag.com.br;informeslegais@reag.com.br
Classe;44.728.452/0001-60;2026-01-01;1;2026-02-17;MOGNO LOGÍSTICA FUNDO DE INVESTIMENTO IMOBILIARIO;2022-07-15;INVESTIDOR PROFISSIONAL;;10059.7380866;N;N;;Multicategoria;Ativa;Indeterminado;;30/06;N;N;S;N;N;ID CORRETORA DE TITULOS E VALORES MOBILIARIOS S.A.;16695922000109;AV PRES JUSCELINO KUBITSCHEK;1726;19 ANDAR;VILA NOVA CONCEICAO;SÃO PAULO;SP;04543000;11 4637 6633;;;WWW.IDSF.COM.BR;administracao@idsf.com.br
Classe;44.728.520/0001-90;2026-01-01;1;2026-02-13;HIGH END REAL ESTATE FUNDO DE INVESTIMENTO IMOBILIARIO;2025-11-17;INVESTIDORES EM GERAL;BR0BZCCTF006;61704.34332958;N;N;;Multicategoria;Ativa;Indeterminado;;30/06;S;N;N;S;N;OLIVEIRA TRUST DTVM S.A.;36113876000191;Av. das Américas;3434;Bl. 7 Grupo 201;Barra da Tijuca;Rio de Janeiro;RJ;22640-102;(21) 3514-0000;;;www.oliveiratrust.com.br;ger2.fundos@oliveiratrust.com.br
Classe;45.063.985/0001-32;2026-01-01;1;2026-02-13;FII ARTEMIS 20222;2022-04-04;INVESTIDOR QUALIFICADO;BR0C42CTF005;674.9769;N;N;;Multicategoria;Ativa;Indeterminado;;30/12;N;S;N;N;N;.BANCO DAYCOVAL S/A;62232889000190;Avenida Paulista;1793;2º Andar;Bela Vista;São Paulo;SP;01311200;0300 111 0500;11 3563-4389;11 3563-4318;www.daycoval.com.br/investimentos/servicos-fiduciarios;informes.regulatorios@bancodaycoval.com.br
Classe;45.105.676/0001-88;2026-01-01;1;2026-02-11;BSB PA FII;2022-06-01;INVESTIDOR QUALIFICADO;;38975000;S;N;;Multicategoria;Ativa;Indeterminado;;31/12;N;N;S;N;N;BANCO GENIAL S.A.;45246410000155;Praia de Botafogo;228;9 andar;Botafogo;Rio de Janeiro;RJ;22250-906;(21) 3923-3000;(21) 3923-3046;;www.genialinvestimentos.com.br;structured-funds@genial.com.vc
Classe;45.105.714/0001-00;2026-01-01;1;2026-02-12;CTN FII;2022-06-01;INVESTIDOR QUALIFICADO;;409890000;S;N;;Multicategoria;Ativa;Indeterminado;;31/12;N;N;S;N;N;BANCO GENIAL S.A.;45246410000155;Praia de Botafogo;228;9 andar;Botafogo;Rio de Janeiro;RJ;22250-906;(21) 3923-3000;(21) 3923-3046;;www.genialinvestimentos.com.br;structured-funds@genial.com.vc
Classe;45.106.274/0001-06;2026-01-01;1;2026-02-11;FII JK B;2022-06-01;INVESTIDOR QUALIFICADO;;291030000;S;N;;Multicategoria;Ativa;Indeterminado;;31/12;N;N;S;N;N;BANCO GENIAL S.A.;45246410000155;Praia de Botafogo;228;9º Andar;Botafogo;Rio de Janeiro;RJ;22250-906;(21) 3923-3000;(21) 3923-3046;;www.genialinvestimentos.com.br;structured-funds@genial.com.vc
Classe;45.106.312/0001-12;2026-01-01;1;2026-02-11;MCH TOWER FII;2022-06-01;INVESTIDOR QUALIFICADO;;165120000;S;N;;Multicategoria;Ativa;Indeterminado;;31/12;N;N;S;N;N;BANCO GENIAL S.A.;45246410000155;Praia de Botafogo;228;9 andar;Botafogo;Rio de Janeiro;RJ;22250-906;(21) 3923-3000;(21) 3923-3046;;www.genialinvestimentos.com.br;structured-funds@genial.com.vc
Classe;45.106.376/0001-13;2026-01-01;1;2026-02-11;ALPH TOWER FII;2022-06-01;INVESTIDOR QUALIFICADO;;25950000;S;N;;Multicategoria;Ativa;Indeterminado;;31/12;N;N;S;N;N;BANCO GENIAL S.A.;45246410000155;Praia de Botafogo;228;9 andar;Botafogo;Rio de Janeiro;RJ;22250-906;(21) 3923-3000;(21) 3923-3046;;www.genialinvestimentos.com.br;structured-funds@genial.com.vc
Classe;45.120.786/0001-19;2026-01-01;1;2026-02-12;FII PLANTA DESENV URBANO RETROFIT;2022-09-16;INVESTIDOR QUALIFICADO;BR0DJMCTF005;82890.04;N;N;;Multicategoria;Definida;Determinado;2029-06-01;30/12;S;S;N;S;S;.BANCO DAYCOVAL S/A;62232889000190;Avenida Paulista;1793;2º Andar;Bela Vista;São Paulo;SP;01311200;0300 111 0500;11 3563-4389;11 3563-4318;www.daycoval.com.br/investimentos/servicos-fiduciarios;informes.regulatorios@bancodaycoval.com.br
Classe;45.123.401/0001-77;2026-01-01;1;2026-02-11;PAN PARK FII;2022-06-01;INVESTIDOR QUALIFICADO;;41700000;S;N;;Multicategoria;Ativa;Indeterminado;;31/12;N;N;S;N;N;BANCO GENIAL S.A.;45246410000155;Praia de Botafogo;228;9 andar;Botafogo;Rio de Janeiro;RJ;22250-906;(21) 3923-3000;(21) 3923-3046;;www.genialinvestimentos.com.br;structured-funds@genial.com.vc
Classe;45.123.465/0001-78;2026-01-01;1;2026-02-11;GAZIN FUNDO DE INVESTIMENTO IMOBILIÁRIO - FII;2022-01-26;INVESTIDOR QUALIFICADO;;1053900;S;N;;Multicategoria;Ativa;Indeterminado;;30/06;N;N;S;N;N;BANCO GENIAL S.A.;45246410000155;Praia de Botafogo;228;9º Andar;Botafogo;Rio de Janeiro;RJ;22250-906;(21) 3923-3000;(21) 3923-3046;;www.genialinvestimentos.com.br;structured-funds@genial.com.vc
Classe;45.188.033/0001-45;2026-01-01;1;2026-02-13;DAYCOVAL RET FII RL;2022-09-01;INVESTIDOR QUALIFICADO;BRASRFCTF003;4000;N;N;;Multicategoria;Ativa;Determinado;2026-09-01;31/12;S;N;N;S;N;BTG PACTUAL SERVICOS FINANCEIROS S/A DTVM;59281253000123;Praia de Botafogo;501;6º Andar;Botafogo;Rio de Janeiro;RJ;22.250-040;55 11 3383-3102;;;www.btgpactual.com;ri.fundoslistados@btgpactual.com
Classe;45.188.066/0001-95;2026-01-01;2;2026-02-27;ZAGROS MULTIESTRATÉGIA FII RESPONSABILIDADE LIMITADA;2022-11-04;INVESTIDORES EM GERAL;BRZAGHCTF007;8891661.96643939;N;N;;Multicategoria;Ativa;Indeterminado;;30/06;S;N;N;S;N;SINGULARE CORRETORA DE TITULOS E VALORES MOBILIARIOS S.A;62285390000140;AVENIDA REBOUÇAS;2942;7º AO 12º ANDAR;PINHEIROS;SÃO PAULO;SP;05402-500;(11) 2827-3500;;;https://qitech.com.br/dtvm/;fii.adm@qitech.com.br
Classe;45.188.099/0001-35;2026-01-01;1;2026-02-13;TELLUS MULTI FII RL;2024-08-09;INVESTIDOR QUALIFICADO;BRTELMCTF002;3100500;N;N;;Multicategoria;Ativa;Indeterminado;;31/12;S;N;N;S;N;BTG PACTUAL SERVICOS FINANCEIROS S/A DTVM;59281253000123;Praia de Botafogo;501;6º Andar;Botafogo;Rio de Janeiro;RJ;22.250-040;55 11 3383-3102;;;www.btgpactual.com;ri.fundoslistados@btgpactual.com
Classe;45.188.124/0001-80;2026-01-01;1;2026-02-13;EMPIRICA CRI FII RL;2022-11-11;INVESTIDOR QUALIFICADO;BR0LNWCTF009;178925;N;N;;Outros;Ativa;Indeterminado;;30/06;N;N;S;N;N;BTG PACTUAL SERVICOS FINANCEIROS S/A DTVM;59281253000123;Praia de Botafogo;501;6º Andar;Botafogo;Rio de Janeiro;RJ;22.250-040;55 11 3383-3102;;;www.btgpactual.com;ri.fundoslistados@btgpactual.com
Classe;45.188.176/0001-57;2026-01-01;1;2026-02-13;BTGP HEDGE FUND FII;2023-01-31;INVESTIDORES EM GERAL;BR0EI9CTF007;205846940;N;N;;Outros;Ativa;Indeterminado;;30/06;N;N;N;N;S;BTG PACTUAL SERVICOS FINANCEIROS S/A DTVM;59281253000123;Praia de Botafogo;501;6º Andar;Botafogo;Rio de Janeiro;RJ;22.250-040;55 11 3383-3102;;;www.btgpactual.com;ri.fundoslistados@btgpactual.com
Classe;45.188.199/0001-61;2026-01-01;1;2026-02-13;BRICK 104 FII RL;2023-01-05;INVESTIDOR PROFISSIONAL;BR0EQDCTF007;14965;N;N;;Outros;Ativa;Determinado;2063-01-05;31/12;S;N;N;S;N;BTG PACTUAL SERVICOS FINANCEIROS S/A DTVM;59281253000123;Praia de Botafogo;501;6º Andar;Botafogo;Rio de Janeiro;RJ;22.250-040;55 11 3383-3102;;;www.btgpactual.com;ri.fundoslistados@btgpactual.com
Classe;45.254.732/0001-46;2026-01-01;1;2026-02-08;FII POXIM RL;2022-02-10;INVESTIDOR PROFISSIONAL;;510282.00000169;N;N;;Multicategoria;Ativa;Indeterminado;;31/12;N;S;N;N;S;HEMERA DISTRIBUIDORA DE TITULOS E VALORES MOBILIARIOS LTDA;39669186000101;AV. AGUA VERDE;1413;CJ 801;AGUA VERDE;CURITIBA;PR;80620-200;+55 (41) 3122-7300;;;https://hemeradtvm.com.br/;atendimentocvm@hemeradtvm.com.br
Classe;45.254.732/0001-46;2026-02-01;1;2026-03-05;FII POXIM RL;2022-02-10;INVESTIDOR PROFISSIONAL;;556944.00000169;N;N;;Multicategoria;Ativa;Indeterminado;;31/12;N;S;N;N;S;HEMERA DISTRIBUIDORA DE TITULOS E VALORES MOBILIARIOS LTDA;39669186000101;AV. AGUA VERDE;1413;CJ 801;AGUA VERDE;CURITIBA;PR;80620-200;+55 (41) 3122-7300;;;https://hemeradtvm.com.br/;atendimentocvm@hemeradtvm.com.br
Classe;45.338.646/0001-11;2026-01-01;1;2026-02-13;FII VBI CRÉDITO ALOCAÇÃO ESTRATÉGICA;2022-07-04;INVESTIDORES EM GERAL;BR0C9JCTF009;30213893;N;N;;Outros;Ativa;Determinado;2029-07-04;31/12;N;N;S;N;N;BRL TRUST DTVM S.A.;13486793000142;Rua Alves Guimarães;1216;;Pinheiros;São Paulo;SP;05410-002;(11) 3509-0600;;;www.apexgroup.com/apex-brazil/;infolegal@apexgroup.com
Classe;45.727.531/0001-19;2026-01-01;1;2026-02-12;FUNDO DE INVESTIMENTO IMOBILIÁRIO JK B II;2022-03-07;INVESTIDOR QUALIFICADO;;95320000;S;N;;Multicategoria;Ativa;Indeterminado;;31/12;N;N;S;N;N;BANCO GENIAL S.A.;45246410000155;Praia de Botafogo;228;9º Andar;Botafogo;Rio de Janeiro;RJ;22250-906;(21) 3923-3000;(21) 3923-3046;;www.genialinvestimentos.com.br;structured-funds@genial.com.vc
Classe;45.742.299/0001-98;2026-01-01;1;2026-02-12;PDC III FUNDO DE INVESTIMENTO IMOBILIÁRIO;2022-03-07;INVESTIDOR QUALIFICADO;;26600000;S;N;;Multicategoria;Ativa;Indeterminado;;31/12;N;N;S;N;N;BANCO GENIAL S.A.;45246410000155;Praia de Botafogo;228;9º Andar;Botafogo;Rio de Janeiro;RJ;22250-906;(21) 3923-3000;(21) 3923-3046;;www.genialinvestimentos.com.br;structured-funds@genial.com.vc
Classe;45.777.119/0001-03;2026-01-01;1;2026-02-13;G5 EMPREENDIMENTO IMOBILIARIO FII;2022-05-24;INVESTIDOR QUALIFICADO;BR0CCHCTF002;26887.1280209;N;N;;Residencial;Ativa;Indeterminado;;30/06;N;N;S;N;N;SINGULARE CORRETORA DE TITULOS E VALORES MOBILIARIOS S.A;62285390000140;AVENIDA REBOUÇAS;2942;7º AO 12º ANDAR;PINHEIROS;SÃO PAULO;SP;05402-500;(11) 2827-3500;;;https://qitech.com.br/dtvm/;fii.adm@qitech.com.br
Classe;46.027.189/0001-07;2026-01-01;1;2026-02-11;BRC III DESENVOLVIMENTO FII - RESPONSABILIDADE LIMITADA;2018-05-17;INVESTIDOR PROFISSIONAL;BR0D51CTF004;204897;N;N;;Multicategoria;Ativa;Indeterminado;;31/12;N;N;S;N;N;BR-CAPITAL DIST. DE TÍTULOS E VALORES MOBILIÁRIOS S/A;44077014000189;RUA SURUBIM;577;CONJ. 101;CIDADE MONÇÕES;SÃO PAULO;SP;04571-050;(11) 5508-3500;;;www.brcapital.com.br;fundos@brcapital.com.br
Classe;46.078.492/0001-39;2026-01-01;1;2026-02-09;FII FOREMAN;2024-03-01;INVESTIDOR PROFISSIONAL;0;8466.6780161;N;N;;Multicategoria;Ativa;Indeterminado;;31/12;N;N;S;N;N;REAG DISTRIBUIDORA DE TITULOS E VALORES MOBILIARIOS SA;34829992000186;Avenida Brigadeiro Faria Lima;2277;17º andar;Jardim Paulistano;São Paulo;SP;01452-000;(11) 3504-6800;;;www.reag.com.br;informeslegais@reag.com.br
Classe;46.079.965/0001-12;2026-01-01;1;2026-02-13;MERITO M01 FII RESPONSABILIDADE LIMITADA;2022-10-06;INVESTIDORES EM GERAL;;62000;N;N;;Outros;Ativa;Indeterminado;;31/12;N;N;S;N;N;MÉRITO DISTRIBUIDORA DE TÍTULOS E VALORES MOBILIÁRIOS LTDA.;41592532000142;Rua Funchal;418;21 andar;Vila Olimpia;São Paulo;SP;04551060;(11) 3386-2555;;;www.meritodtvm.com.br;marcos.ikuno@meritodtvm.com.br
Classe;46.157.247/0001-17;2026-01-01;1;2026-02-13;MERITO CEMITERIOS FII RESPONSABILIDADE LIMITADA;2022-10-06;INVESTIDOR QUALIFICADO;BRMCEMCTF006;3315091;N;N;;Outros;Ativa;Indeterminado;;31/12;S;N;N;S;N;MÉRITO DISTRIBUIDORA DE TÍTULOS E VALORES MOBILIÁRIOS LTDA.;41592532000142;Rua Funchal;418;21 andar;Vila Olimpia;São Paulo;SP;04551060;(11) 3386-2555;;;www.meritodtvm.com.br;marcos.ikuno@meritodtvm.com.br
Classe;46.157.348/0001-98;2026-01-01;2;2026-03-06;PANORAMA REAL ESTATE CREDITO FII;2022-10-11;INVESTIDOR PROFISSIONAL;BRPNRCCTF009;410100;N;N;;Multicategoria;Ativa;Indeterminado;;31/12;S;N;N;S;N;BRL TRUST DTVM S.A.;13486793000142;Rua Alves Guimarães;1216;;Pinheiros;São Paulo;SP;05410-002;(11) 3509-0600;;;www.apexgroup.com/apex-brazil/;infolegal@apexgroup.com
Classe;46.285.299/0001-79;2026-01-01;1;2026-02-13;GALAPAGOS SPECIAL OPORTUNITIES FII RESPONS. LIMITADA;2022-12-23;INVESTIDORES EM GERAL;BRGCOICTF013;113000;N;N;;Residencial;Ativa;Indeterminado;;30/06;S;N;N;S;N;SINGULARE CORRETORA DE TITULOS E VALORES MOBILIARIOS S.A;62285390000140;AVENIDA REBOUÇAS;2942;7º AO 12º ANDAR;PINHEIROS;SÃO PAULO;SP;05402-500;(11) 2827-3500;;;https://qitech.com.br/dtvm/;fii.adm@qitech.com.br
Classe;46.322.850/0001-07;2026-01-01;1;2026-02-13;VALORA CRI INFRA FII;2022-05-23;INVESTIDOR QUALIFICADO E PROFISSIONAL;BR0CL2CTF009;1252026;N;N;;Outros;Definida;Determinado;2027-05-01;30/06;S;S;N;S;S;.BANCO DAYCOVAL S/A;62232889000190;Avenida Paulista;1793;2º Andar;Bela Vista;São Paulo;SP;01311200;0300 111 0500;11 3563-4389;11 3563-4318;www.daycoval.com.br/investimentos/servicos-fiduciarios;informes.regulatorios@bancodaycoval.com.br
Classe;46.334.715/0001-81;2026-01-01;1;2026-02-12;SULAMERICA REAL ESTATE FII;2024-11-08;INVESTIDORES EM GERAL;BR0CKQCTF006;10728379;N;N;;Multicategoria;Definida;Indeterminado;;30/06;S;N;N;S;N;.BANCO DAYCOVAL S/A;62232889000190;Avenida Paulista;1793;2º Andar;Bela Vista;São Paulo;SP;01311200;0300 111 0500;11 3563-4389;11 3563-4318;www.daycoval.com.br/investimentos/servicos-fiduciarios;informes.regulatorios@bancodaycoval.com.br
Classe;46.437.903/0001-35;2026-01-01;1;2026-02-12;FII NAVI HEDGE;2022-10-25;INVESTIDORES EM GERAL;BR0DE9CTF002;53092572;N;N;;Multicategoria;Ativa;Indeterminado;;30/06;S;S;N;S;S;.BANCO DAYCOVAL S/A;62232889000190;Avenida Paulista;1793;2º Andar;Bela Vista;São Paulo;SP;01311200;0300 111 0500;11 3563-4389;11 3563-4318;www.daycoval.com.br/investimentos/servicos-fiduciarios;informes.regulatorios@bancodaycoval.com.br
Classe;46.449.786/0001-20;2026-01-01;1;2026-02-12;SPECIALE BLUE REAL ASSET FII;2023-09-11;INVESTIDOR PROFISSIONAL;BRLTMTCTF000;156501;N;N;;Multicategoria;Ativa;Determinado;2030-11-01;29/12;S;S;N;S;N;.BANCO DAYCOVAL S/A;62232889000190;Avenida Paulista;1793;2º Andar;Bela Vista;São Paulo;SP;01311200;0300 111 0500;11 3563-4389;11 3563-4318;www.daycoval.com.br/investimentos/servicos-fiduciarios;informes.regulatorios@bancodaycoval.com.br
Classe;46.716.709/0001-99;2026-01-01;1;2026-02-06;CONSÓRCIO DO EMPREENDIMENTO NCPFI-RJ FII RESP LTDA;2022-07-25;INVESTIDORES EM GERAL;;31150;N;N;;Outros;Ativa;Determinado;2043-01-31;31/12;N;N;S;N;N;BRL TRUST DTVM S.A.;13486793000142;Rua Alves Guimarães;1216;;Pinheiros;São Paulo;SP;05410-002;(11) 3509-0600;;;www.apexgroup.com/apex-brazil/;infolegal@apexgroup.com
Classe;46.879.122/0001-09;2026-01-01;1;2026-02-13;BOJNICE 421 FUNDO DE INVESTIMENTO IMOBILIARIO;2025-04-01;INVESTIDOR PROFISSIONAL;000000;12731.48;N;N;;Multicategoria;Ativa;Indeterminado;;31/12;N;N;S;N;N;OLIVEIRA TRUST DTVM S.A.;36113876000191;Av. das Américas;3434;Bl. 7 Grupo 201;Barra da Tijuca;Rio de Janeiro;RJ;22640-102;(21) 3514-0000;;;www.oliveiratrust.com.br;ger2.fundos@oliveiratrust.com.br
Classe;46.965.606/0001-62;2026-01-01;1;2026-02-13;FII PEDRA ALTA;2022-11-23;INVESTIDORES EM GERAL;0;23966.29716816;N;N;;Outros;Ativa;Indeterminado;;31/12;N;N;S;N;N;REAG DISTRIBUIDORA DE TITULOS E VALORES MOBILIARIOS SA;34829992000186;Avenida Brigadeiro Faria Lima;2277;17º andar;Jardim Paulistano;São Paulo;SP;01452-000;(11) 3504-6800;;;www.reag.com.br;informeslegais@reag.com.br
Classe;46.965.606/0001-62;2026-02-01;1;2026-03-06;FII PLANNER 2412 - PEDRA ALTA FII;2022-11-23;INVESTIDORES EM GERAL;0;23966.2971684;N;N;;Outros;Ativa;Indeterminado;;31/12;N;N;S;N;N;PLANNER CORRETORA DE VALORES S.A.;00806535000154;Avenida Brigadeiro Faria Lima;3900;10º andar;Jardim Paulistano;São Paulo;SP;04538-132;(11) 3504-6800;;;www.planner.com.br;informacoesregulatorias@planner.com.br
Classe;47.085.640/0001-05;2026-01-01;1;2026-02-10;JAI IV - FII;2023-03-27;INVESTIDOR PROFISSIONAL;BR0ELFCTF003;72488.74678007;N;N;;Outros;Ativa;Indeterminado;;31/12;N;N;S;N;N;MODAL DTVM LTDA;36864992000142;Rua Alves Guimarães;1216;;Pinheiros;Sâo Paulo;SP;05410-002;(11) 3509-0600;;;www.apexgroup.com/apex-brazil/;infolegal@apexgroup.com
Classe;47.102.860/0001-08;2026-01-01;1;2026-02-06;FII ATIVOS EM SAÚDE - SAUD;2022-11-08;INVESTIDORES EM GERAL;BR0E07CTF004;1050000;N;N;;Hospital;Ativa;Indeterminado;;31/12;N;S;N;S;N;PLANNER CORRETORA DE VALORES S.A.;00806535000154;Avenida Brigadeiro Faria Lima;3900;10º andar;Itaim Bibi;São Paulo;SP;04538-132;(11) 2172-2600;0800 179 444;(11) 2172-2667;www.planner.com.br;inforegulatorio@planner.com.br
Classe;47.136.369/0001-90;2026-01-01;1;2026-02-13;REAL ESTATE SPECIAL SITUATIONS I FII;2022-07-14;INVESTIDOR PROFISSIONAL;BR0D50CTF006;366011;N;N;;Residencial;Ativa;Indeterminado;;31/12;S;N;N;S;N;BR-CAPITAL DIST. DE TÍTULOS E VALORES MOBILIÁRIOS S/A;44077014000189;RUA SURUBIM;577;CONJ. 101;CIDADE MONÇÕES;SÃO PAULO;SP;04571-050;(11) 5508-3500;;;www.brcapital.com.br;fundos@brcapital.com.br
Classe;47.142.218/0001-44;2026-01-01;1;2026-02-13;FII REAG RENDA URBANA;2023-12-11;INVESTIDOR QUALIFICADO;0;1882881.22421921;N;N;;Outros;Ativa;Indeterminado;;31/12;N;N;S;N;N;REAG DISTRIBUIDORA DE TITULOS E VALORES MOBILIARIOS SA;34829992000186;Avenida Brigadeiro Faria Lima;2277;17º andar;Jardim Paulistano;São Paulo;SP;01452-000;(11) 3504-6800;;;www.reag.com.br;informeslegais@reag.com.br
Classe;47.154.849/0001-83;2026-01-01;1;2026-02-10;PROPP I FUNDO DE INVESTIMENTO IMOBILIÁRIO;2022-11-03;INVESTIDOR PROFISSIONAL;BR0DFMCTF003;210087;S;N;;Multicategoria;Ativa;Indeterminado;;31/12;S;S;N;S;S;BEM DTVM LTDA;00066670000100;Núcleo Cidade de Deus;S/N;Prédio Prata - 4º Andar;Vila Yara;Osasco;SP;06029-900;(11) 3684-4522;;;www.bradescobemdtvm.com.br;bemdtvm@bradesco.com.br
Classe;47.669.336/0001-05;2026-01-01;1;2026-02-09;FG DEVELOPER INVESTIMENTOS FUNDO DE INVESTIMENTO IMOBILIÁRIO;2025-02-11;INVESTIDOR PROFISSIONAL;;28290.32767848;N;N;;Outros;Ativa;Indeterminado;;31/12;N;N;S;N;N;AZUMI DISTRIBUIDORA DE TÍTULOS E VALORES MOBILIÁRIOS LTDA.;40434681000110;Rua Dr. Rubens Gomes Bueno;691;Conjunto 131;Várzea de Baixo;SÃO PAULO;SP;04730-903;+55 (11) 2626-9780;;;https://azumidtvm.com.br/;atendimento@azumidtvm.com.br
Classe;47.669.336/0001-05;2026-02-01;1;2026-03-02;FG DEVELOPER INVESTIMENTOS FUNDO DE INVESTIMENTO IMOBILIÁRIO;2025-02-11;INVESTIDOR PROFISSIONAL;;28328.43209338;N;N;;Outros;Ativa;Indeterminado;;31/12;N;N;S;N;N;AZUMI DISTRIBUIDORA DE TÍTULOS E VALORES MOBILIÁRIOS LTDA.;40434681000110;Rua Dr. Rubens Gomes Bueno;691;Conjunto 131;Várzea de Baixo;SÃO PAULO;SP;04730-903;+55 (11) 2626-9780;;;https://azumidtvm.com.br/;atendimento@azumidtvm.com.br
Classe;47.669.545/0001-59;2026-01-01;1;2026-02-13;FII VENETO I;2023-01-05;INVESTIDORES EM GERAL;0;230.42514;N;N;;Outros;Ativa;Indeterminado;;31/12;N;N;S;N;N;REAG DISTRIBUIDORA DE TITULOS E VALORES MOBILIARIOS SA;34829992000186;Avenida Brigadeiro Faria Lima;2277;17º andar;Jardim Paulistano;São Paulo;SP;01452-000;(11) 3504-6800;;;www.reag.com.br;informeslegais@reag.com.br
Classe;47.896.665/0001-99;2026-01-01;2;2026-02-25;FII CAPITÂNIA SHOPP;2023-02-23;INVESTIDORES EM GERAL;BR0E9LCTF003;79699818;N;N;;Shoppings;Ativa;Indeterminado;;31/12;S;N;N;S;N;BTG PACTUAL SERVICOS FINANCEIROS S/A DTVM;59281253000123;Praia de Botafogo;501;6º Andar;Botafogo;Rio de Janeiro;RJ;22.250-040;55 11 3383-3102;;;www.btgpactual.com;ri.fundoslistados@btgpactual.com
Classe;48.373.413/0001-48;2026-01-01;1;2026-02-13;CIX ITAPURANGA FUNDO DE INVESTIMENTO IMOBILIÁRIO;2023-09-28;INVESTIDOR QUALIFICADO;;746852;N;N;;Multicategoria;Ativa;Indeterminado;;30/06;N;N;S;N;N;ID CORRETORA DE TITULOS E VALORES MOBILIARIOS S.A.;16695922000109;AV PRES JUSCELINO KUBITSCHEK;1726;19 ANDAR;VILA NOVA CONCEICAO;SÃO PAULO;SP;04543000;11 4637 6633;;;WWW.IDSF.COM.BR;administracao@idsf.com.br
Classe;48.373.428/0001-06;2026-01-01;1;2026-02-13;CIX PONTA NEGRA FUNDO DE INVESTIMENTO IMOBILIÁRIO;2023-09-27;INVESTIDOR QUALIFICADO;BR0Q7SCTF008;134733.9998;N;N;;Multicategoria;Ativa;Indeterminado;;30/06;N;N;S;N;N;ID CORRETORA DE TITULOS E VALORES MOBILIARIOS S.A.;16695922000109;AV PRES JUSCELINO KUBITSCHEK;1726;19 ANDAR;VILA NOVA CONCEICAO;SÃO PAULO;SP;04543000;11 4637 6633;;;WWW.IDSF.COM.BR;administracao@idsf.com.br
Classe;48.389.780/0001-30;2026-01-01;1;2026-02-13;CIX MUIRAQUITAN FUNDO DE INVESTIMENTO IMOBILIÁRIO;2023-09-27;INVESTIDORES EM GERAL;BRCIXMCTF004;6127180;N;N;;Multicategoria;Ativa;Indeterminado;;31/12;N;N;S;N;N;ID CORRETORA DE TITULOS E VALORES MOBILIARIOS S.A.;16695922000109;AV PRES JUSCELINO KUBITSCHEK;1726;19 ANDAR;VILA NOVA CONCEICAO;SÃO PAULO;SP;04543000;11 4637 6633;;;WWW.IDSF.COM.BR;administracao@idsf.com.br
Classe;48.904.259/0001-93;2026-01-01;1;2026-02-11;CARFAN FUNDO DE INVESTIMENTO IMOBILIÁRIO;2022-12-19;INVESTIDOR PROFISSIONAL;BR0EL0CTF001;15592;N;N;;Multicategoria;Ativa;Indeterminado;;30/06;S;N;N;S;N;TRUSTEE DISTRIBUIDORA DE TITULOS E VALORES MOBILIARIOS LTDA.;67030395000146;Avenida Brigadeiro Faria Lima;3.732;11º e 12º andar;Itaim Bibi;São Paulo;SP;04538-132;0800 930 0930;;;www.trusteedtvm.com.br;ouvidoria@trusteedtvm.com.br
Classe;48.916.699/0001-60;2026-01-01;1;2026-02-13;CAPITÂNIA OFFICE FII;2023-01-04;INVESTIDORES EM GERAL;BRCOPPCTF001;4772405;N;N;;Outros;Ativa;Indeterminado;;31/12;S;N;N;S;N;BTG PACTUAL SERVICOS FINANCEIROS S/A DTVM;59281253000123;Praia de Botafogo;501;6º Andar;Botafogo;Rio de Janeiro;RJ;22.250-040;55 11 3383-3102;;;www.btgpactual.com;ri.fundoslistados@btgpactual.com
Classe;48.961.539/0001-33;2026-01-01;1;2026-02-13;BRYGGEN FII;2022-12-28;INVESTIDOR PROFISSIONAL;BR0EQ0CTF006;236898;N;N;;Outros;Ativa;Indeterminado;;31/12;S;N;N;S;N;BTG PACTUAL SERVICOS FINANCEIROS S/A DTVM;59281253000123;Praia de Botafogo;501;6º Andar;Botafogo;Rio de Janeiro;RJ;22.250-040;55 11 3383-3102;;;www.btgpactual.com;ri.fundoslistados@btgpactual.com
Classe;48.964.604/0001-84;2026-01-01;1;2026-02-17;GRIFFIN FUNDO DE INVESTIMENTO IMOBILIARIO;2023-03-07;INVESTIDOR PROFISSIONAL;;616.82417713;N;N;;Multicategoria;Ativa;Indeterminado;;30/06;N;N;S;N;N;ID CORRETORA DE TITULOS E VALORES MOBILIARIOS S.A.;16695922000109;AV PRES JUSCELINO KUBITSCHEK;1726;19 ANDAR;VILA NOVA CONCEICAO;SÃO PAULO;SP;04543000;11 4637 6633;;;WWW.IDSF.COM.BR;administracao@idsf.com.br
Classe;48.969.543/0001-48;2026-01-01;1;2026-02-11;FUNDO DE INVESTIMENTO IMOBILIÁRIO GRAND PLAZA II;2022-12-23;INVESTIDOR QUALIFICADO;;1270360;S;N;;Shoppings;Ativa;Indeterminado;;31/12;N;N;S;N;N;BANCO GENIAL S.A.;45246410000155;Praia de Botafogo;228;9º Andar;Botafogo;Rio de Janeiro;RJ;22250-906;(21) 3923-3000;(21) 3923-3046;;www.genialinvestimentos.com.br;structured-funds@genial.com.vc
Classe;48.978.731/0001-32;2026-01-01;1;2026-02-11;FRATIX FUNDO DE INVESTIMENTO IMOBILIÁRIO - FII;2022-12-29;INVESTIDOR PROFISSIONAL;BR0EL1CTF009;15660;N;N;;Multicategoria;Ativa;Indeterminado;;30/06;S;N;N;S;N;TRUSTEE DISTRIBUIDORA DE TITULOS E VALORES MOBILIARIOS LTDA.;67030395000146;Avenida Brigadeiro Faria Lima;3.732;11º e 12º andar;Itaim Bibi;São Paulo;SP;04538-132;0800 930 0930;;;www.trusteedtvm.com.br;ouvidoria@trusteedtvm.com.br
Classe;48.978.797/0001-22;2026-01-01;1;2026-02-11;MENESCAL FUNDO DE INVESTIMENTO IMOBILIÁRIO - FII;2022-12-29;INVESTIDOR PROFISSIONAL;BR0EL2CTF007;21237;N;N;;Multicategoria;Ativa;Indeterminado;;30/06;S;N;N;S;N;TRUSTEE DISTRIBUIDORA DE TITULOS E VALORES MOBILIARIOS LTDA.;67030395000146;Avenida Brigadeiro Faria Lima;3.732;11º e 12º andar;Itaim Bibi;São Paulo;SP;04538-132;0800 930 0930;;;www.trusteedtvm.com.br;ouvidoria@trusteedtvm.com.br
Classe;48.978.859/0001-04;2026-01-01;1;2026-02-13;BRPR CORPORATE FII;2022-12-29;INVESTIDORES EM GERAL;BRBROFCTF000;11610812;N;N;;Multicategoria;Ativa;Indeterminado;;30/06;N;N;S;N;N;BTG PACTUAL SERVICOS FINANCEIROS S/A DTVM;59281253000123;Praia de Botafogo;501;6º Andar;Botafogo;Rio de Janeiro;RJ;22.250-040;55 11 3383-3102;;;www.btgpactual.com;ri.fundoslistados@btgpactual.com
Classe;48.984.698/0001-53;2026-01-01;1;2026-02-10;PINHEIROS FUNDO DE INVESTIMENTO IMOBILIÁRIO - FII;2023-04-18;INVESTIDOR PROFISSIONAL;BR0FF4CTF000;2207.37673587;N;N;;Outros;Ativa;Indeterminado;;31/12;S;N;N;S;N;TRUSTEE DISTRIBUIDORA DE TITULOS E VALORES MOBILIARIOS LTDA.;67030395000146;Avenida Brigadeiro Faria Lima;3.732;11º e 12º andar;Itaim Bibi;São Paulo;SP;04538-132;0800 930 0930;;;www.trusteedtvm.com.br;ouvidoria@trusteedtvm.com.br
Classe;49.005.348/0001-60;2026-01-01;1;2026-02-13;CLAVE INDICES FII RL;2023-07-31;INVESTIDORES EM GERAL;BRCLINCTF007;4346763;N;N;;Outros;Ativa;Indeterminado;;30/06;S;N;N;S;N;BTG PACTUAL SERVICOS FINANCEIROS S/A DTVM;59281253000123;Praia de Botafogo;501;6º Andar;Botafogo;Rio de Janeiro;RJ;22.250-040;55 11 3383-3102;;;www.btgpactual.com;ri.fundoslistados@btgpactual.com
Classe;49.005.570/0001-63;2026-01-01;1;2026-02-12;XPCE FUNDO DE INVESTIMENTO IMOBILIARIO HIGH YIELD;2022-12-29;INVESTIDOR PROFISSIONAL;BR0EJ0CTF005;21320046.4175265;N;N;;Outros;Ativa;Indeterminado;;31/12;S;S;N;S;N;XP INVESTIMENTOS CORRETORA DE CÂMBIO, TÍTULOS E VAL MOB S/A;02332886000104;AVENIDA ATAULFO DE PAIVA;153;5º e 8º andares;LEBLON;RIO DE JANEIRO;RJ;22440-033;(11) 3027-2237;;;www.xpi.com.br;adm.fundos.estruturados@xpi.com.br
Classe;49.112.611/0001-10;2026-01-01;1;2026-02-13;ID GOIANA FUNDO DE INVESTIMENTO FIAGRO IMOBILIARIO;2023-02-01;INVESTIDOR PROFISSIONAL;BRIDGOCTF003;531606.79177517;N;N;;Multicategoria;Ativa;Indeterminado;;31/12;N;N;S;N;N;ID CORRETORA DE TITULOS E VALORES MOBILIARIOS S.A.;16695922000109;AV PRES JUSCELINO KUBITSCHEK;1726;19 ANDAR;VILA NOVA CONCEICAO;SÃO PAULO;SP;04543000;11 4637 6633;;;WWW.IDSF.COM.BR;administracao@idsf.com.br
Classe;49.152.919/0001-90;2026-01-01;1;2026-02-13;OPQ FUNDO DE INVESTIMENTO IMOBILIÁRIO;2023-01-11;INVESTIDOR PROFISSIONAL;;194814062.988523;N;N;;Multicategoria;Ativa;Indeterminado;;31/12;N;N;S;N;N;BANCO GENIAL S.A.;45246410000155;Praia de Botafogo;228;9º Andar;Botafogo;Rio de Janeiro;RJ;22250-906;(21) 3923-3000;(21) 3923-3046;;www.genialinvestimentos.com.br;structured-funds@genial.com.vc
Classe;49.184.940/0001-77;2026-01-01;2;2026-02-20;V2 RENDA IMOB FII RL;2023-01-27;INVESTIDORES EM GERAL;BRVVRICTF007;1416379;N;N;;Multicategoria;Ativa;Indeterminado;;31/12;N;N;S;N;N;BTG PACTUAL SERVICOS FINANCEIROS S/A DTVM;59281253000123;Praia de Botafogo;501;6º Andar;Botafogo;Rio de Janeiro;RJ;22.250-040;55 11 3383-3102;;;www.btgpactual.com;ri.fundoslistados@btgpactual.com
Classe;49.318.661/0001-59;2026-01-01;1;2026-02-12;NOAD RECEBIVEIS IMOBILIARIOS FUNDO DE IN;2023-02-06;INVESTIDOR PROFISSIONAL;BR0ETLCTF004;1000;N;N;;Multicategoria;Ativa;Indeterminado;;30/06;N;N;S;N;N;VÓRTX DTVM LTDA;22610500000188;Rua Gilberto Sabino;215;4º ANDAR;Pinheiros;São Paulo;SP;5425020;11 3030-7177;;;www.vortx.com.br;fundos@vortx.com.br
Classe;49.592.781/0001-40;2026-01-01;1;2026-02-12;BLUECAP LOG FUNDO DE INVESTIMENTO IMOBILIARIO;2024-03-06;INVESTIDORES EM GERAL;BRBLOGCTF001;30796704;N;N;;Multicategoria;Ativa;Indeterminado;;31/12;S;S;N;S;N;XP INVESTIMENTOS CORRETORA DE CÂMBIO, TÍTULOS E VAL MOB S/A;02332886000104;AVENIDA ATAULFO DE PAIVA;153;5º e 8º andares;LEBLON;RIO DE JANEIRO;RJ;22440-033;(11) 3027-2237;;;www.xpi.com.br;adm.fundos.estruturados@xpi.com.br
Classe;49.640.601/0001-58;2026-01-01;1;2026-02-06;AGILE INVESTE FUNDO DE INVESTIMENTO IMOBILIÁRIO;2023-11-23;INVESTIDOR PROFISSIONAL;BR0HHJCTF006;23028.75904;N;N;;Multicategoria;Definida;Indeterminado;;30/06;S;N;N;S;N;PLANNER CORRETORA DE VALORES S.A.;00806535000154;Avenida Brigadeiro Faria Lima;3900;10º andar;Itaim Bibi;São Paulo;SP;04538-132;(11) 2172-2600;0800 179 444;(11) 2172-2667;www.planner.com.br;inforegulatorio@planner.com.br
Classe;49.649.500/0001-48;2026-01-01;1;2026-02-12;TEN DESENVOLVIMENTO FII;2023-08-11;INVESTIDOR PROFISSIONAL;BRNAUICTF002;51735;N;N;;Multicategoria;Ativa;Indeterminado;;29/12;N;N;S;N;N;VÓRTX DTVM LTDA;22610500000188;Rua Gilberto Sabino;215;4º ANDAR;Pinheiros;São Paulo;SP;5425020;11 3030-7177;;;www.vortx.com.br;fundos@vortx.com.br
Classe;49.893.516/0001-00;2026-01-01;1;2026-02-13;CL GUARULHOS II - FUNDO DE INVESTIMENTO IMOBILIARIO - FII;2023-09-29;INVESTIDOR QUALIFICADO E PROFISSIONAL;BR0H8WCTF009;565208.40948256;N;N;;Logística;Definida;Indeterminado;;30/6;S;N;N;S;N;SINGULARE CORRETORA DE TITULOS E VALORES MOBILIARIOS S.A;62285390000140;AVENIDA REBOUÇAS;2942;7º AO 12º ANDAR;PINHEIROS;SÃO PAULO;SP;05402-500;(11) 2827-3500;;;https://qitech.com.br/dtvm/;fii.adm@qitech.com.br
Classe;49.916.958/0001-16;2026-01-01;1;2026-02-12;MANATÍ RECEBIVEIS ESTRUTURADOS FII;2023-10-03;INVESTIDORES EM GERAL;BRMARECTF017;16169323;N;N;;Outros;Definida;Indeterminado;;30/06;S;S;N;S;S;.BANCO DAYCOVAL S/A;62232889000190;Avenida Paulista;1793;2º Andar;Bela Vista;São Paulo;SP;01311200;0300 111 0500;11 3563-4389;11 3563-4318;www.daycoval.com.br/investimentos/servicos-fiduciarios;informes.regulatorios@bancodaycoval.com.br
Classe;49.996.755/0001-87;2026-01-01;1;2026-02-06;TERRA RICA FUNDO DE INVESTIMENTO IMOBILIÁRIO;2024-12-11;INVESTIDOR PROFISSIONAL;BR0MU2CTF006;35108.70904295;N;N;;Multicategoria;Ativa;Indeterminado;;30/06;N;S;N;N;S;PLANNER CORRETORA DE VALORES S.A.;00806535000154;Avenida Brigadeiro Faria Lima;3900;10º andar;Itaim Bibi;São Paulo;SP;04538-132;(11) 2172-2600;0800 179 444;(11) 2172-2667;www.planner.com.br;inforegulatorio@planner.com.br
Classe;50.027.615/0001-80;2026-01-01;1;2026-03-03;FII RANCH - RANCH FUNDO DE INVESTIMENTO  IMOBILIÁRIO;2023-08-23;INVESTIDOR QUALIFICADO;0;917.53508465;N;N;;Outros;Ativa;Indeterminado;;31/12;N;N;S;N;N;REAG DISTRIBUIDORA DE TITULOS E VALORES MOBILIARIOS SA;34829992000186;Avenida Brigadeiro Faria Lima;2277;17º andar;Jardim Paulistano;São Paulo;SP;01452-000;(11) 3504-6800;;;www.reag.com.br;informeslegais@reag.com.br
Classe;50.041.467/0001-58;2026-01-01;1;2026-02-12;FUNDO DE INVESTIMENTO IMOBILIÁRIO TERREN;2023-09-28;INVESTIDOR PROFISSIONAL;BR0H46CTF005;31986989.8806;N;N;;Multicategoria;Definida;Indeterminado;;28/06;S;S;N;S;S;.BANCO DAYCOVAL S/A;62232889000190;Avenida Paulista;1793;2º Andar;Bela Vista;São Paulo;SP;01311200;0300 111 0500;11 3563-4389;11 3563-4318;www.daycoval.com.br/investimentos/servicos-fiduciarios;informes.regulatorios@bancodaycoval.com.br
Classe;50.117.874/0001-00;2026-01-01;2;2026-02-25;ALDEOTA RENDA IMOBILIÁRIA FII - FII;2023-04-20;INVESTIDORES EM GERAL;BR0FLVCTF007;1000000;N;N;;Multicategoria;Ativa;Indeterminado;;31/12;S;N;N;S;N;TRUSTEE DISTRIBUIDORA DE TITULOS E VALORES MOBILIARIOS LTDA.;67030395000146;Avenida Brigadeiro Faria Lima;3.732;11º e 12º andar;Itaim Bibi;São Paulo;SP;04538-132;0800 930 0930;;;www.trusteedtvm.com.br;ouvidoria@trusteedtvm.com.br
Classe;50.135.849/0001-40;2026-01-01;1;2026-02-12;SPECIALE REAL ESTATE FOF FII;2023-08-11;INVESTIDORES EM GERAL;BRPMFOCTF001;975907;N;N;;Outros;Definida;Indeterminado;;29/12;S;S;N;S;N;.BANCO DAYCOVAL S/A;62232889000190;Avenida Paulista;1793;2º Andar;Bela Vista;São Paulo;SP;01311200;0300 111 0500;11 3563-4389;11 3563-4318;www.daycoval.com.br/investimentos/servicos-fiduciarios;informes.regulatorios@bancodaycoval.com.br
Classe;50.143.549/0001-03;2026-01-01;1;2026-02-12;CAPITÂNIA CRÉDITO IMOB FII;2023-03-30;INVESTIDORES EM GERAL;BR0F89CTF009;8969244;N;N;;Outros;Ativa;Indeterminado;;30/06;N;S;N;S;N;XP INVESTIMENTOS CORRETORA DE CÂMBIO, TÍTULOS E VAL MOB S/A;02332886000104;AVENIDA ATAULFO DE PAIVA;153;5º e 8º andares;LEBLON;RIO DE JANEIRO;RJ;22440-033;(11) 3027-2237;;;www.xpi.com.br;adm.fundos.estruturados@xpi.com.br
Classe;50.180.894/0001-17;2026-01-01;1;2026-02-13;VALORA PREMIUM - FII;2023-09-05;INVESTIDORES EM GERAL;BRVGPRCTF003;46022047;N;N;;Multicategoria;Definida;Indeterminado;;28/06;S;S;N;S;S;.BANCO DAYCOVAL S/A;62232889000190;Avenida Paulista;1793;2º Andar;Bela Vista;São Paulo;SP;01311200;0300 111 0500;11 3563-4389;11 3563-4318;www.daycoval.com.br/investimentos/servicos-fiduciarios;informes.regulatorios@bancodaycoval.com.br
Classe;50.252.286/0001-70;2026-01-01;1;2026-02-09;FII MAYA;2023-05-08;INVESTIDOR QUALIFICADO;0;227.06725;N;N;;Outros;Ativa;Indeterminado;;31/12;N;N;S;N;N;REAG DISTRIBUIDORA DE TITULOS E VALORES MOBILIARIOS SA;34829992000186;Avenida Brigadeiro Faria Lima;2277;17º andar;Jardim Paulistano;São Paulo;SP;01452-000;(11) 3504-6800;;;www.reag.com.br;informeslegais@reag.com.br
Classe;50.275.622/0001-09;2026-01-01;1;2026-02-13;ROHT FUNDO DE INVESTIMENTO IMOBILIÁRIO RESP LIMITADA;2023-09-29;INVESTIDOR QUALIFICADO;;201908.51080513;N;N;;Multicategoria;Ativa;Indeterminado;;31/12;N;N;S;N;N;ID CORRETORA DE TITULOS E VALORES MOBILIARIOS S.A.;16695922000109;AV PRES JUSCELINO KUBITSCHEK;1726;19 ANDAR;VILA NOVA CONCEICAO;SÃO PAULO;SP;04543000;11 4637 6633;;;WWW.IDSF.COM.BR;administracao@idsf.com.br
Classe;50.352.284/0001-53;2026-01-01;1;2026-02-13;RBR OPORTUNIDADE FII;2023-06-21;INVESTIDORES EM GERAL;BR0FPYCTF002;2383522;N;N;;Multicategoria;Ativa;Indeterminado;;31/12;N;N;N;N;S;BTG PACTUAL SERVICOS FINANCEIROS S/A DTVM;59281253000123;Praia de Botafogo;501;6º Andar;Botafogo;Rio de Janeiro;RJ;22.250-040;55 11 3383-3102;;;www.btgpactual.com;ri.fundoslistados@btgpactual.com
Classe;50.375.550/0001-63;2026-01-01;1;2026-03-04;FII REAG AUCTION OPPORTUNITIES;2023-05-26;INVESTIDOR QUALIFICADO;0;1683103.41349599;N;N;;Outros;Ativa;Indeterminado;;31/12;N;N;S;N;N;REAG DISTRIBUIDORA DE TITULOS E VALORES MOBILIARIOS SA;34829992000186;Avenida Brigadeiro Faria Lima;2277;17º andar;Jardim Paulistano;São Paulo;SP;01452-000;(11) 3504-6800;;;www.reag.com.br;informeslegais@reag.com.br
Classe;50.375.550/0001-63;2026-02-01;1;2026-03-05;FII PLANNER 2422 - FII REAG AUCTION OPPORTUNITIES;2023-05-26;INVESTIDOR QUALIFICADO;0;1683103.4131795;N;N;;Outros;Ativa;Indeterminado;;31/12;N;N;S;N;N;PLANNER CORRETORA DE VALORES S.A.;00806535000154;Avenida Brigadeiro Faria Lima;3900;10º andar;Jardim Paulistano;São Paulo;SP;04538-132;(11) 3504-6800;;;www.planner.com.br;informacoesregulatorias@planner.com.br
Classe;50.385.179/0001-10;2026-01-01;1;2026-02-12;XP HABITAT FUNDO DE INVESTIMENTO IMOBILIÁRIO;2023-04-19;INVESTIDORES EM GERAL;BRXPHBCTF001;30000000;N;N;;Multicategoria;Ativa;Indeterminado;;30/06;N;S;N;S;N;XP INVESTIMENTOS CORRETORA DE CÂMBIO, TÍTULOS E VAL MOB S/A;02332886000104;AVENIDA ATAULFO DE PAIVA;153;5º e 8º andares;LEBLON;RIO DE JANEIRO;RJ;22440-033;(11) 3027-2237;;;www.xpi.com.br;adm.fundos.estruturados@xpi.com.br
Classe;50.399.189/0001-05;2026-01-01;1;2026-02-17;FUNDO DE INVESTIMENTO IMOBILIARIO DE UNIDADES AUTONOMAS III;2023-07-31;INVESTIDOR PROFISSIONAL;;1285088;N;N;;Multicategoria;Ativa;Determinado;2030-07-31;30/06;N;N;S;N;N;ID CORRETORA DE TITULOS E VALORES MOBILIARIOS S.A.;16695922000109;AV PRES JUSCELINO KUBITSCHEK;1726;19 ANDAR;VILA NOVA CONCEICAO;SÃO PAULO;SP;04543000;11 4637 6633;;;WWW.IDSF.COM.BR;administracao@idsf.com.br
Classe;50.479.122/0001-80;2026-01-01;2;2026-02-24;BTGP LOGCP FII;2023-05-26;INVESTIDORES EM GERAL;BR0FFPCTF001;135551986;N;N;;Logística;Ativa;Indeterminado;;31/12;N;N;N;N;S;BTG PACTUAL SERVICOS FINANCEIROS S/A DTVM;59281253000123;Praia de Botafogo;501;6º Andar;Botafogo;Rio de Janeiro;RJ;22.250-040;55 11 3383-3102;;;www.btgpactual.com;ri.fundoslistados@btgpactual.com
Classe;50.492.450/0001-17;2026-01-01;1;2026-02-12;BARZEL RETAIL II FII RESPONSABILIDADE LIMITADA;2023-06-29;INVESTIDOR PROFISSIONAL;;300000;N;N;;Outros;Ativa;Indeterminado;;31/12;N;N;S;N;N;OURIBANK S.A. BANCO MULTIPLO;78632767000120;Av. Paulista;1728;Sobreloja, 2º, 3º, 4º, 5º e 7º andares;Bela Vista;São Paulo;SP;01310-919;4081-4402;4081-4576;4081-4444;ouribank.com;admfundos@ouribank.com
Classe;50.522.058/0001-73;2026-01-01;1;2026-02-13;SANTA CATARINA FII;2023-06-30;INVESTIDOR QUALIFICADO;BR0FIWCTF001;74340;N;N;;Multicategoria;Ativa;Determinado;2029-05-02;31/12;S;N;N;S;N;BTG PACTUAL SERVICOS FINANCEIROS S/A DTVM;59281253000123;Praia de Botafogo;501;6º Andar;Botafogo;Rio de Janeiro;RJ;22.250-040;55 11 3383-3102;;;www.btgpactual.com;ri.fundoslistados@btgpactual.com
Classe;50.555.700/0001-10;2026-01-01;1;2026-02-10;DJF IV JIVE FUNDO DE INVESTIMENTO IMOBILIÁRIO;2023-06-29;INVESTIDOR QUALIFICADO E PROFISSIONAL;BR0FKECTF005;38681895.052866;N;N;;Outros;Ativa;Determinado;2032-05-12;31/12;N;S;N;N;S;MODAL DTVM LTDA;36864992000142;Rua Alves Guimarães;1216;;Pinheiros;Sâo Paulo;SP;05410-002;(11) 3509-0600;;;www.apexgroup.com/apex-brazil/;infolegal@apexgroup.com
Classe;50.659.134/0001-97;2026-01-01;1;2026-02-12;BARZEL LOG FII RESPONSABILIDADE LIMITADA;2023-06-29;INVESTIDOR PROFISSIONAL;;1680000;N;N;;Outros;Ativa;Indeterminado;;31/12;N;N;S;N;N;OURIBANK S.A. BANCO MULTIPLO;78632767000120;Av. Paulista;1728;Sobreloja, 2º, 3º, 4º, 5º e 7º andares;Bela Vista;São Paulo;SP;01310-919;4081-4402;4081-4576;4081-4444;ouribank.com;admfundos@ouribank.com
Classe;50.686.473/0001-62;2026-01-01;1;2026-02-12;IMMOBINVEST FUNDO INVESTIMENTO IMOBILIAR;2023-07-21;INVESTIDOR QUALIFICADO;BR0LV9CTF001;190889.4919;N;N;;Multicategoria;Ativa;Indeterminado;;29/12;N;N;S;N;N;VÓRTX DTVM LTDA;22610500000188;Rua Gilberto Sabino;215;4º ANDAR;Pinheiros;São Paulo;SP;5425020;11 3030-7177;;;www.vortx.com.br;fundos@vortx.com.br
Classe;50.701.686/0001-16;2026-01-01;2;2026-02-25;FII JHSF CAP MALLS;2023-06-23;INVESTIDOR QUALIFICADO;BRJCCJCTF010;4893685;N;N;;Shoppings;Ativa;Indeterminado;;31/12;N;S;N;S;N;BTG PACTUAL SERVICOS FINANCEIROS S/A DTVM;59281253000123;Praia de Botafogo;501;6º Andar;Botafogo;Rio de Janeiro;RJ;22.250-040;55 11 3383-3102;;;www.btgpactual.com;ri.fundoslistados@btgpactual.com
Classe;50.716.077/0001-30;2026-01-01;1;2026-02-13;CAMPREV PREV FII;2024-12-06;INVESTIDOR QUALIFICADO;BRFIICCTF009;500000005738;N;N;;Multicategoria;Ativa;Indeterminado;;30/06;S;N;N;S;N;BTG PACTUAL SERVICOS FINANCEIROS S/A DTVM;59281253000123;Praia de Botafogo;501;6º Andar;Botafogo;Rio de Janeiro;RJ;22.250-040;55 11 3383-3102;;;www.btgpactual.com;ri.fundoslistados@btgpactual.com
Classe;50.718.891/0001-94;2026-01-01;1;2026-02-13;FOF JHSF PRIV FII RL;2023-06-05;INVESTIDOR PROFISSIONAL;BR0FRACTF008;1435128;N;N;;Shoppings;Definida;Indeterminado;;31/12;N;N;S;N;N;BTG PACTUAL SERVICOS FINANCEIROS S/A DTVM;59281253000123;Praia de Botafogo;501;6º Andar;Botafogo;Rio de Janeiro;RJ;22.250-040;55 11 3383-3102;;;www.btgpactual.com;ri.fundoslistados@btgpactual.com
Classe;50.718.976/0001-72;2026-01-01;1;2026-02-13;JHSF CAP INST FII RL;2023-06-19;INVESTIDOR PROFISSIONAL;BR0FPZCTF009;1317717;N;N;;Shoppings;Definida;Indeterminado;;31/12;S;N;N;S;N;BTG PACTUAL SERVICOS FINANCEIROS S/A DTVM;59281253000123;Praia de Botafogo;501;6º Andar;Botafogo;Rio de Janeiro;RJ;22.250-040;55 11 3383-3102;;;www.btgpactual.com;ri.fundoslistados@btgpactual.com
Classe;50.750.438/0001-65;2026-01-01;1;2026-02-12;RIZA DOMUS FII;2023-05-19;INVESTIDORES EM GERAL;BRRZDSCTF005;32742817;N;N;;Multicategoria;Ativa;Indeterminado;;30/06;N;S;N;S;S;XP INVESTIMENTOS CORRETORA DE CÂMBIO, TÍTULOS E VAL MOB S/A;02332886000104;AVENIDA ATAULFO DE PAIVA;153;5º e 8º andares;LEBLON;RIO DE JANEIRO;RJ;22440-033;(11) 3027-2237;;;www.xpi.com.br;adm.fundos.estruturados@xpi.com.br
Classe;50.808.042/0001-21;2026-01-01;1;2026-02-13;VBI TR FARIA LIMA 4440 FI IMOB;2024-04-18;INVESTIDOR QUALIFICADO;BRFLFLCTF000;3454262;N;N;;Escritórios;Ativa;Indeterminado;;28/06;N;N;S;N;N;VÓRTX DTVM LTDA;22610500000188;Rua Gilberto Sabino;215;4º ANDAR;Pinheiros;São Paulo;SP;5425020;11 3030-7177;;;www.vortx.com.br;fundos@vortx.com.br
Classe;50.876.919/0001-11;2026-01-01;1;2026-02-13;ARC IV FUNDO DE INVESTIMENTO IMOBILIARIO;2023-10-03;INVESTIDOR PROFISSIONAL;BR0FQKCTF009;11095.6440709;N;N;;Multicategoria;Ativa;Indeterminado;2029-03-12;31/12;N;N;S;N;N;OLIVEIRA TRUST DTVM S.A.;36113876000191;Av. das Américas;3434;Bl. 7 Grupo 201;Barra da Tijuca;Rio de Janeiro;RJ;22640-102;(21) 3514-0000;;;www.oliveiratrust.com.br;ger2.fundos@oliveiratrust.com.br
Classe;50.918.320/0001-01;2026-01-01;1;2026-02-12;FII PIEMONTESE;2024-06-28;INVESTIDOR QUALIFICADO E PROFISSIONAL;BR0KSLCTF003;55920.0001;N;N;;Multicategoria;Definida;Indeterminado;;31/12;S;S;N;S;N;.BANCO DAYCOVAL S/A;62232889000190;Avenida Paulista;1793;2º Andar;Bela Vista;São Paulo;SP;01311200;0300 111 0500;11 3563-4389;11 3563-4318;www.daycoval.com.br/investimentos/servicos-fiduciarios;informes.regulatorios@bancodaycoval.com.br
Classe;50.939.923/0001-81;2026-01-01;1;2026-02-11;GREY EAGLE FUNDO DE INVESTIMENTO IMOBILIARIO;2023-06-15;INVESTIDORES EM GERAL;BR0FYRCTF008;13338.82034475;N;N;;Multicategoria;Ativa;Indeterminado;;31/12;S;N;N;S;N;TRUSTEE DISTRIBUIDORA DE TITULOS E VALORES MOBILIARIOS LTDA.;67030395000146;Avenida Brigadeiro Faria Lima;3.732;11º e 12º andar;Itaim Bibi;São Paulo;SP;04538-132;0800 930 0930;;;www.trusteedtvm.com.br;ouvidoria@trusteedtvm.com.br
Classe;50.940.230/0001-09;2026-01-01;1;2026-02-11;BLACK BRIDGE FUNDO DE INVESTIMENTO IMOBILIÁRIO;2023-06-16;INVESTIDORES EM GERAL;BR0FYACTF004;19377.06202223;N;N;;Multicategoria;Ativa;Indeterminado;;31/12;S;N;N;S;N;TRUSTEE DISTRIBUIDORA DE TITULOS E VALORES MOBILIARIOS LTDA.;67030395000146;Avenida Brigadeiro Faria Lima;3.732;11º e 12º andar;Itaim Bibi;São Paulo;SP;04538-132;0800 930 0930;;;www.trusteedtvm.com.br;ouvidoria@trusteedtvm.com.br
Classe;50.957.247/0001-79;2026-01-01;1;2026-02-06;BASSANO DI GRAPPO FII;2023-06-12;INVESTIDOR PROFISSIONAL;;593076.13;N;N;;Outros;Ativa;Indeterminado;;31/12;N;N;S;N;N;BRL TRUST DTVM S.A.;13486793000142;Rua Alves Guimarães;1216;;Pinheiros;São Paulo;SP;05410-002;(11) 3509-0600;;;www.apexgroup.com/apex-brazil/;infolegal@apexgroup.com
Classe;51.067.062/0001-51;2026-01-01;1;2026-02-11;HOP FUNDO DE INVESTIMENTO IMOBILIARIO;2023-06-26;INVESTIDORES EM GERAL;BR0G04CTF006;42470.90603969;N;N;;Multicategoria;Ativa;Indeterminado;;31/12;S;N;N;S;N;TRUSTEE DISTRIBUIDORA DE TITULOS E VALORES MOBILIARIOS LTDA.;67030395000146;Avenida Brigadeiro Faria Lima;3.732;11º e 12º andar;Itaim Bibi;São Paulo;SP;04538-132;0800 930 0930;;;www.trusteedtvm.com.br;ouvidoria@trusteedtvm.com.br
Classe;51.192.125/0001-00;2026-01-01;2;2026-02-24;MORE CRED IMOB FII;2023-08-15;INVESTIDORES EM GERAL;BR0G12CTF009;10387333;N;N;;Multicategoria;Ativa;Indeterminado;;30/06;N;N;N;N;S;BTG PACTUAL SERVICOS FINANCEIROS S/A DTVM;59281253000123;Praia de Botafogo;501;6º Andar;Botafogo;Rio de Janeiro;RJ;22.250-040;55 11 3383-3102;;;www.btgpactual.com;ri.fundoslistados@btgpactual.com
Classe;51.226.569/0001-00;2026-01-01;1;2026-02-18;MINESOTTA FUNDO DE INVESTIMENTO IMOBILIÁRIO RESP LTDA;2023-08-01;INVESTIDOR PROFISSIONAL;BR0I6MCTF003;14183.1882;N;N;;Multicategoria;Ativa;Indeterminado;;31/12;S;S;N;S;N;TRUSTEE DISTRIBUIDORA DE TÍTULOS E VALORES MOBILIÁRIOSLTDA;67030395000146;AVENIDA BRIGADEIRO FARIA LIMA;3732;14° ANDAR;ITAIM BIBI;São Paulo;SP;04538133;0800 930 0930;;;www.trusteedtvm.com.br;ouvidoria@trusteedtvm.com.br
Classe;51.226.569/0001-00;2026-02-01;1;2026-03-06;MINESOTTA FUNDO DE INVESTIMENTO IMOBILIÁRIO RESP LTDA;2023-08-01;INVESTIDOR PROFISSIONAL;BR0I6MCTF003;14183.18828975;N;N;;Multicategoria;Ativa;Indeterminado;;31/12;S;S;N;S;N;TRUSTEE DISTRIBUIDORA DE TÍTULOS E VALORES MOBILIÁRIOSLTDA;67030395000146;AVENIDA BRIGADEIRO FARIA LIMA;3732;14° ANDAR;ITAIM BIBI;São Paulo;SP;04538133;0800 930 0930;;;www.trusteedtvm.com.br;ouvidoria@trusteedtvm.com.br
Classe;51.294.441/0001-84;2026-01-01;2;2026-02-11;ITAÚ CRÉDITO IMOBILIÁRIO IPCA FII;2023-10-03;INVESTIDORES EM GERAL;BRICRICTF004;3857359;N;N;;Outros;Ativa;Indeterminado;;30/06;S;N;N;S;N;INTRAG DISTRIBUIDORA DE TÍTULOS E VALORES MOBILIÁRIOS LTDA;62418140000131;AV BRIGADEIRO FARIA LIMA;3400;10º Andar;ITAIM BIBI;SÃO PAULO;SP;04538132;55 (11) 30726012;;;www.intrag.com.br;produtosestruturados@itau-unibanco.com.br
Classe;51.295.092/0001-15;2026-01-01;1;2026-02-17;LEGATUM FUNDO DE INVESTIMENTO IMOBILIÁRIO RESP LIMITADA;2023-12-29;INVESTIDOR PROFISSIONAL;;4774.48535096;N;N;;Multicategoria;Ativa;Indeterminado;;30/06;N;N;S;N;N;ID CORRETORA DE TITULOS E VALORES MOBILIARIOS S.A.;16695922000109;AV PRES JUSCELINO KUBITSCHEK;1726;19 ANDAR;VILA NOVA CONCEICAO;SÃO PAULO;SP;04543000;11 4637 6633;;;WWW.IDSF.COM.BR;administracao@idsf.com.br
Classe;51.303.221/0001-70;2026-01-01;1;2026-02-09;THOR FUNDO DE INVESTIMENTO IMOBILIÁRIO;2023-07-18;INVESTIDOR PROFISSIONAL;;665860124003991;N;N;;Outros;Ativa;Indeterminado;;31/12;N;N;S;N;N;AZUMI DISTRIBUIDORA DE TÍTULOS E VALORES MOBILIÁRIOS LTDA.;40434681000110;Rua Dr. Rubens Gomes Bueno;691;Conjunto 131;Várzea de Baixo;SÃO PAULO;SP;04730-903;+55 (11) 2626-9780;;;https://azumidtvm.com.br/;atendimento@azumidtvm.com.br
Classe;51.303.221/0001-70;2026-02-01;1;2026-03-02;THOR FUNDO DE INVESTIMENTO IMOBILIÁRIO;2023-07-18;INVESTIDOR PROFISSIONAL;;667550124003991;N;N;;Outros;Ativa;Indeterminado;;31/12;N;N;S;N;N;AZUMI DISTRIBUIDORA DE TÍTULOS E VALORES MOBILIÁRIOS LTDA.;40434681000110;Rua Dr. Rubens Gomes Bueno;691;Conjunto 131;Várzea de Baixo;SÃO PAULO;SP;04730-903;+55 (11) 2626-9780;;;https://azumidtvm.com.br/;atendimento@azumidtvm.com.br
Classe;51.326.818/0001-30;2026-01-01;1;2026-02-12;MOEMA FUNDO DE INVESTIMENTO IMOBILIÁRIO;2023-12-15;INVESTIDOR PROFISSIONAL;BR0HJSCTF003;32000;N;N;;Multicategoria;Ativa;Indeterminado;;29/12;S;S;N;S;S;.BANCO DAYCOVAL S/A;62232889000190;Avenida Paulista;1793;2º Andar;Bela Vista;São Paulo;SP;01311200;0300 111 0500;11 3563-4389;11 3563-4318;www.daycoval.com.br/investimentos/servicos-fiduciarios;informes.regulatorios@bancodaycoval.com.br
Classe;51.381.999/0001-05;2026-01-01;1;2026-02-11;FUNDO DE INVESTIMENTO IMOBILIARIO ENSEADA;2023-07-28;INVESTIDOR PROFISSIONAL;BR0I6ICTF001;6798.5813;N;N;;Multicategoria;Ativa;Indeterminado;;31/12;S;S;N;S;N;TRUSTEE DISTRIBUIDORA DE TITULOS E VALORES MOBILIARIOS LTDA.;67030395000146;Avenida Brigadeiro Faria Lima;3.732;11º e 12º andar;Itaim Bibi;São Paulo;SP;04538-132;0800 930 0930;;;www.trusteedtvm.com.br;ouvidoria@trusteedtvm.com.br
Classe;51.385.048/0001-04;2026-01-01;1;2026-02-12;FII XP GRUPO CARNAÚBA;2023-07-11;INVESTIDOR QUALIFICADO;BRXPGCCTF001;211547;N;N;;Multicategoria;Ativa;Determinado;2031-09-05;31/12;S;S;N;S;N;XP INVESTIMENTOS CORRETORA DE CÂMBIO, TÍTULOS E VAL MOB S/A;02332886000104;AVENIDA ATAULFO DE PAIVA;153;5º e 8º andares;LEBLON;RIO DE JANEIRO;RJ;22440-033;(11) 3027-2237;;;www.xpi.com.br;adm.fundos.estruturados@xpi.com.br
Classe;51.385.174/0001-50;2026-01-01;1;2026-02-12;HEDGE YEES HABITAÇÕES ECONÔMICAS FII;2024-02-01;INVESTIDORES EM GERAL;BRYEESCTF004;239955;N;N;;Residencial;Ativa;Determinado;2031-02-01;31/12;S;N;N;S;N;HEDGE INVESTMENTS DTVM LTDA;07253654000176;AVENIDA BRIGADEIRO FARIA LIMA;3600;11º ANDAR CJ 112;ITAIM BIBI;SÃO PAULO;SP;04538-132;(11) 5412-5400;;;www.hedgeinvest.com.br;dtvm@hedgeinvest.com.br
Classe;51.392.366/0001-94;2026-01-01;1;2026-02-13;CERRO VERDE FUNDO DE INVESTIMENTO IMOBILIÁRIO.;2023-07-12;INVESTIDOR PROFISSIONAL;BR0G3VCTF003;32847.159109;S;N;;Outros;Ativa;Indeterminado;;31/12;N;N;S;N;N;LIONS TRUST DTVM LTDA.;40768766000135;AVENIDA BRIGADEIRO FARIA LIMA;2012;14 ANDAR CJ 141;JARDIM PAULISTANO;SÃO PAULO;SP;01451919;11 50535880;;;https://www.lionstrust.com.br/;lionstrust@lionstrust.com.br
Classe;51.407.683/0001-37;2026-01-01;1;2026-02-18;FUNDO DE INVESTIMENTO IMOBILIÁRIO VANCOUVER RESP LTDA;2023-08-07;INVESTIDOR PROFISSIONAL;BR0I6LCTF005;8028.2219;N;N;;Multicategoria;Ativa;Indeterminado;;31/12;S;S;N;S;N;TRUSTEE DISTRIBUIDORA DE TÍTULOS E VALORES MOBILIÁRIOSLTDA;67030395000146;AVENIDA BRIGADEIRO FARIA LIMA;3732;14° ANDAR;ITAIM BIBI;São Paulo;SP;04538133;0800 930 0930;;;trusteedtvm.com.br;ouvidoria@trusteedtvm.com.br
Classe;51.407.683/0001-37;2026-02-01;1;2026-03-06;FUNDO DE INVESTIMENTO IMOBILIÁRIO VANCOUVER RESP LTDA;2023-08-07;INVESTIDOR PROFISSIONAL;BR0I6LCTF005;8028.2219259;N;N;;Multicategoria;Ativa;Indeterminado;;31/12;S;S;N;S;N;TRUSTEE DISTRIBUIDORA DE TÍTULOS E VALORES MOBILIÁRIOSLTDA;67030395000146;AVENIDA BRIGADEIRO FARIA LIMA;3732;14° ANDAR;ITAIM BIBI;São Paulo;SP;04538133;0800 930 0930;;;trusteedtvm.com.br;ouvidoria@trusteedtvm.com.br
Classe;51.413.518/0001-98;2026-01-01;1;2026-02-12;BLUECAP LAST MILE I FII RESP LTDA;2024-12-17;INVESTIDORES EM GERAL;;10000;N;N;;Multicategoria;Definida;Indeterminado;;30/06;N;N;S;N;N;.BANCO DAYCOVAL S/A;62232889000190;Avenida Paulista;1793;2º Andar;Bela Vista;São Paulo;SP;01311200;0300 111 0500;11 3563-4389;11 3563-4318;www.daycoval.com.br/investimentos/servicos-fiduciarios;informes.regulatorios@bancodaycoval.com.br
Classe;51.416.131/0001-95;2026-01-01;1;2026-02-18;FUNDO DE INVESTIMENTO IMOBILIÁRIO TORONTO RESP LTDA;2023-08-07;INVESTIDOR PROFISSIONAL;BR0I6KCTF007;10870.6957;N;N;;Multicategoria;Ativa;Indeterminado;;31/12;S;S;N;S;N;TRUSTEE DISTRIBUIDORA DE TÍTULOS E VALORES MOBILIÁRIOSLTDA;67030395000146;AVENIDA BRIGADEIRO FARIA LIMA;3732;14° ANDAR;ITAIM BIBI;São Paulo;SP;04538133;(11)3842-1122;(11)3842-1122;;trusteedtvm.com.br;ouvidoria@trusteedtvm.com.br
Classe;51.416.131/0001-95;2026-02-01;1;2026-03-06;FUNDO DE INVESTIMENTO IMOBILIÁRIO TORONTO RESP LTDA;2023-08-07;INVESTIDOR PROFISSIONAL;BR0I6KCTF007;10870.6957;N;N;;Multicategoria;Ativa;Indeterminado;;31/12;S;S;N;S;N;TRUSTEE DISTRIBUIDORA DE TÍTULOS E VALORES MOBILIÁRIOSLTDA;67030395000146;AVENIDA BRIGADEIRO FARIA LIMA;3732;14° ANDAR;ITAIM BIBI;São Paulo;SP;04538133;(11)3842-1122;(11)3842-1122;;trusteedtvm.com.br;ouvidoria@trusteedtvm.com.br
Classe;51.472.985/0001-99;2026-01-01;1;2026-02-12;AJ MALLS FUNDO DE INVESTIMENTO IMOBILIÁRIO;2023-07-17;INVESTIDORES EM GERAL;BRAJFICTF001;31625978;N;N;;Shoppings;Ativa;Indeterminado;;30/06;S;S;N;S;N;XP INVESTIMENTOS CORRETORA DE CÂMBIO, TÍTULOS E VAL MOB S/A;02332886000104;AVENIDA ATAULFO DE PAIVA;153;5º e 8º andares;LEBLON;RIO DE JANEIRO;RJ;22440-033;(11) 3027-2237;;;www.xpi.com.br;adm.fundos.estruturados@xpi.com.br
Classe;51.476.870/0001-72;2026-01-01;1;2026-02-17;DELTA FUNDO DE INVESTIMENTO IMOBILIARIO;2023-08-03;INVESTIDOR PROFISSIONAL;;975576.21427652;N;N;;Multicategoria;Ativa;Indeterminado;;30/06;N;N;S;N;N;ID CORRETORA DE TITULOS E VALORES MOBILIARIOS S.A.;16695922000109;AV PRES JUSCELINO KUBITSCHEK;1726;19 ANDAR;VILA NOVA CONCEICAO;SÃO PAULO;SP;04543000;11 4637 6633;;;WWW.IDSF.COM.BR;administracao@idsf.com.br
Classe;51.601.636/0001-20;2026-01-01;1;2026-02-12;CYRELA HEDGE - FII;2024-01-04;INVESTIDOR QUALIFICADO E PROFISSIONAL;BRCYHFCTF008;21021208;N;N;;Multicategoria;Definida;Indeterminado;;30/06;S;S;N;S;S;.BANCO DAYCOVAL S/A;62232889000190;Avenida Paulista;1793;2º Andar;Bela Vista;São Paulo;SP;01311200;0300 111 0500;11 3563-4389;11 3563-4318;www.daycoval.com.br/investimentos/servicos-fiduciarios;informes.regulatorios@bancodaycoval.com.br
Classe;51.646.298/0001-42;2026-01-01;1;2026-02-12;SAM - SANTANDER PAPEIS IMOBILIARIOS FII RL;2023-10-18;INVESTIDORES EM GERAL;BRSAPICTF001;29563321;N;N;;Multicategoria;Ativa;Indeterminado;;31/12;S;N;N;S;N;SANTANDER CACEIS BRASIL DTVM S.A.;62318407000119;Rua Amador Bueno;474;;Santo Amaro;São Paulo;SP;04752-005;(11) 5538-5489;;;www.s3dtvm.com.br;SC_fundosimobiliarios@s3caceis.com.br
Classe;51.665.327/0001-13;2026-01-01;1;2026-02-12;AZ PANORAMA CRÉDITO IMOBILIÁRIO FII;2023-08-02;INVESTIDORES EM GERAL;BRAZPRCTF007;14963704;N;N;;Multicategoria;Ativa;Indeterminado;;30/06;S;S;N;S;N;XP INVESTIMENTOS CORRETORA DE CÂMBIO, TÍTULOS E VAL MOB S/A;02332886000104;AVENIDA ATAULFO DE PAIVA;153;5º e 8º andares;LEBLON;RIO DE JANEIRO;RJ;22440-033;(11) 3027-2237;;;www.xpi.com.br;adm.fundos.estruturados@xpi.com.br
Classe;51.666.294/0001-26;2026-01-01;1;2026-02-13;BRPR E-TOWER FII SUB;2024-01-02;INVESTIDOR QUALIFICADO;BRBETWCTF002;2504500;N;N;;Escritórios;Definida;Determinado;2028-08-02;30/12;S;N;N;S;N;BTG PACTUAL SERVICOS FINANCEIROS S/A DTVM;59281253000123;Praia de Botafogo;501;6º Andar;Botafogo;Rio de Janeiro;RJ;22.250-040;55 11 3383-3102;;;www.btgpactual.com;ri.fundoslistados@btgpactual.com
Classe;51.672.980/0001-00;2026-01-01;1;2026-02-11;OLSEN FUNDO DE INVESTIMENTO IMOBILIÁRIO;2023-09-29;INVESTIDOR PROFISSIONAL;BR0I6NCTF001;9248.3457;N;N;;Multicategoria;Ativa;Indeterminado;;31/12;S;S;N;S;N;TRUSTEE DISTRIBUIDORA DE TITULOS E VALORES MOBILIARIOS LTDA.;67030395000146;Avenida Brigadeiro Faria Lima;3.732;11º e 12º andar;Itaim Bibi;São Paulo;SP;04538-132;0800 930 0930;;;www.trusteedtvm.com.br;ouvidoria@trusteedtvm.com.br
Classe;51.710.043/0001-00;2026-01-01;2;2026-02-11;LAVOURA I FIAGRO IMOBILIÁRIO;2023-10-25;INVESTIDOR QUALIFICADO;BRLAFICTF007;771287;N;S;;Outros;Ativa;Indeterminado;;31/12;N;S;N;N;S;BR-CAPITAL DIST. DE TÍTULOS E VALORES MOBILIÁRIOS S/A;44077014000189;RUA SURUBIM;577;CONJ. 101;CIDADE MONÇÕES;SÃO PAULO;SP;04571-050;(11) 5508-3500;;;www.brcapital.com.br;fundos@brcapital.com.br
Classe;51.734.924/0001-52;2026-01-01;1;2026-02-12;KINEA DESENVOLVIMENTO LOGÍSTICO FII;2023-12-15;INVESTIDOR QUALIFICADO;BRKLOGCTF002;401399022;N;N;;Logística;Ativa;Determinado;2029-12-15;30/06;S;N;N;S;N;INTRAG DISTRIBUIDORA DE TÍTULOS E VALORES MOBILIÁRIOS LTDA;62418140000131;AV BRIGADEIRO FARIA LIMA;3400;10º Andar;ITAIM BIBI;SÃO PAULO;SP;04538132;55 (11) 30726012;;;www.intrag.com.br;produtosestruturados@itau-unibanco.com.br
Classe;51.753.261/0001-13;2026-01-01;1;2026-02-09;JALAPÃO FII RESP LIMITADA;2023-09-27;INVESTIDOR QUALIFICADO;;10113.5522;N;N;;Residencial;Ativa;Determinado;2035-09-30;31/12;N;N;S;N;N;BRL TRUST DTVM S.A.;13486793000142;Rua Alves Guimarães;1216;;Pinheiros;São Paulo;SP;05410-002;(11) 3509-0600;;;www.apexgroup.com/apex-brazil/;infolegal@apexgroup.com
Classe;51.786.271/0001-55;2026-01-01;1;2026-02-13;RAIZZ DESENV FII;2023-09-29;INVESTIDOR PROFISSIONAL;BRRZZVCTF002;173540;N;N;;Logística;Ativa;Indeterminado;;30/06;N;N;S;N;N;BTG PACTUAL SERVICOS FINANCEIROS S/A DTVM;59281253000123;Praia de Botafogo;501;6º Andar;Botafogo;Rio de Janeiro;RJ;22.250-040;55 11 3383-3102;;;www.btgpactual.com;ri.fundoslistados@btgpactual.com
Classe;51.802.350/0001-02;2026-01-01;1;2026-02-13;VBI CRED MULT FII RL;2023-10-05;INVESTIDORES EM GERAL;BR0GOKCTF010;3492678;N;N;;Multicategoria;Ativa;Determinado;2028-10-05;31/12;S;N;N;S;N;BTG PACTUAL SERVICOS FINANCEIROS S/A DTVM;59281253000123;Praia de Botafogo;501;6º Andar;Botafogo;Rio de Janeiro;RJ;22.250-040;55 11 3383-3102;;;www.btgpactual.com;ri.fundoslistados@btgpactual.com
Classe;51.817.522/0001-11;2026-01-01;1;2026-02-13;BRIO REAL ESTATE V - FII;2024-10-04;INVESTIDOR QUALIFICADO;BRBIPECTF009;55163;N;N;;Outros;Ativa;Determinado;2031-10-04;30/06;S;N;N;S;N;BRL TRUST DTVM S.A.;13486793000142;Rua Alves Guimarães;1216;;Pinheiros;São Paulo;SP;05410-002;(11) 3509-0600;;;www.apexgroup.com/apex-brazil/;infolegal@apexgroup.com
Classe;51.868.778/0001-58;2026-01-01;1;2026-02-12;PARAMIS HEDGE FUND FUNDO DE INVESTIMENTO IMOBILIÁRIO - FII;2023-11-13;INVESTIDORES EM GERAL;BRPMISCTF006;14803242;N;N;;Outros;Ativa;Indeterminado;;31/12;S;S;N;S;N;XP INVESTIMENTOS CORRETORA DE CÂMBIO, TÍTULOS E VAL MOB S/A;02332886000104;AVENIDA ATAULFO DE PAIVA;153;5º e 8º andares;LEBLON;RIO DE JANEIRO;RJ;22440-033;(11) 3027-2237;;;www.xpi.com.br;adm.fundos.estruturados@xpi.com.br
Classe;51.870.412/0001-13;2026-01-01;1;2026-02-13;FATOR VERITA MULTIESTRATÉGIA FII;2023-11-17;INVESTIDORES EM GERAL;BRVRTMCTF003;46971245;N;N;;Multicategoria;Ativa;Indeterminado;;31/12;S;N;N;S;N;BANCO FATOR S.A.;33644196000106;Rua Dr. Renato Paes de Barros;1017;12º ANDAR;Itaim Bibi;São Paulo;SP;04530-001;(11) 3049-9100;;;www.fator.com.br;fundosimobiliarios@fator.com.br
Classe;51.889.479/0001-08;2026-01-01;1;2026-02-02;FLORESTA FUNDO DE INVESTIMENTO IMOBILIÁRIO;2024-01-24;INVESTIDOR PROFISSIONAL;BR0MPRCTF002;137040.09219538;N;N;;Multicategoria;Ativa;Indeterminado;;30/06;S;N;N;S;N;MONETAR DTVM;12063256000127;Rua Joaquim Floriano, nº 100, 18º andar, Itaim Bibi, SP, CEP 4534000;100;18;ITAIM BIBI;SÃO PAULO;SP;4534000;(011) 3165-6000;;;www.terrainvestimentos.com.br;admfundos@terrainvestimentos.com.br
Classe;51.889.479/0001-08;2026-02-01;1;2026-03-03;FLORESTA FUNDO DE INVESTIMENTO IMOBILIÁRIO;2024-01-24;INVESTIDOR PROFISSIONAL;BR0MPRCTF002;137040.09219538;N;N;;Multicategoria;Ativa;Indeterminado;;30/06;S;N;N;S;N;MONETAR DTVM;12063256000127;Rua Joaquim Floriano, nº 100, 18º andar, Itaim Bibi, SP, CEP 4534000;100;18;ITAIM BIBI;SÃO PAULO;SP;4534000;(011) 3165-6000;;;www.terrainvestimentos.com.br;admfundos@terrainvestimentos.com.br
Classe;51.890.054/0001-00;2026-01-01;2;2026-02-20;AZ QUEST PANORAMA LOGISTICA FII RESP LIM;2024-06-05;INVESTIDORES EM GERAL;BRAZPLCTF000;41922689;N;N;;Logística;Definida;Indeterminado;;31/12;S;S;N;S;N;.BANCO DAYCOVAL S/A;62232889000190;Avenida Paulista;1793;2º Andar;Bela Vista;São Paulo;SP;01311200;0300 111 0500;11 3563-4389;11 3563-4318;www.daycoval.com.br/investimentos/servicos-fiduciarios;informes.regulatorios@bancodaycoval.com.br
Classe;51.951.316/0001-08;2026-01-01;1;2026-02-13;MERCURY FUNDO DE INVESTIMENTO IMOBILIÁRIO;2023-12-08;INVESTIDOR PROFISSIONAL;;111529822.026922;N;N;;Multicategoria;Ativa;Indeterminado;;30/06;N;N;S;N;N;SINGULARE CORRETORA DE TITULOS E VALORES MOBILIARIOS S.A;62285390000140;AVENIDA REBOUÇAS;2942;7º AO 12º ANDAR;PINHEIROS;SÃO PAULO;SP;05402-500;(11) 2827-3500;;;https://qitech.com.br/dtvm/;fii.adm@QITECH.com.br
Classe;51.991.587/0001-89;2026-01-01;1;2026-02-06;BTW 001 FUNDO DE INVESTIMENTO IMOBILIÁRIO;2023-09-29;INVESTIDOR PROFISSIONAL;BR0GMHCTF002;209930.76447951;S;N;;Multicategoria;Ativa;Indeterminado;;30/06;N;S;N;N;S;PLANNER CORRETORA DE VALORES S.A.;00806535000154;Avenida Brigadeiro Faria Lima;3900;10º andar;Itaim Bibi;São Paulo;SP;04538-132;(11) 2172-2600;0800 179 444;(11) 2172-2667;www.planner.com.br;inforegulatorio@planner.com.br
Classe;51.991.713/0001-03;2026-01-01;1;2026-02-13;BRIO COINVESTIMENTO JARDINS FII;2023-10-06;INVESTIDORES EM GERAL;;10500;N;N;;Outros;Ativa;Determinado;2030-10-31;30/06;N;S;N;N;S;BRL TRUST DTVM S.A.;13486793000142;Rua Alves Guimarães;1216;;Pinheiros;São Paulo;SP;05410-002;(11) 3509-0600;;;www.apexgroup.com/apex-brazil/;infolegal@apexgroup.com
Classe;52.101.897/0001-43;2026-01-01;1;2026-02-12;FII ZAVIT CRÉDITO IMOBILIÁRIO;2023-09-28;INVESTIDOR PROFISSIONAL;BRZAVCCTF007;3582421;N;N;;Outros;Ativa;Indeterminado;;28/06;S;N;N;S;N;VÓRTX DTVM LTDA;22610500000188;Rua Gilberto Sabino;215;4º ANDAR;Pinheiros;São Paulo;SP;5425020;11 3030-7177;;;www.vortx.com.br;fundos@vortx.com.br
Classe;52.153.014/0001-49;2026-01-01;1;2026-02-13;GUARDIAN HEDGE FUND FUNDO DE INVESTIMENT;2025-10-08;INVESTIDOR QUALIFICADO E PROFISSIONAL;BR0HFICTF002;100000000;N;N;;Multicategoria;Ativa;Indeterminado;;31/12;S;N;N;S;N;.BANCO DAYCOVAL S/A;62232889000190;AV PAULISTA 1793;200;2º Andar;BELA VISTA;SAo Paulo;SP;01311;0300 111 0500;11 4090-2223;11 3138-4061;https://www.daycoval.com.br/investimento;informes.regulatorios@bancodaycoval.com.br
Classe;52.219.978/0001-42;2026-01-01;1;2026-02-12;KINEA OPORTUNIDADES REAL ESTATE FII;2023-12-01;INVESTIDORES EM GERAL;BRKORECTF012;9625000;N;N;;Outros;Ativa;Indeterminado;;30/06;S;N;N;S;N;INTRAG DISTRIBUIDORA DE TÍTULOS E VALORES MOBILIÁRIOS LTDA;62418140000131;AV BRIGADEIRO FARIA LIMA;3400;10º Andar;ITAIM BIBI;SÃO PAULO;SP;04538132;55 (11) 30726012;;;www.intrag.com.br;produtosestruturados@itau-unibanco.com.br
Classe;52.227.760/0001-30;2026-01-01;1;2026-02-13;SUNO MULT FII RL;2023-09-29;INVESTIDORES EM GERAL;BRSNMECTF000;7418243;N;N;;Multicategoria;Ativa;Indeterminado;;31/12;S;N;N;S;N;BTG PACTUAL SERVICOS FINANCEIROS S/A DTVM;59281253000123;Praia de Botafogo;501;6º Andar;Botafogo;Rio de Janeiro;RJ;22.250-040;55 11 3383-3102;;;www.btgpactual.com;ri.fundoslistados@btgpactual.com
Classe;52.241.939/0001-41;2026-01-01;1;2026-02-12;FII OUTLET SANTA MARIA;2023-09-28;INVESTIDORES EM GERAL;BR0LVDCTF002;113994.8011;N;N;;Multicategoria;Ativa;Indeterminado;;29/12;N;N;S;N;N;VÓRTX DTVM LTDA;22610500000188;Rua Gilberto Sabino;215;4º ANDAR;Pinheiros;São Paulo;SP;5425020;11 3030-7177;;;www.vortx.com.br;fundos@vortx.com.br
Classe;52.270.671/0001-76;2026-01-01;1;2026-02-11;ITAÚ TOTAL RETURN FUNDO DE INVESTIMENTO IMOBILIÁRIO;2024-03-12;INVESTIDORES EM GERAL;BRITRICTF008;6250000;N;N;;Outros;Ativa;Indeterminado;;30/06;S;N;N;S;N;INTRAG DISTRIBUIDORA DE TÍTULOS E VALORES MOBILIÁRIOS LTDA;62418140000131;AV BRIGADEIRO FARIA LIMA;3400;10º Andar;ITAIM BIBI;SÃO PAULO;SP;04538132;55 (11) 30726012;;;www.intrag.com.br;produtosestruturados@itau-unibanco.com.br
Classe;52.321.885/0001-24;2026-01-01;1;2026-02-09;FII R8;2023-09-28;INVESTIDOR QUALIFICADO;0;27214.54793273;N;N;;Outros;Ativa;Indeterminado;;31/12;N;N;S;N;N;REAG DISTRIBUIDORA DE TITULOS E VALORES MOBILIARIOS SA;34829992000186;Avenida Brigadeiro Faria Lima;2277;17º andar;Jardim Paulistano;São Paulo;SP;01452-000;(11) 3504-6800;;;www.reag.com.br;informeslegais@reag.com.br
Classe;52.324.762/0001-47;2026-01-01;1;2026-02-13;FUNDO DE INVESTIMENTO IMOBILIARIO DE UNIDADES AUTONOMAS IV;2023-09-29;INVESTIDOR PROFISSIONAL;;402311;N;N;;Multicategoria;Ativa;Indeterminado;;30/06;N;N;S;N;N;ID CORRETORA DE TITULOS E VALORES MOBILIARIOS S.A.;16695922000109;AV PRES JUSCELINO KUBITSCHEK;1726;19 ANDAR;VILA NOVA CONCEICAO;SÃO PAULO;SP;04543000;11 4637 6633;;;WWW.IDSF.COM.BR;administracao@idsf.com.br
Classe;52.353.292/0001-40;2026-01-01;1;2026-02-13;BTG RE STRUCT FII RL;2023-12-28;INVESTIDOR PROFISSIONAL;BR0LNICTF008;1314901;N;N;;Multicategoria;Ativa;Indeterminado;;30/06;N;N;S;N;N;BTG PACTUAL SERVICOS FINANCEIROS S/A DTVM;59281253000123;Praia de Botafogo;501;6º Andar;Botafogo;Rio de Janeiro;RJ;22.250-040;55 11 3383-3102;;;www.btgpactual.com;ri.fundoslistados@btgpactual.com
Classe;52.355.496/0001-10;2026-01-01;1;2026-02-13;REC - FAMI FUNDO DE CRI COTAS AMORTIZAVEIS - FII;2023-12-05;INVESTIDORES EM GERAL;BR0H4SCTF006;12500000;N;N;;Outros;Ativa;Indeterminado;;31/12;S;S;N;S;S;BRL TRUST DTVM S.A.;13486793000142;Rua Alves Guimarães;1216;;Pinheiros;São Paulo;SP;05410-002;(11) 3509-0600;;;www.apexgroup.com/apex-brazil/;infolegal@apexgroup.com
Classe;52.355.764/0001-01;2026-01-01;1;2026-02-13;IMIGRANTES IV - FUNDO DE INVESTIMENTO IMOBILIARIO - FII;2023-09-29;INVESTIDOR QUALIFICADO E PROFISSIONAL;BR0H6PCTF007;1482.67764924;N;N;;Logística;Definida;Indeterminado;;30/6;S;N;N;S;N;SINGULARE CORRETORA DE TITULOS E VALORES MOBILIARIOS S.A;62285390000140;AVENIDA REBOUÇAS;2942;7º AO 12º ANDAR;PINHEIROS;SÃO PAULO;SP;05402-500;(11) 2827-3500;;;https://qitech.com.br/dtvm/;fii.adm@qitech.com.br
Classe;52.355.865/0001-74;2026-01-01;1;2026-02-13;CL CASTELO BRANCO FUNDO DE INVESTIMENTO IMOBILIARIO;2023-09-29;INVESTIDOR QUALIFICADO E PROFISSIONAL;BR0H6QCTF005;1476.68250123;N;N;;Logística;Definida;Indeterminado;;30/06;S;N;N;S;N;SINGULARE CORRETORA DE TITULOS E VALORES MOBILIARIOS S.A;62285390000140;AVENIDA REBOUÇAS;2942;7º AO 12º ANDAR;JARDIM PAULISTANO;SÃO PAULO;SP;05402-500;(11) 2827-3500;;;https://qitech.com.br/dtvm/;fii.adm@qitech.com.br
Classe;52.356.865/0001-99;2026-01-01;1;2026-02-13;FII ATLAS - FUNDO DE INVESTIMENTO IMOBILIARIO;2023-09-29;INVESTIDOR PROFISSIONAL;000000000000;20100;N;N;;Multicategoria;Ativa;Indeterminado;;31/12;N;N;S;N;N;ID CORRETORA DE TITULOS E VALORES MOBILIARIOS S.A.;16695922000109;AV PRES JUSCELINO KUBITSCHEK;1726;19 ANDAR;VILA NOVA CONCEICAO;SÃO PAULO;SP;04543000;11 4637 6633;;;WWW.IDSF.COM.BR;administracao@idsf.com.br
Classe;52.357.468/0001-31;2026-01-01;1;2026-02-12;XP HEDGE FUND FUNDO DE INVESTIMENTO IMOBILIÁRIO - FII;2023-12-06;INVESTIDORES EM GERAL;BRXPHFCTF002;36336910;N;N;;Outros;Ativa;Indeterminado;;30/06;S;S;N;S;N;XP INVESTIMENTOS CORRETORA DE CÂMBIO, TÍTULOS E VAL MOB S/A;02332886000104;AVENIDA ATAULFO DE PAIVA;153;5º e 8º andares;LEBLON;RIO DE JANEIRO;RJ;22440-033;(11) 3027-2237;;;www.xpi.com.br;adm.fundos.estruturados@xpi.com.br
Classe;52.366.833/0001-74;2026-01-01;1;2026-02-09;CODEMAR FUNDO DE INVESTIMENTO IMOBILIÁRIO;2023-12-18;INVESTIDOR QUALIFICADO E PROFISSIONAL;BR0HWCCTF000;125637170.563782;N;N;;Multicategoria;Ativa;Indeterminado;;31/12;S;N;N;S;N;RJI CTVM LTDA;42066258000130;AVENIDA RIO BRANCO;138;4º ANDAR - SALA 402;CENTRO;RIO DE JANERIO;RJ;20040-002;21-3500-4514;21-3500-4514;;www.rjicv.com.br;controladoria.fundos@rjicv.com.br
Classe;52.371.756/0001-40;2026-01-01;1;2026-02-12;CAPITANIA LOGISTICA FII;2023-10-31;INVESTIDORES EM GERAL;BRCPLGCTF006;43542510;N;N;;Logística;Ativa;Indeterminado;;28/06;N;N;S;N;N;VÓRTX DTVM LTDA;22610500000188;Rua Gilberto Sabino;215;4º ANDAR;Pinheiros;São Paulo;SP;5425020;11 3030-7177;;;www.vortx.com.br;fundos@vortx.com.br
Classe;52.446.271/0001-79;2026-01-01;1;2026-02-13;APEX REALTY FII;2023-10-31;INVESTIDORES EM GERAL;BRAPXRCTF002;109567;N;N;;Residencial;Ativa;Indeterminado;;30/06;S;N;N;S;N;BTG PACTUAL SERVICOS FINANCEIROS S/A DTVM;59281253000123;Praia de Botafogo;501;6º Andar;Botafogo;Rio de Janeiro;RJ;22.250-040;55 11 3383-3102;;;www.btgpactual.com;ri.fundoslistados@btgpactual.com
Classe;52.521.137/0001-95;2026-01-01;1;2026-02-13;APEX URB FII;2024-03-25;INVESTIDORES EM GERAL;BRAPXUR07M14;101542;N;N;;Outros;Ativa;Indeterminado;;30/06;S;N;N;S;N;BTG PACTUAL SERVICOS FINANCEIROS S/A DTVM;59281253000123;Praia de Botafogo;501;6º Andar;Botafogo;Rio de Janeiro;RJ;22.250-040;55 11 3383-3102;;;www.btgpactual.com;ri.fundoslistados@btgpactual.com
Classe;52.551.605/0001-74;2026-01-01;1;2026-02-13;INVISTA DESENV VI FII RESP LTDA;2024-05-28;INVESTIDOR PROFISSIONAL;BRIBBPCTF005;53077768.52;N;N;;Logística;Definida;Indeterminado;;31/12;S;N;N;S;N;VÓRTX DTVM LTDA;22610500000188;Rua Gilberto Sabino;215;4º ANDAR;Pinheiros;São Paulo;SP;5425020;11 3030-7177;;;www.vortx.com.br;fundos@vortx.com.br
Classe;52.589.406/0001-55;2026-01-01;1;2026-03-03;FII D3 TZI DESENVOLVIMENTO;2023-10-20;INVESTIDOR QUALIFICADO;0;40;N;N;;Shoppings;Ativa;Indeterminado;;31/12;N;N;S;N;N;REAG DISTRIBUIDORA DE TITULOS E VALORES MOBILIARIOS SA;34829992000186;Avenida Brigadeiro Faria Lima;2277;17º andar;Jardim Paulistano;São Paulo;SP;01452-000;(11) 3504-6800;;;www.reag.com.br;informeslegais@reag.com.br
Classe;52.609.938/0001-07;2026-01-01;1;2026-02-11;SANDALS FUNDO DE INVESTIMENTO IMOBILIÁRIO;2023-10-27;INVESTIDOR QUALIFICADO;BR0HA4CTF003;533333.33;S;N;;Outros;Ativa;Indeterminado;;31/12;N;N;S;N;N;BANCO GENIAL S.A.;45246410000155;Praia de Botafogo;228;9º Andar;Botafogo;Rio de Janeiro;RJ;22250-906;(21) 3923-3000;(21) 3923-3046;;www.genialinvestimentos.com.br;structured-funds@genial.com.vc
Classe;52.610.191/0001-07;2026-01-01;1;2026-02-11;AJU FUNDO DE INVESTIMENTO IMOBILIÁRIO;2023-10-27;INVESTIDOR QUALIFICADO;BR0HA5CTF000;533333.33;S;N;;Multicategoria;Ativa;Indeterminado;;31/12;N;N;S;N;N;BANCO GENIAL S.A.;45246410000155;Praia de Botafogo;228;9º Andar;Botafogo;Rio de Janeiro;RJ;22250-906;(21) 3923-3000;(21) 3923-3046;;www.genialinvestimentos.com.br;structured-funds@genial.com.vc
Classe;52.610.289/0001-64;2026-01-01;1;2026-02-11;CASTELO FUNDO DE INVESTIMENTO IMOBILIÁRIO;2023-10-27;INVESTIDOR QUALIFICADO;BR0HA3CTF005;533333.33;S;N;;Multicategoria;Ativa;Indeterminado;;31/12;N;N;S;N;N;BANCO GENIAL S.A.;45246410000155;Praia de Botafogo;228;9º Andar;Botafogo;Rio de Janeiro;RJ;22250-906;(21) 3923-3000;(21) 3923-3046;;www.genialinvestimentos.com.br;structured-funds@genial.com.vc
Classe;52.635.194/0001-03;2026-01-01;2;2026-02-10;INTER DESENVOLVIMENTO FII;2023-12-18;INVESTIDORES EM GERAL;BRINDECTF000;447921;N;N;;Residencial;Ativa;Determinado;2029-12-01;31/12;S;N;N;S;N;INTER DTVM LTDA.;18945670000146;AV BARBACENA;1219;21º ANDAR;SANTO AGOSTINHO;Belo Horizonte;MG;30190131;(31) 3614-5332;;;http://www.bancointer.com.br/inter-dtvm;ri.fii@interdtvm.com.br
Classe;52.649.350/0001-87;2026-01-01;1;2026-02-12;URCA HEDGE FUND MULTIESTRATÉGIA IMOBILIÁ;2024-01-03;INVESTIDORES EM GERAL;BRURHFCTF004;110417;N;N;;Multicategoria;Definida;Indeterminado;;28/06;S;S;N;S;S;.BANCO DAYCOVAL S/A;62232889000190;Avenida Paulista;1793;2º Andar;Bela Vista;São Paulo;SP;01311200;0300 111 0500;11 3563-4389;11 3563-4318;www.daycoval.com.br/investimentos/servicos-fiduciarios;informes.regulatorios@bancodaycoval.com.br
Classe;52.649.680/0001-72;2026-01-01;1;2026-02-13;VALORA CRI INFRA FII II;2023-11-29;INVESTIDOR PROFISSIONAL;BRVGIICTF007;518865;N;N;;Multicategoria;Definida;Indeterminado;;29/12;S;S;N;S;N;.BANCO DAYCOVAL S/A;62232889000190;Avenida Paulista;1793;2º Andar;Bela Vista;São Paulo;SP;01311200;0300 111 0500;11 3563-4389;11 3563-4318;www.daycoval.com.br/investimentos/servicos-fiduciarios;informes.regulatorios@bancodaycoval.com.br
Classe;52.713.882/0001-36;2026-01-01;1;2026-02-13;CANUMA RENDA FII;2024-03-19;INVESTIDOR PROFISSIONAL;BRCCVACTF006;627724;N;N;;Hospital;Definida;Indeterminado;;31/12;S;N;N;S;N;BTG PACTUAL SERVICOS FINANCEIROS S/A DTVM;59281253000123;Praia de Botafogo;501;6º Andar;Botafogo;Rio de Janeiro;RJ;22.250-040;55 11 3383-3102;;;www.btgpactual.com;ri.fundoslistados@btgpactual.com
Classe;52.714.934/0001-99;2026-01-01;1;2026-02-13;VERA CRUZ THREE FII;2023-11-08;INVESTIDOR QUALIFICADO;BRVCTHR02M12;715952;N;N;;Outros;Ativa;Determinado;2028-11-08;31/12;S;N;N;S;N;BTG PACTUAL SERVICOS FINANCEIROS S/A DTVM;59281253000123;Praia de Botafogo;501;6º Andar;Botafogo;Rio de Janeiro;RJ;22.250-040;55 11 3383-3102;;;www.btgpactual.com;ri.fundoslistados@btgpactual.com
Classe;52.889.976/0001-60;2026-01-01;1;2026-02-06;BEDFORD FUNDO DE INVESTIMENTO IMOBILIARIO;2023-12-12;INVESTIDOR QUALIFICADO;BR0HX3CTF008;1082563.6252;N;N;;Outros;Ativa;Indeterminado;;30/06;S;S;N;N;S;INTRA INVESTIMENTOS DTVM LTDA;15489568000195;RUA JOAQUIM FLORIANO;1120;5º ANDAR;ITAIM BIBI;SÃO PAULO;SP;04534004;(11) 31985151;;;www.intrainvestimentos.com.br;administracao.fundos@intrainvestimentos.com.br
Classe;52.889.976/0001-60;2026-02-01;1;2026-03-03;BEDFORD FUNDO DE INVESTIMENTO IMOBILIARIO;2023-12-12;INVESTIDOR QUALIFICADO;BR0HX3CTF008;1082563.6252;N;N;;Outros;Ativa;Indeterminado;;30/06;S;S;N;N;S;INTRA INVESTIMENTOS DTVM LTDA;15489568000195;RUA JOAQUIM FLORIANO;1120;5º ANDAR;ITAIM BIBI;SÃO PAULO;SP;04534004;(11) 31985151;;;www.intrainvestimentos.com.br;administracao.fundos@intrainvestimentos.com.br
Classe;52.890.292/0001-89;2026-01-01;1;2026-02-12;KIJANI LOGISTICA FII;2024-07-24;INVESTIDOR QUALIFICADO E PROFISSIONAL;BR0LQLCTF005;4517995;N;N;;Logística;Ativa;Indeterminado;;31/12;S;S;N;S;N;.BANCO DAYCOVAL S/A;62232889000190;Avenida Paulista;1793;2º Andar;Bela Vista;São Paulo;SP;01311200;0300 111 0500;11 3563-4389;11 3563-4318;www.daycoval.com.br/investimentos/servicos-fiduciarios;informes.regulatorios@bancodaycoval.com.br
Classe;52.904.581/0001-90;2026-01-01;1;2026-02-02;GESIM SMART FUNDO DE INVESTIMENTO IMOBILIÁRIO;2023-11-13;INVESTIDORES EM GERAL;BR0I2SCTF009;14951.49725393;N;N;;Multicategoria;Ativa;Indeterminado;;30/06;S;N;N;S;N;MONETAR DTVM;12063256000127;Rua Joaquim Floriano, nº 100, 18º andar, Itaim Bibi, SP, CEP 4534000;100;18;ITAIM BIBI;SÃO PAULO;SP;4534000;(011) 3165-6000;;;www.terrainvestimentos.com.br;admfundos@terrainvestimentos.com.br
Classe;52.904.581/0001-90;2026-02-01;1;2026-03-03;GESIM SMART FUNDO DE INVESTIMENTO IMOBILIÁRIO;2023-11-13;INVESTIDORES EM GERAL;BR0I2SCTF009;14951.49725393;N;N;;Multicategoria;Ativa;Indeterminado;;30/06;S;N;N;S;N;MONETAR DTVM;12063256000127;Rua Joaquim Floriano, nº 100, 18º andar, Itaim Bibi, SP, CEP 4534000;100;18;ITAIM BIBI;SÃO PAULO;SP;4534000;(011) 3165-6000;;;www.terrainvestimentos.com.br;admfundos@terrainvestimentos.com.br
Classe;52.966.340/0001-75;2026-01-01;1;2026-02-13;ONDA DESENVOLVIMENTO IMOBILIÁRIO FII;2023-11-22;INVESTIDORES EM GERAL;BRONDVCTF002;8358357;N;N;;Outros;Ativa;Indeterminado;;30/06;S;N;N;S;N;SINGULARE CORRETORA DE TITULOS E VALORES MOBILIARIOS S.A;62285390000140;AVENIDA REBOUÇAS;2942;7º AO 12º ANDAR;PINHEIROS;SÃO PAULO;SP;05402-500;(11) 2827-3500;;;https://qitech.com.br/dtvm/;fii.adm@qitech.com.br
Classe;53.018.363/0001-10;2026-01-01;1;2026-02-06;FII RBR CRED PULVERIZADO RESPON LIMITADA;2023-11-30;INVESTIDORES EM GERAL;BRPULVCTF007;0;N;N;;Outros;Definida;Indeterminado;;28/06;S;N;N;S;N;INTER DTVM LTDA.;00000000000000;Avenida Barbacena,;1219;21 Andar;Santo Agostinho;Belo Horizonte;MG;30190-131;(31) 3614-5332;(31) 3614-5332;(31) 3614-5332;http://www.bancointer.com.br/inter-dtvm;ri.fii@interdtvm.com.br
Classe;53.018.363/0001-10;2026-02-01;1;2026-03-02;FII RBR CRED PULVERIZADO RESPON LIMITADA;2025-11-27;INVESTIDORES EM GERAL;BRPULVCTF007;0;N;N;;Outros;Definida;Indeterminado;;28/06;S;N;N;S;N;INTER DTVM LTDA.;00000000000000;Avenida Barbacena,;1219;21 Andar;Santo Agostinho;Belo Horizonte;MG;30190-131;(31) 3614-5332;(31) 3614-5332;(31) 3614-5332;http://www.bancointer.com.br/inter-dtvm;ri.fii@interdtvm.com.br
Classe;53.072.782/0001-30;2026-01-01;1;2026-02-12;JPR DS FII DE RESPONSABILIDADE LIMITADA;2023-12-11;INVESTIDORES EM GERAL;;1144708;N;N;;Hospital;Ativa;Indeterminado;;31/12;N;N;S;N;N;HEDGE INVESTMENTS DTVM LTDA;07253654000176;AVENIDA BRIGADEIRO FARIA LIMA;3600;11º ANDAR CJ 112;ITAIM BIBI;SÃO PAULO;SP;04538-132;(11) 5412-5400;;;www.hedgeinvest.com.br;dtvm@hedgeinvest.com.br
Classe;53.076.137/0001-96;2026-01-01;1;2026-02-12;DAYCOVAL REAL ESTATE CRÉD IMOB FII RL;2025-07-14;INVESTIDOR PROFISSIONAL;BR0OPCCTF000;420000;N;N;;Multicategoria;Definida;Indeterminado;;30/06;S;N;N;N;N;.BANCO DAYCOVAL S/A;62232889000190;Avenida Paulista;1793;2º Andar;Bela Vista;São Paulo;SP;01311200;0300 111 0500;11 3563-4389;11 3563-4318;www.daycoval.com.br/investimentos/servicos-fiduciarios;informes.regulatorios@bancodaycoval.com.br
Classe;53.076.143/0001-43;2026-01-01;1;2026-02-13;JHSF CAPITAL JARDIM DA PACOBA FII - RL;2025-10-27;INVESTIDOR PROFISSIONAL;BR0P84CTF009;171101;N;N;;Multicategoria;Ativa;Indeterminado;;31/12;S;N;N;S;N;.BANCO DAYCOVAL S/A;62232889000190;Avenida Paulista;1793;2º Andar;Bela Vista;São Paulo;SP;01311200;0300 111 0500;11 4090-2223;11 3138-4061;https://www.daycoval.com.br/investimento;informes.regulatorios@bancodaycoval.com.br
Classe;53.076.746/0001-45;2026-01-01;1;2026-02-13;EXITUS PLUS  FUNDO DE INVESTIMENTO IMOBILIÁRIO;2023-12-12;INVESTIDOR PROFISSIONAL;BR0HNKCTF002;109525.09505595;N;N;;Outros;Ativa;Indeterminado;;31/12;N;N;S;N;N;BANCO GENIAL S.A.;45246410000155;Praia de Botafogo;228;9º Andar;Botafogo;Rio de Janeiro;RJ;22250-906;(21) 3923-3000;(21) 3923-3046;;www.genialinvestimentos.com.br;structured-funds@genial.com.vc
Classe;53.087.126/0001-01;2026-01-01;1;2026-02-12;LCP SPECIAL OPPORTUNITIES I FII RESPONSABILIDADE ILIMITADA;2023-12-28;INVESTIDORES EM GERAL;BRLSOICTF001;5365285;N;N;;Residencial;Ativa;Determinado;2028-12-28;31/12;S;S;N;S;N;XP INVESTIMENTOS CORRETORA DE CÂMBIO, TÍTULOS E VAL MOB S/A;02332886000104;AVENIDA ATAULFO DE PAIVA;153;5º e 8º andares;LEBLON;RIO DE JANEIRO;RJ;22440-033;(11) 3027-2237;;;www.xpi.com.br;adm.fundos.estruturados@xpi.com.br
Classe;53.095.823/0001-04;2026-01-01;1;2026-02-12;BLUE SECURITIES FUNDO DE INVESTIMENTO IMOBILIÁRIO;2023-12-22;INVESTIDORES EM GERAL;BRBLSCCTF001;300000;N;N;;Outros;Ativa;Indeterminado;;31/12;S;S;N;S;N;XP INVESTIMENTOS CORRETORA DE CÂMBIO, TÍTULOS E VAL MOB S/A;02332886000104;AVENIDA ATAULFO DE PAIVA;153;5º e 8º andares;LEBLON;RIO DE JANEIRO;RJ;22440-033;(11) 3027-2237;;;www.xpi.com.br;adm.fundos.estruturados@xpi.com.br
Classe;53.123.631/0001-64;2026-01-01;1;2026-02-10;REVERSE INVEST FUNDO DE INVESTIMENTO IMOBILIÁRIO;2024-10-30;INVESTIDOR PROFISSIONAL;BR0MQMCTF001;7250;N;N;;Outros;Ativa;Indeterminado;;31/12;S;S;N;S;N;TRUSTEE DISTRIBUIDORA DE TITULOS E VALORES MOBILIARIOS LTDA.;67030395000146;Avenida Brigadeiro Faria Lima;3.732;11º e 12º andar;Itaim Bibi;São Paulo;SP;04538-132;0800 930 0930;;;www.trusteedtvm.com.br;ouvidoria@trusteedtvm.com.br
Classe;53.127.942/0001-00;2026-01-01;2;2026-02-18;SPGM FUNDO DE INVESTIMENTO IMOBILIÁRIO;2024-02-06;INVESTIDOR QUALIFICADO E PROFISSIONAL;;4424262.98337786;N;N;;Outros;Ativa;Indeterminado;;31/12;N;N;S;N;N;OSLO CAPITAL DTVM;13673855000125;Rua Dr. Eduardo de Souza Aranha;153;4. andar;Itaim Bibi;São Paulo;SP;04543-120;3513-3144;;;www.oslodtvm.com;compliance@oslodtvm.com
Classe;53.137.434/0001-02;2026-01-01;1;2026-02-13;ÍCONE - FII RESPONSABILIDADE LIMITADA;2023-12-27;INVESTIDOR QUALIFICADO;BRICNECTF002;120000;N;N;;Residencial;Ativa;Indeterminado;;31/12;S;S;N;S;N;OLIVEIRA TRUST DTVM S.A.;36113876000191;Av. das Américas;3434;Bl. 7 Grupo 201;Barra da Tijuca;Rio de Janeiro;RJ;22640-102;(21) 3514-0000;;;www.oliveiratrust.com.br;ger2.fundos@oliveiratrust.com.br
Classe;53.178.634/0001-03;2026-01-01;1;2026-02-12;ROMA FI IMOBILIARIO RESP LTDA;2024-02-08;INVESTIDOR QUALIFICADO;BR0LVFCTF007;100880;N;N;;Multicategoria;Ativa;Determinado;2027-02-08;28/06;N;S;N;S;N;VÓRTX DTVM LTDA;22610500000188;Rua Gilberto Sabino;215;4º ANDAR;Pinheiros;São Paulo;SP;5425020;11 3030-7177;;;www.vortx.com.br;fundos@vortx.com.br
Classe;53.179.110/0001-29;2026-01-01;1;2026-02-13;ARC PLAZA IGUATEMI I - FII RESPONSABILIDADE LIMITADA;2025-10-06;INVESTIDOR PROFISSIONAL;BR0HN3CTF000;58179.98967187;N;N;;Multicategoria;Ativa;Indeterminado;;31/12;N;N;S;N;N;OLIVEIRA TRUST DTVM S.A.;36113876000191;Av. das Américas;3434;Bl. 7 Grupo 201;Barra da Tijuca;Rio de Janeiro;RJ;22640-102;(21) 3514-0000;;;www.oliveiratrust.com.br;ger2.fundos@oliveiratrust.com.br
Classe;53.190.891/0001-52;2026-01-01;1;2026-02-18;FII FI AGRO BOQ1;2023-02-28;INVESTIDOR QUALIFICADO;0;37036.40961775;N;N;;Outros;Ativa;Indeterminado;;31/12;N;N;S;N;N;REAG DISTRIBUIDORA DE TITULOS E VALORES MOBILIARIOS SA;34829992000186;Avenida Brigadeiro Faria Lima;2277;17º andar;Jardim Paulistano;São Paulo;SP;01452-000;(11) 3504-6800;;;www.reag.com.br;informeslegais@reag.com.br
Classe;53.191.611/0001-20;2026-01-01;1;2026-02-06;TERRAZ FII;2023-11-23;INVESTIDOR PROFISSIONAL;BR0J6FCTF006;107050.06453395;N;N;;Multicategoria;Ativa;Indeterminado;;30/06;S;N;N;S;N;PLANNER CORRETORA DE VALORES S.A.;00806535000154;Avenida Brigadeiro Faria Lima;3900;10º andar;Itaim Bibi;São Paulo;SP;04538-132;(11) 2172-2600;0800 179 444;(11) 2172-2667;www.planner.com.br;inforegulatorio@planner.com.br
Classe;53.193.237/0001-00;2026-01-01;1;2026-02-13;ARTEMIS FII;2024-01-19;INVESTIDORES EM GERAL;BRARTECTF004;8496949;N;N;;Residencial;Ativa;Indeterminado;;31/12;S;N;N;S;N;BTG PACTUAL SERVICOS FINANCEIROS S/A DTVM;59281253000123;Praia de Botafogo;501;6º Andar;Botafogo;Rio de Janeiro;RJ;22.250-040;55 11 3383-3102;;;www.btgpactual.com;ri.fundoslistados@btgpactual.com
Classe;53.211.851/0001-40;2026-01-01;1;2026-03-03;FII OTTER 1;2023-12-27;INVESTIDORES EM GERAL;0;158008.75877847;N;N;;Outros;Ativa;Indeterminado;;31/12;N;N;S;N;N;REAG DISTRIBUIDORA DE TITULOS E VALORES MOBILIARIOS SA;34829992000186;Avenida Brigadeiro Faria Lima;2277;17º andar;Jardim Paulistano;São Paulo;SP;01452-000;(11) 3504-6800;;;www.reag.com.br;informeslegais@reag.com.br
Classe;53.249.951/0001-65;2026-01-01;1;2026-02-09;FII ESPANHOL;2023-12-18;INVESTIDOR QUALIFICADO;BR0HPOCTF009;29575.79443798;N;N;;Outros;Ativa;Indeterminado;;30/06;N;N;S;N;N;REAG DISTRIBUIDORA DE TITULOS E VALORES MOBILIARIOS SA;34829992000186;Avenida Brigadeiro Faria Lima;2277;17º andar;Jardim Paulistano;São Paulo;SP;01452-000;(11) 3504-6800;;;www.reag.com.br;informeslegais@reag.com.br
Classe;53.250.967/0001-98;2026-01-01;1;2026-02-13;ARTEMIS 2025 FII RESP LTDA;2025-09-12;INVESTIDOR QUALIFICADO E PROFISSIONAL;BR0ORMCTF005;3495030;N;N;;Outros;Definida;Indeterminado;;30/06;S;N;N;S;N;.BANCO DAYCOVAL S/A;62232889000190;Avenida Paulista;1793;2º Andar;Bela Vista;São Paulo;SP;01311200;0300 111 0500;11 4090-2223;11 3138-4061;https://www.daycoval.com.br/investimento;informes.regulatorios@bancodaycoval.com.br
Classe;53.251.006/0001-06;2026-01-01;1;2026-02-12;NAVI RESIDENCIAL PRIME OPPORTUNITIES FII;2024-02-05;INVESTIDOR QUALIFICADO;BR0HRPCTF002;144426;N;N;;Multicategoria;Ativa;Determinado;2029-02-01;31/12;S;S;N;S;S;.BANCO DAYCOVAL S/A;62232889000190;Avenida Paulista;1793;2º Andar;Bela Vista;São Paulo;SP;01311200;0300 111 0500;11 3563-4389;11 3563-4318;www.daycoval.com.br/investimentos/servicos-fiduciarios;informes.regulatorios@bancodaycoval.com.br
Classe;53.251.715/0001-83;2026-01-01;1;2026-02-09;FII SGON;2023-12-18;INVESTIDOR QUALIFICADO;BR0HPPCTF006;29575.7927747;N;N;;Outros;Ativa;Indeterminado;;31/12;N;N;S;N;N;REAG DISTRIBUIDORA DE TITULOS E VALORES MOBILIARIOS SA;34829992000186;Avenida Brigadeiro Faria Lima;2277;17º andar;Jardim Paulistano;São Paulo;SP;01452-000;(11) 3504-6800;;;www.reag.com.br;informeslegais@reag.com.br
Classe;53.251.882/0001-24;2026-01-01;1;2026-02-09;FII TCG;2023-12-18;INVESTIDOR QUALIFICADO;0;29575.7978389;N;N;;Outros;Ativa;Indeterminado;;31/12;N;N;S;N;N;REAG DISTRIBUIDORA DE TITULOS E VALORES MOBILIARIOS SA;34829992000186;Avenida Brigadeiro Faria Lima;2277;17º andar;Jardim Paulistano;São Paulo;SP;01452-000;(11) 3504-6800;;;www.reag.com.br;informeslegais@reag.com.br
Classe;53.260.548/0001-37;2026-01-01;1;2026-02-13;REC FUNDO DE CRI COTAS AMORTIZAVEIS - FII;2024-10-04;INVESTIDORES EM GERAL;BR0HV6CTF003;5453775;N;N;;Outros;Ativa;Indeterminado;;31/12;S;S;N;S;S;BRL TRUST DTVM S.A.;13486793000142;Rua Alves Guimarães;1216;;Pinheiros;São Paulo;SP;05410-002;(11) 3509-0600;;;www.apexgroup.com/apex-brazil/;infolegal@apexgroup.com
Classe;53.275.496/0001-72;2026-01-01;1;2026-02-02;TERRA MINAS FII;2023-12-20;INVESTIDORES EM GERAL;BR0JK4CTF009;520997.13053679;S;N;;Multicategoria;Ativa;Indeterminado;;30/06;S;N;N;S;N;MONETAR DTVM;12063256000127;Rua Joaquim Floriano, nº 100, 18º andar, Itaim Bibi, SP, CEP 4534000;100;18;ITAIM BIBI;SÃO PAULO;SP;4534000;(011) 3165-6000;;;www.terrainvestimentos.com.br;admfundos@terrainvestimentos.com.br
Classe;53.275.496/0001-72;2026-02-01;1;2026-03-03;TERRA MINAS FII;2023-12-20;INVESTIDORES EM GERAL;BR0JK4CTF009;557206.87741045;S;N;;Multicategoria;Ativa;Indeterminado;;30/06;S;N;N;S;N;MONETAR DTVM;12063256000127;Rua Joaquim Floriano, nº 100, 18º andar, Itaim Bibi, SP, CEP 4534000;100;18;ITAIM BIBI;SÃO PAULO;SP;4534000;(011) 3165-6000;;;www.terrainvestimentos.com.br;admfundos@terrainvestimentos.com.br
Classe;53.294.563/0001-04;2026-01-01;2;2026-02-20;JHSF CAPITAL HOTEIS FII LTDA;2024-06-03;INVESTIDOR PROFISSIONAL;BR0IUQCTF002;44044.4;N;N;;Hotel;Definida;Indeterminado;;31/12;N;N;S;N;N;.BANCO DAYCOVAL S/A;62232889000190;Avenida Paulista;1793;2º Andar;Bela Vista;São Paulo;SP;01311200;0300 111 0500;11 3563-4389;11 3563-4318;www.daycoval.com.br/investimentos/servicos-fiduciarios;informes.regulatorios@bancodaycoval.com.br
Classe;53.305.536/0001-81;2026-01-01;1;2026-02-12;ICATU VANGUARDA CRÉDITO IMOBILIÁRIO FII;2024-08-14;INVESTIDORES EM GERAL;BRIVCICTF006;500000;N;N;;Multicategoria;Definida;Indeterminado;;31/12;S;S;N;S;N;.BANCO DAYCOVAL S/A;62232889000190;Avenida Paulista;1793;2º Andar;Bela Vista;São Paulo;SP;01311200;0300 111 0500;11 3563-4389;11 3563-4318;www.daycoval.com.br/investimentos/servicos-fiduciarios;informes.regulatorios@bancodaycoval.com.br
Classe;53.309.565/0001-11;2026-01-01;2;2026-02-23;CROMOSSOMO FII;2023-12-28;INVESTIDOR PROFISSIONAL;BR0LNRCTF009;309000;N;N;;Hospital;Definida;Indeterminado;;31/12;N;N;S;N;N;BTG PACTUAL SERVICOS FINANCEIROS S/A DTVM;59281253000123;Praia de Botafogo;501;6º Andar;Botafogo;Rio de Janeiro;RJ;22.250-040;55 11 3383-3102;;;www.btgpactual.com;ri.fundoslistados@btgpactual.com
Classe;53.317.751/0001-00;2026-01-01;1;2026-02-04;FII ECOPARQUE PARQUE INTEGRADOS;2023-12-28;INVESTIDOR PROFISSIONAL;0;3370.29364928;N;N;;Multicategoria;Ativa;Indeterminado;;31/12;N;N;S;N;N;SEFER INVESTIMENTOS DTVM LTDA;00329598000167;AV BRIGADEIRO FARIA LIMA;3900;6º ANDAR;ITAIM BIBI;SÃO PAULO;SP;01451-000;11 3113-0060;;;www.seferinvestimentos.com.br;informeslegais@seferinvestimentos.com.br
Classe;53.322.347/0001-17;2026-01-01;1;2026-02-17;KOMBI AZUL II FUNDO DE INVESTIMENTO IMOBILIÁRIO;2023-12-28;INVESTIDOR QUALIFICADO;;9875.08781855;N;N;;Outros;Ativa;Indeterminado;;31/12;N;N;S;N;N;ID CORRETORA DE TITULOS E VALORES MOBILIARIOS S.A.;16695922000109;AV PRES JUSCELINO KUBITSCHEK;1726;19 ANDAR;VILA NOVA CONCEICAO;SÃO PAULO;SP;04543000;11 4637 6633;;;WWW.IDSF.COM.BR;administracao@idsf.com.br
Classe;53.372.824/0001-59;2026-01-01;1;2026-02-13;SELENE FUNDO DE INVESTIMENTO IMOBILIÁRIO RESP LIMITADA;2024-01-29;INVESTIDOR PROFISSIONAL;;10;N;N;;Multicategoria;Ativa;Indeterminado;;31/12;N;N;S;N;N;ID CORRETORA DE TITULOS E VALORES MOBILIARIOS S.A.;16695922000109;AV PRES JUSCELINO KUBITSCHEK;1726;19 ANDAR;VILA NOVA CONCEICAO;SÃO PAULO;SP;04543000;11 4637 6633;;;WWW.IDSF.COM.BR;administracao@idsf.com.br
Classe;53.391.567/0001-00;2026-01-01;2;2026-02-20;RBR DESENV LOG I FII;2024-02-01;INVESTIDOR PROFISSIONAL;BRRDLICTF006;1924193;N;N;;Logística;Ativa;Indeterminado;;31/12;S;N;N;S;N;BTG PACTUAL SERVICOS FINANCEIROS S/A DTVM;59281253000123;Praia de Botafogo;501;6º Andar;Botafogo;Rio de Janeiro;RJ;22.250-040;55 11 3383-3102;;;www.btgpactual.com;ri.fundoslistados@btgpactual.com
Classe;53.391.653/0001-05;2026-01-01;1;2026-02-13;RBR PRIME OFFICES FI;2024-04-22;INVESTIDORES EM GERAL;BRRBRKCTF003;1738692;N;N;;Escritórios;Ativa;Indeterminado;;31/12;N;N;S;N;N;BTG PACTUAL SERVICOS FINANCEIROS S/A DTVM;59281253000123;Praia de Botafogo;501;6º Andar;Botafogo;Rio de Janeiro;RJ;22.250-040;55 11 3383-3102;;;www.btgpactual.com;ri.fundoslistados@btgpactual.com
Classe;53.463.715/0001-47;2026-01-01;1;2026-02-12;JFL REAL ESTATE FDO INVEST IMOB;2025-02-14;INVESTIDOR PROFISSIONAL;BR0P8ECTF007;142000;N;N;;Multicategoria;Ativa;Indeterminado;;31/12;N;S;N;S;N;VÓRTX DTVM LTDA;22610500000188;Rua Gilberto Sabino;215;4º ANDAR;Pinheiros;São Paulo;SP;5425020;11 3030-7177;;;www.vortx.com.br;fundos@vortx.com.br
Classe;53.466.467/0001-98;2026-01-01;1;2026-02-12;HEDGE BRASIL LOGÍSTICO INDUSTRIAL FII DE RESP LIMITADA;2024-03-20;INVESTIDORES EM GERAL;BRHGBLCTF005;26261802;N;N;;Logística;Ativa;Indeterminado;;31/12;S;N;N;S;N;HEDGE INVESTMENTS DTVM LTDA;07253654000176;AVENIDA BRIGADEIRO FARIA LIMA;3600;11º ANDAR CJ 112;ITAIM BIBI;SÃO PAULO;SP;04538-132;(11) 5412-5400;;;www.hedgeinvest.com.br;dtvm@hedgeinvest.com.br
Classe;53.471.254/0001-54;2026-01-01;1;2026-02-12;KRONOLOG II FII RESP LTDA;2025-09-30;INVESTIDOR QUALIFICADO E PROFISSIONAL;BR0I7CCTF002;319681.6991;N;N;;Multicategoria;Definida;Indeterminado;;31/12;N;S;N;N;S;.BANCO DAYCOVAL S/A;62232889000190;Avenida Paulista;1793;2º Andar;Bela Vista;São Paulo;SP;01311200;0300 111 0500;11 3563-4389;11 3563-4318;www.daycoval.com.br/investimentos/servicos-fiduciarios;informes.regulatorios@bancodaycoval.com.br
Classe;53.507.204/0001-80;2026-01-01;1;2026-02-13;TACTICAL REAL ESTATE FII EXCLUSIVO RESPONSABILIDADE LTDA;2024-01-18;INVESTIDOR PROFISSIONAL;;59000;N;N;;Multicategoria;Ativa;Indeterminado;;31/12;N;N;S;N;N;SINGULARE CORRETORA DE TITULOS E VALORES MOBILIARIOS S.A;62285390000140;AVENIDA REBOUÇAS;2942;7º AO 12º ANDAR;PINHEIROS;SÃO PAULO;SP;05402-500;(11) 2827-3500;;;https://qitech.com.br/dtvm/;fii.adm@singulare.com.br
Classe;53.523.736/0001-00;2026-01-01;1;2026-02-12;EMET MULTIESTRATEGIA FII RESPONSABILIDADE LIMITADA;2024-03-15;INVESTIDORES EM GERAL;BREMETR04M12;5000000;N;N;;Multicategoria;Ativa;Indeterminado;;31/12;S;S;N;S;S;BRL TRUST DTVM S.A.;13486793000142;Rua Alves Guimarães;1216;;Pinheiros;São Paulo;SP;05410-002;(11) 3509-0600;;;www.apexgroup.com/apex-brazil/;infolegal@apexgroup.com
Classe;53.645.729/0001-81;2026-01-01;1;2026-02-17;FII DE UNIDADES AUTÔNOMAS V RESP LIMITADA;2024-01-31;INVESTIDOR QUALIFICADO E PROFISSIONAL;;500399;N;N;;Multicategoria;Ativa;Determinado;2031-01-31;30/06;N;N;S;N;N;ID CORRETORA DE TITULOS E VALORES MOBILIARIOS S.A.;16695922000109;AV PRES JUSCELINO KUBITSCHEK;1726;19 ANDAR;VILA NOVA CONCEICAO;SÃO PAULO;SP;04543000;11 4637 6633;;;WWW.IDSF.COM.BR;administracao@idsf.com.br
Classe;53.654.501/0001-58;2026-01-01;1;2026-02-12;KINEA AQUISIÇÕES RESIDENCIAIS FII RESPONSABILIDADE LIMITADA;2024-10-08;INVESTIDOR QUALIFICADO;BRKRESCTF005;239599794;N;N;;Residencial;Ativa;Determinado;2030-10-08;30/06;S;N;N;S;N;INTRAG DISTRIBUIDORA DE TÍTULOS E VALORES MOBILIÁRIOS LTDA;62418140000131;AV BRIGADEIRO FARIA LIMA;3400;10º Andar;ITAIM BIBI;SÃO PAULO;SP;04538132;55 (11) 30726012;;;www.intrag.com.br;produtosestruturados@itau-unibanco.com.br
Classe;53.656.482/0001-07;2026-01-01;1;2026-02-13;VALORA RENDA IMOBILIARIA FII;2024-03-05;INVESTIDORES EM GERAL;BRVGRICTF008;35021736;N;N;;Outros;Definida;Indeterminado;;31/12;S;N;N;S;N;.BANCO DAYCOVAL S/A;62232889000190;Avenida Paulista;1793;2º Andar;Bela Vista;São Paulo;SP;01311200;0300 111 0500;11 3563-4389;11 3563-4318;www.daycoval.com.br/investimentos/servicos-fiduciarios;informes.regulatorios@bancodaycoval.com.br
Classe;53.724.231/0001-04;2026-01-01;2;2026-02-23;JGP DESENV I FII;2024-02-07;INVESTIDOR PROFISSIONAL;BRRDLSCTF005;205000;N;N;;Shoppings;Definida;Indeterminado;;31/12;N;N;S;N;N;BTG PACTUAL SERVICOS FINANCEIROS S/A DTVM;59281253000123;Praia de Botafogo;501;6º Andar;Botafogo;Rio de Janeiro;RJ;22.250-040;55 11 3383-3102;;;www.btgpactual.com;ri.fundoslistados@btgpactual.com
Classe;53.730.029/0001-95;2026-01-01;1;2026-02-06;FII SMART REAL ESTATE - FII RL;2024-04-15;INVESTIDOR QUALIFICADO;BRSMRECTF019;997857.00104541;N;N;;Multicategoria;Ativa;Indeterminado;;30/06;S;N;N;S;N;PLANNER CORRETORA DE VALORES S.A.;00806535000154;Avenida Brigadeiro Faria Lima;3900;10º andar;Itaim Bibi;São Paulo;SP;04538-132;(11) 2172-2600;0800 179 444;(11) 2172-2667;www.planner.com.br;inforegulatorio@planner.com.br
Classe;53.764.894/0001-52;2026-01-01;1;2026-02-12;PATAGONIA CAPITAL MULTIESTRATEGIA FII;2024-02-02;INVESTIDORES EM GERAL;BRPATACTF006;1702007;N;N;;Outros;Ativa;Indeterminado;;30/06;S;N;N;S;N;BANCO GENIAL S.A.;45246410000155;Praia de Botafogo;228;9 andar;Botafogo;Rio de Janeiro;RJ;22250-906;(11) 3524-8888;(11) 2137-8888;0800 605 888;https://www.genialinvestimentos.com.br/;middleadm@genial.com.vc
Classe;53.866.393/0001-87;2026-01-01;1;2026-02-10;FII DE DESENVO DE ESCRITÓRIOS BOUTIQUE RESPONSABILIDADE LTDA;2024-06-17;INVESTIDOR PROFISSIONAL;BREGDBCTF009;98886;N;N;;Escritórios;Ativa;Determinado;2027-07-01;30/06;S;N;N;S;N;BRL TRUST DTVM S.A.;13486793000142;Rua Alves Guimarães;1216;;Pinheiros;São Paulo;SP;05410-002;(11) 3509-0600;;;www.apexgroup.com/apex-brazil/;infolegal@apexgroup.com
Classe;53.866.872/0001-01;2026-01-01;1;2026-02-13;DAMA FII;2024-03-01;INVESTIDORES EM GERAL;BRDAMACTF007;5537031;N;N;;Multicategoria;Ativa;Indeterminado;;31/12;S;N;N;S;N;BTG PACTUAL SERVICOS FINANCEIROS S/A DTVM;59281253000123;Praia de Botafogo;501;6º Andar;Botafogo;Rio de Janeiro;RJ;22.250-040;55 11 3383-3102;;;www.btgpactual.com;ri.fundoslistados@btgpactual.com
Classe;54.010.546/0001-52;2026-01-01;1;2026-02-13;AQUISIÇÃO DE UNIDADES FUNDO DE INVESTIMENTO IMOBILIÁRIO RESP;2025-07-24;INVESTIDOR PROFISSIONAL;;2066476;N;N;;Residencial;Definida;Indeterminado;;31/12;N;N;S;N;N;ID CORRETORA DE TITULOS E VALORES MOBILIARIOS S.A.;16695922000109;AV PRES JUSCELINO KUBITSCHEK;1726;19 ANDAR;VILA NOVA CONCEICAO;SÃO PAULO;SP;04543000;11 4637 6633;;;WWW.IDSF.COM.BR;administracao@idsf.com.br
Classe;54.045.925/0001-88;2026-01-01;1;2026-03-03;FII SUNNY;2024-06-05;INVESTIDOR QUALIFICADO;0;16495.56796831;N;N;;Outros;Ativa;Indeterminado;;31/12;N;N;S;N;N;REAG DISTRIBUIDORA DE TITULOS E VALORES MOBILIARIOS SA;34829992000186;Avenida Brigadeiro Faria Lima;2277;17º andar;Jardim Paulistano;São Paulo;SP;01452-000;(11) 3504-6800;;;www.reag.com.br;informeslegais@reag.com.br
Classe;54.064.962/0001-33;2026-01-01;1;2026-02-10;CANITAR INVEST FUNDO DE INVESTIMENTO IMOBILIARIO;2024-03-20;INVESTIDOR PROFISSIONAL;BR0IYGCTF005;34424.53676929;N;N;;Multicategoria;Ativa;Indeterminado;;31/12;S;S;N;S;N;TRUSTEE DISTRIBUIDORA DE TITULOS E VALORES MOBILIARIOS LTDA.;67030395000146;Avenida Brigadeiro Faria Lima;3.732;11º e 12º andar;Itaim Bibi;São Paulo;SP;04538-132;0800 930 0930;;;www.trusteedtvm.com.br;ouvidoria@trusteedtvm.com.br
Classe;54.088.529/0001-38;2026-01-01;1;2026-02-12;TAUBATE FI IMOB RESP LTDA;2024-03-28;INVESTIDOR PROFISSIONAL;BR0LVHCTF003;465620.1;N;N;;Multicategoria;Ativa;Indeterminado;;31/12;S;N;N;N;N;VÓRTX DTVM LTDA;22610500000188;Rua Gilberto Sabino;215;4º ANDAR;Pinheiros;São Paulo;SP;5425020;11 3030-7177;;;www.vortx.com.br;fundos@vortx.com.br
Classe;54.089.614/0001-10;2026-01-01;1;2026-02-12;FII AZ QUEST PANORAMA JANDIRA;2024-03-25;INVESTIDOR QUALIFICADO E PROFISSIONAL;BR0IP6CTF000;3650100;N;N;;Multicategoria;Ativa;Indeterminado;;31/12;N;N;S;N;N;.BANCO DAYCOVAL S/A;62232889000190;Avenida Paulista;1793;2º Andar;Bela Vista;São Paulo;SP;01311200;0300 111 0500;11 3563-4389;11 3563-4318;www.daycoval.com.br/investimentos/servicos-fiduciarios;informes.regulatorios@bancodaycoval.com.br
Classe;54.089.708/0001-90;2026-01-01;1;2026-02-13;EB JHSF CAPITAL FII RESIDENCIAL ALTO PADRÃO RESP LIMITADA;2024-07-23;INVESTIDOR QUALIFICADO E PROFISSIONAL;BR0IURCTF000;315650;N;N;;Multicategoria;Definida;Determinado;2031-07-01;31/12;N;S;N;N;S;BANCO DAYCOVAL S.A.;62232889000190;Avenida Paulista;1793;2º Andar;Bela Vista;São Paulo;SP;01311200;0300 111 0500;11 4090-2223;11 3138-4061;https://www.daycoval.com.br/investimento;informes.regulatorios@bancodaycoval.com.br
Classe;54.134.474/0001-55;2026-01-01;1;2026-02-13;RAIZZ DESENV II FII;2024-04-05;INVESTIDOR QUALIFICADO;BRRZZICTF009;111541;N;N;;Logística;Definida;Determinado;2031-03-12;31/12;N;N;N;N;S;BTG PACTUAL SERVICOS FINANCEIROS S/A DTVM;59281253000123;Praia de Botafogo;501;6º Andar;Botafogo;Rio de Janeiro;RJ;22.250-040;55 11 3383-3102;;;www.btgpactual.com;ri.fundoslistados@btgpactual.com
Classe;54.174.907/0001-04;2026-01-01;1;2026-02-13;CPV ENERGIA FUNDO DE INVESTIMENTO IMOBILIÁRIO RESP LIMITADA;2024-04-30;INVESTIDORES EM GERAL;BRRENVCTF003;1026794;N;N;;Multicategoria;Ativa;Indeterminado;;30/06;N;N;S;N;N;ID CORRETORA DE TITULOS E VALORES MOBILIARIOS S.A.;16695922000109;AV PRES JUSCELINO KUBITSCHEK;1726;19 ANDAR;VILA NOVA CONCEICAO;SÃO PAULO;SP;04543000;11 4637 6633;;;WWW.IDSF.COM.BR;administracao@idsf.com.br
Classe;54.250.318/0001-50;2026-01-01;1;2026-02-12;EDIFICARE FDO INVEST IMOB RESP LTDA;2024-06-14;INVESTIDORES EM GERAL;BR0J9NCTF004;805579.7067;N;N;;Varejo;Ativa;Indeterminado;;28/06;N;N;S;N;N;VÓRTX DTVM LTDA;22610500000188;Rua Gilberto Sabino;215;4º ANDAR;Pinheiros;São Paulo;SP;5425020;11 3030-7177;;;www.vortx.com.br;fundos@vortx.com.br
Classe;54.250.610/0001-72;2026-01-01;1;2026-02-12;ELOHIM FDO INVEST IMOB;2024-06-14;INVESTIDORES EM GERAL;BR0J9OCTF002;571936.72;N;N;;Varejo;Ativa;Indeterminado;;28/06;N;N;S;N;N;VÓRTX DTVM LTDA;22610500000188;Rua Gilberto Sabino;215;4º ANDAR;Pinheiros;São Paulo;SP;5425020;11 3030-7177;;;www.vortx.com.br;fundos@vortx.com.br
Classe;54.275.309/0001-13;2026-01-01;1;2026-02-10;BUCAREST FUNDO DE INVESTIMENTO IMOBILIÁRIO;2024-03-20;INVESTIDOR PROFISSIONAL;BR0IYHCTF003;12948.0113745;N;N;;Multicategoria;Ativa;Indeterminado;;31/12;S;S;N;S;N;TRUSTEE DISTRIBUIDORA DE TITULOS E VALORES MOBILIARIOS LTDA.;67030395000146;Avenida Brigadeiro Faria Lima;3.732;11º e 12º andar;Itaim Bibi;São Paulo;SP;04538-132;0800 930 0930;;;www.trusteedtvm.com.br;ouvidoria@trusteedtvm.com.br
Classe;54.306.150/0001-57;2026-01-01;1;2026-02-12;EDGE FII RL;2024-07-01;INVESTIDORES EM GERAL;BREDGECTF003;11434.1666;N;N;;Multicategoria;Definida;Indeterminado;;30/06;S;N;N;S;N;.BANCO DAYCOVAL S/A;62232889000190;Avenida Paulista;1793;2º Andar;Bela Vista;São Paulo;SP;01311200;0300 111 0500;11 3563-4389;11 3563-4318;www.daycoval.com.br/investimentos/servicos-fiduciarios;informes.regulatorios@bancodaycoval.com.br
Classe;54.375.187/0001-37;2026-01-01;1;2026-02-09;BB PREMIUM MALLS FII DE RESPONSABILIDADE LIMITADA;2024-04-24;INVESTIDORES EM GERAL;BRBBIGCTF004;99120994;N;N;;Shoppings;Ativa;Indeterminado;;30/06;S;N;N;S;N;BB GESTAO DE RECURSOS DTVM S.A.;30822936000169;Avenida República do Chile;330;7º e 8º andares Torre Oeste;Centro;Rio de Janeiro;RJ;20031170;021-3808-7500;;;www.bb.com.br;bbasset.estruturados@bb.com.br
Classe;54.386.365/0001-25;2026-01-01;1;2026-02-13;PLAZA IGUATEMI - FUNDO DE INVESTIMENTO IMOBILIARIO;2024-04-01;INVESTIDOR PROFISSIONAL;BR0IS6CTF007;122654.58920652;N;N;;Multicategoria;Ativa;Indeterminado;2029-03-12;31/12;N;N;S;N;N;OLIVEIRA TRUST DTVM S.A.;36113876000191;Av. das Américas;3434;Bl. 7 Grupo 201;Barra da Tijuca;Rio de Janeiro;RJ;22640-102;(21) 3514-0000;;;www.oliveiratrust.com.br;ger2.fundos@oliveiratrust.com.br
Classe;54.417.489/0001-20;2026-01-01;3;2026-03-05;SUPER FARMS FUNDO DE INVEST NAS CADEIAS PRODUTIVAS;2024-04-05;INVESTIDOR QUALIFICADO;;46442.45;N;N;;Multicategoria;Ativa;Indeterminado;;31/12;N;N;S;N;N;ID CORRETORA DE TITULOS E VALORES MOBILIARIOS S.A.;16695922000109;AV PRES JUSCELINO KUBITSCHEK;1726;19 ANDAR;VILA NOVA CONCEICAO;SÃO PAULO;SP;04543000;11 4637 6633;;;WWW.IDSF.COM.BR;administracao@idsf.com.br
Classe;54.419.040/0001-00;2026-01-01;1;2026-02-09;JMP FUNDO DE INVESTIMENTO IMOBILIÁRIO;2024-03-20;INVESTIDOR PROFISSIONAL;;5562.69334315;N;N;;Outros;Ativa;Indeterminado;;31/12;N;N;S;N;N;AZUMI DISTRIBUIDORA DE TÍTULOS E VALORES MOBILIÁRIOS LTDA.;40434681000110;Rua Dr. Rubens Gomes Bueno;691;Conjunto 131;Várzea de Baixo;SÃO PAULO;SP;04730-903;+55 (11) 2626-9780;;;https://azumidtvm.com.br/;atendimento@azumidtvm.com.br
Classe;54.419.040/0001-00;2026-02-01;1;2026-03-02;JMP FUNDO DE INVESTIMENTO IMOBILIÁRIO;2024-03-20;INVESTIDOR PROFISSIONAL;;5912.079169;N;N;;Outros;Ativa;Indeterminado;;31/12;N;N;S;N;N;AZUMI DISTRIBUIDORA DE TÍTULOS E VALORES MOBILIÁRIOS LTDA.;40434681000110;Rua Dr. Rubens Gomes Bueno;691;Conjunto 131;Várzea de Baixo;SÃO PAULO;SP;04730-903;+55 (11) 2626-9780;;;https://azumidtvm.com.br/;atendimento@azumidtvm.com.br
Classe;54.422.883/0001-57;2026-01-01;1;2026-02-12;NEST EAGLE FII;2024-11-07;INVESTIDORES EM GERAL;BREAGLCTF004;1858798;N;N;;Multicategoria;Definida;Indeterminado;;31/12;S;N;N;S;N;.BANCO DAYCOVAL S/A;62232889000190;Avenida Paulista;1793;2º Andar;Bela Vista;São Paulo;SP;01311200;0300 111 0500;11 3563-4389;11 3563-4318;www.daycoval.com.br/investimentos/servicos-fiduciarios;informes.regulatorios@bancodaycoval.com.br
Classe;54.483.412/0001-59;2026-01-01;1;2026-02-12;ICATU VAN GRU LOG FII;2024-07-10;INVESTIDORES EM GERAL;BRGRULCTF004;24700000;N;N;;Logística;Definida;Indeterminado;;31/12;S;N;N;S;N;.BANCO DAYCOVAL S/A;62232889000190;Avenida Paulista;1793;2º Andar;Bela Vista;São Paulo;SP;01311200;0300 111 0500;11 3563-4389;11 3563-4318;www.daycoval.com.br/investimentos/servicos-fiduciarios;informes.regulatorios@bancodaycoval.com.br
Classe;54.485.027/0001-40;2026-01-01;1;2026-02-13;ARC V FUNDO DE INVESTIMENTO IMOBILIARIO;2024-04-09;INVESTIDOR QUALIFICADO;BR0IWXCTF004;48479.73484515;N;N;;Multicategoria;Ativa;Indeterminado;;30/06;N;N;S;N;N;OLIVEIRA TRUST DTVM S.A.;36113876000191;Av. das Américas;3434;Bl. 7 Grupo 201;Barra da Tijuca;Rio de Janeiro;RJ;22640-102;(21) 3514-0000;;;www.oliveiratrust.com.br;ger2.fundos@oliveiratrust.com.br
Classe;54.500.419/0001-31;2026-01-01;1;2026-02-06;RIVIERA DOURADA FUNDO DE INVESTIMENTO IMOBILIÁRIO;2025-02-18;INVESTIDOR PROFISSIONAL;BR0NDNCTF005;2170;N;N;;Multicategoria;Ativa;Indeterminado;;30/06;N;S;N;N;S;PLANNER CORRETORA DE VALORES S.A.;00806535000154;Avenida Brigadeiro Faria Lima;3900;10º andar;Itaim Bibi;São Paulo;SP;04538-132;(11) 2172-2600;0800 179 444;(11) 2172-2667;www.planner.com.br;inforegulatorio@planner.com.br
Classe;54.505.336/0001-35;2026-01-01;1;2026-02-12;FII REGRA BTS VAREJO LTDA;2024-09-12;INVESTIDOR QUALIFICADO;BR0M1RCTF007;168896.0002;N;N;;Outros;Ativa;Indeterminado;;31/12;N;N;S;N;N;VÓRTX DTVM LTDA;22610500000188;Rua Gilberto Sabino;215;4º ANDAR;Pinheiros;São Paulo;SP;5425020;11 3030-7177;;;www.vortx.com.br;fundos@vortx.com.br
Classe;54.505.439/0001-03;2026-01-01;1;2026-02-12;ORIZ RE CRÉDITO ESTRUTURADO FII;2024-08-14;INVESTIDOR PROFISSIONAL;BRORCECTF001;565171;N;N;;Outros;Ativa;Indeterminado;;31/12;N;S;N;S;N;XP INVESTIMENTOS CORRETORA DE CÂMBIO, TÍTULOS E VAL MOB S/A;02332886000104;AVENIDA ATAULFO DE PAIVA;153;5º e 8º andares;LEBLON;RIO DE JANEIRO;RJ;22440-033;(11) 3027-2237;;;www.xpi.com.br;adm.fundos.estruturados@xpi.com.br
Classe;54.557.596/0001-54;2026-01-01;2;2026-02-25;BM FII;2024-04-05;INVESTIDOR PROFISSIONAL;BR0LMFCTF006;540500;N;N;;Outros;Definida;Indeterminado;;31/12;N;N;S;N;N;BTG PACTUAL SERVICOS FINANCEIROS S/A DTVM;59281253000123;Praia de Botafogo;501;6º Andar;Botafogo;Rio de Janeiro;RJ;22.250-040;55 11 3383-3102;;;www.btgpactual.com;ri.fundoslistados@btgpactual.com
Classe;54.564.113/0001-49;2026-01-01;1;2026-02-12;TISHMAN SPEYER JARDINS FII ORIZ XP;2024-06-26;INVESTIDOR PROFISSIONAL;BR0J7QCTF027;29232.9487;N;N;;Multicategoria;Ativa;Indeterminado;;30/06;S;S;N;S;S;BANCO DAYCOVAL;62353889000190;Av. Paulista;1793;2º andar;Bela Vista;São Paulo;SP;01311200;03001110500;11 35634389;11 35634318;www.daycoval.com.br/investimentos/servicos-fiduciarios;informes.regulatorios@bancodaycoval.com.br
Classe;54.620.584/0001-27;2026-01-01;2;2026-02-13;TISHMAN SPEYER JARDINS FII ORIZ XP FEEDER FII;2024-06-12;INVESTIDOR QUALIFICADO;BR0J4ACTF002;12889.17378;N;N;;Multicategoria;Ativa;Determinado;2032-06-12;30/06;S;N;N;S;N;XP INVESTIMENTOS CORRETORA DE CÂMBIO, TÍTULOS E VAL MOB S/A;02332886000104;AVENIDA ATAULFO DE PAIVA;153;5º e 8º andares;LEBLON;RIO DE JANEIRO;RJ;22440-033;(11) 3027-2237;;;www.xpi.com.br;adm.fundos.estruturados@xpi.com.br
Classe;54.635.245/0001-14;2026-01-01;1;2026-02-12;PERSEVERA PLANO & PLANO;2025-06-04;INVESTIDOR QUALIFICADO;BR0NDZCTF033;13750000;N;N;;Multicategoria;Definida;Determinado;2030-06-01;31/12;N;S;N;N;S;.BANCO DAYCOVAL S/A;62232889000190;Avenida Paulista;1793;2º Andar;Bela Vista;São Paulo;SP;01311200;0300 111 0500;11 3563-4389;11 3563-4318;www.daycoval.com.br/investimentos/servicos-fiduciarios;informes.regulatorios@bancodaycoval.com.br
Classe;54.635.301/0001-10;2026-01-01;1;2026-02-12;SPECIALE REAL ESTATE DEV II;2024-05-15;INVESTIDOR QUALIFICADO E PROFISSIONAL;BRDVLTR01M16;310503;N;N;;Multicategoria;Definida;Indeterminado;;28/06;S;S;N;S;N;.BANCO DAYCOVAL S/A;62232889000190;Avenida Paulista;1793;2º Andar;Bela Vista;São Paulo;SP;01311200;0300 111 0500;11 3563-4389;11 3563-4318;www.daycoval.com.br/investimentos/servicos-fiduciarios;informes.regulatorios@bancodaycoval.com.br
Classe;54.645.216/0001-33;2026-01-01;1;2026-02-13;FII BTGP YOU;2024-04-17;INVESTIDORES EM GERAL;BRBTYUCTF004;30000000;N;N;;Outros;Ativa;Indeterminado;;31/12;S;N;N;S;N;BTG PACTUAL SERVICOS FINANCEIROS S/A DTVM;59281253000123;Praia de Botafogo;501;6º Andar;Botafogo;Rio de Janeiro;RJ;22.250-040;55 11 3383-3102;;;www.btgpactual.com;ri.fundoslistados@btgpactual.com
Classe;54.660.460/0001-75;2026-01-01;1;2026-02-13;BARI CAPITAL RENDA FUNDO DE INVESTIMENTO IMOBILIÁRIO;2024-11-21;INVESTIDOR PROFISSIONAL;BR0MKYCTF009;797800;N;N;;Outros;Ativa;Indeterminado;;31/12;S;N;N;S;N;OLIVEIRA TRUST DTVM S.A.;36113876000191;Av. das Américas;3434;Bl. 7 Grupo 201;Barra da Tijuca;Rio de Janeiro;RJ;22640-102;(21) 3514-0000;;;www.oliveiratrust.com.br;ger2.fundos@oliveiratrust.com.br
Classe;54.675.539/0001-70;2026-01-01;1;2026-03-04;FII FRANCORCHAMPS;2024-06-21;INVESTIDOR QUALIFICADO;0;202935.01457757;N;N;;Outros;Ativa;Indeterminado;;31/12;N;N;S;N;N;REAG DISTRIBUIDORA DE TITULOS E VALORES MOBILIARIOS SA;34829992000186;Avenida Brigadeiro Faria Lima;2277;17º andar;Jardim Paulistano;São Paulo;SP;01452-000;(11) 3504-6800;;;www.reag.com.br;informeslegais@reag.com.br
Classe;54.675.539/0001-70;2026-02-01;1;2026-03-05;FII PLANNER 2392 - FRANCORCHAMPS FII;2024-06-21;INVESTIDOR QUALIFICADO;0;202935.01458;N;N;;Outros;Ativa;Indeterminado;;31/12;N;N;S;N;N;PLANNER CORRETORA DE VALORES S.A.;00806535000154;Avenida Brigadeiro Faria Lima;3900;10º andar;Jardim Paulistano;São Paulo;SP;04538-132;(11) 3504-6800;;;www.planner.com.br;informacoesregulatorias@planner.com.br
Classe;54.698.848/0001-65;2026-01-01;1;2026-02-12;MAUÁ CAPITAL HIGH GRADE FUNDO DE INVESTIMENTO IMOBILIÁRIO;2024-05-06;INVESTIDOR QUALIFICADO;BRMCFACTF008;8938436;N;N;;Outros;Ativa;Determinado;2029-05-06;31/12;S;N;N;S;N;XP INVESTIMENTOS CORRETORA DE CÂMBIO, TÍTULOS E VAL MOB S/A;02332886000104;AVENIDA ATAULFO DE PAIVA;153;5º e 8º andares;LEBLON;RIO DE JANEIRO;RJ;22440-033;(11) 3027-2237;;;www.xpi.com.br;adm.fundos.estruturados@xpi.com.br
Classe;54.866.214/0001-74;2026-01-01;1;2026-02-13;JS RECEBÍVEIS FUNDO DE INVESTIMENTO IMOBILIÁRIO;2024-06-28;INVESTIDORES EM GERAL;BRJSCRCTF001;22137100;N;N;;Multicategoria;Ativa;Indeterminado;;31/12;S;N;N;S;N;BANCO J SAFRA S.A;03017677000120;AV PAULISTA;2150;;BELA VISTA;SÃO PAULO;SP;01311-300;0300 105 1234;0800 772 5755;;https://www.safra.com.br/safra-asset/fundo-imobiliario/jscr11.htm;SAFRA.ASSET@SAFRA.COM.BR
Classe;54.869.435/0001-04;2026-01-01;1;2026-02-13;ARX CHILLON REC FII;2024-06-05;INVESTIDORES EM GERAL;BR0JDNCTF003;721132;N;N;;Outros;Ativa;Determinado;2031-06-29;31/12;S;N;N;S;N;BTG PACTUAL SERVICOS FINANCEIROS S/A DTVM;59281253000123;Praia de Botafogo;501;6º Andar;Botafogo;Rio de Janeiro;RJ;22.250-040;55 11 3383-3102;;;www.btgpactual.com;ri.fundoslistados@btgpactual.com
Classe;55.034.258/0001-09;2026-01-01;1;2026-02-12;FII ZAVIT SPECIAL OPPORTUNITIES;2024-08-14;INVESTIDORES EM GERAL;BR0LB1CTF002;1271000;N;N;;Multicategoria;Definida;Indeterminado;;30/06;S;N;N;N;N;.BANCO DAYCOVAL S/A;62232889000190;Avenida Paulista;1793;2º Andar;Bela Vista;São Paulo;SP;01311200;0300 111 0500;11 3563-4389;11 3563-4318;www.daycoval.com.br/investimentos/servicos-fiduciarios;informes.regulatorios@bancodaycoval.com.br
Classe;55.074.554/0001-25;2026-01-01;1;2026-02-13;SPX RE RPPS FII;2024-12-17;INVESTIDORES EM GERAL;BRSPXLCTF007;3298014;N;N;;Logística;Ativa;Indeterminado;;31/12;S;S;N;S;N;BTG PACTUAL SERVICOS FINANCEIROS S/A DTVM;59281253000123;Praia de Botafogo;501;6º Andar;Botafogo;Rio de Janeiro;RJ;22.250-040;55 11 3383-3102;;;www.btgpactual.com;ri.fundoslistados@btgpactual.com
Classe;55.089.373/0001-72;2026-01-01;1;2026-02-12;FII LCP RE DEVELOPMENT RESP LTDA;2024-05-23;INVESTIDOR QUALIFICADO;BRLREDCTF005;1408780.6641;N;N;;Residencial;Ativa;Indeterminado;;31/12;N;N;S;N;N;VÓRTX DTVM LTDA;22610500000188;Rua Gilberto Sabino;215;4º ANDAR;Pinheiros;São Paulo;SP;5425020;11 3030-7177;;;www.vortx.com.br;fundos@vortx.com.br
Classe;55.115.058/0001-72;2026-01-01;1;2026-02-13;FII QUARTZO REAL ESTATE DEVELOPMENT MULT;2024-07-31;INVESTIDOR QUALIFICADO;BRQTZDCTF005;583340;N;N;;Multicategoria;Ativa;Indeterminado;;31/12;S;N;N;S;N;VÓRTX DTVM LTDA;22610500000188;Rua Gilberto Sabino;215;4º ANDAR;Pinheiros;São Paulo;SP;5425020;11 3030-7177;;;www.vortx.com.br;fundos@vortx.com.br
Classe;55.154.961/0001-42;2026-01-01;1;2026-02-17;MONTREAL FUNDO DE INVESTIMENTO IMOBILIARIO RESP LIMITADA;2024-08-16;INVESTIDOR PROFISSIONAL;;134822.44542425;N;N;;Multicategoria;Ativa;Indeterminado;;31/05;N;N;S;N;N;ID CORRETORA DE TITULOS E VALORES MOBILIARIOS S.A.;16695922000109;AV PRES JUSCELINO KUBITSCHEK;1726;19 ANDAR;VILA NOVA CONCEICAO;SÃO PAULO;SP;04543000;11 4637 6633;;;WWW.IDSF.COM.BR;administracao@idsf.com.br
Classe;55.177.440/0001-00;2026-01-01;1;2026-02-13;FUNDO DE INVESTIMENTO IMOBILIÁRIO ASTORIAL;2024-07-18;INVESTIDOR QUALIFICADO;000000000000;122054.95095;N;N;;Logística;Ativa;Indeterminado;;31/12;N;S;N;N;S;OLIVEIRA TRUST DTVM S.A.;36113876000191;Av. das Américas;3434;Bl. 7 Grupo 201;Barra da Tijuca;Rio de Janeiro;RJ;22640-102;(21) 3514-0000;;;www.oliveiratrust.com.br;ger2.fundos@oliveiratrust.com.br
Classe;55.293.694/0001-94;2026-01-01;1;2026-02-10;PEDHRA FUNDO DE INVESTIMENTO IMOBILIÁRIO RESPONS. LIMITADA;2024-12-10;INVESTIDOR PROFISSIONAL;BR0N6LCTF008;8000;N;N;;Outros;Ativa;Indeterminado;;31/12;S;S;N;S;N;TRUSTEE DISTRIBUIDORA DE TITULOS E VALORES MOBILIARIOS LTDA.;67030395000146;Avenida Brigadeiro Faria Lima;3.732;11º e 12º andar;Itaim Bibi;São Paulo;SP;04538-132;0800 930 0930;;;www.trusteedtvm.com.br;ouvidoria@trusteedtvm.com.br
Classe;55.296.764/0001-68;2026-01-01;1;2026-02-12;AUGME CRÉDITO ESTRUTURADO FUNDO DE INVESTIMENTO IMOBILIÁRIO;2024-08-05;INVESTIDOR QUALIFICADO;BRAUGMCTF008;16946435;N;N;;Multicategoria;Ativa;Determinado;2029-08-05;30/06;N;S;N;S;N;XP INVESTIMENTOS CORRETORA DE CÂMBIO, TÍTULOS E VAL MOB S/A;02332886000104;AVENIDA ATAULFO DE PAIVA;153;5º e 8º andares;LEBLON;RIO DE JANEIRO;RJ;22440-033;(11) 3027-2237;;;www.xpi.com.br;adm.fundos.estruturados@xpi.com.br
Classe;55.302.190/0001-93;2026-01-01;1;2026-02-12;JARDIM PAULISTANO FII;2024-11-18;INVESTIDORES EM GERAL;BRJPAUCTF005;598399.9998;N;N;;Multicategoria;Ativa;Determinado;2031-05-09;31/12;N;N;S;N;N;VÓRTX DTVM LTDA;22610500000188;Rua Gilberto Sabino;215;4º ANDAR;Pinheiros;São Paulo;SP;5425020;11 3030-7177;;;www.vortx.com.br;fundos@vortx.com.br
Classe;55.314.110/0001-10;2026-01-01;1;2026-02-13;PDP INVEST FUND FII;2024-05-31;INVESTIDOR PROFISSIONAL;BR0PYFCTF002;20055;N;N;;Shoppings;Definida;Indeterminado;;31/12;N;N;S;N;N;BTG PACTUAL SERVICOS FINANCEIROS S/A DTVM;59281253000123;Praia de Botafogo;501;6º Andar;Botafogo;Rio de Janeiro;RJ;22.250-040;55 11 3383-3102;;;www.btgpactual.com;ri.fundoslistados@btgpactual.com
Classe;55.314.271/0001-03;2026-01-01;1;2026-02-13;FII BLUEROCK ONE;2024-06-12;INVESTIDOR QUALIFICADO;BR0LO0CTF009;40000;N;N;;Hospital;Ativa;Indeterminado;;31/12;N;N;S;N;N;BTG PACTUAL SERVICOS FINANCEIROS S/A DTVM;59281253000123;Praia de Botafogo;501;6º Andar;Botafogo;Rio de Janeiro;RJ;22.250-040;55 11 3383-3102;;;www.btgpactual.com;ri.fundoslistados@btgpactual.com
Classe;55.315.760/0001-80;2026-01-01;1;2026-02-13;PDP ALLOS FII;2024-05-31;INVESTIDOR PROFISSIONAL;BR0PYGCTF000;131187;N;N;;Shoppings;Definida;Indeterminado;;31/12;N;N;S;N;N;BTG PACTUAL SERVICOS FINANCEIROS S/A DTVM;59281253000123;Praia de Botafogo;501;6º Andar;Botafogo;Rio de Janeiro;RJ;22.250-040;55 11 3383-3102;;;www.btgpactual.com;ri.fundoslistados@btgpactual.com
Classe;55.346.193/0001-29;2026-01-01;1;2026-02-10;THEMISO FUNDO DE INVESTIMENTO IMOBILIÁRIO RESP. LIMITADA;2024-07-29;INVESTIDOR PROFISSIONAL;BR0L9ECTF009;14985.44618219;N;N;;Multicategoria;Ativa;Indeterminado;;31/12;S;S;N;S;N;TRUSTEE DISTRIBUIDORA DE TITULOS E VALORES MOBILIARIOS LTDA.;67030395000146;Avenida Brigadeiro Faria Lima;3.732;11º e 12º andar;Itaim Bibi;São Paulo;SP;04538-132;0800 930 0930;;;www.trusteedtvm.com.br;ouvidoria@trusteedtvm.com.br
Classe;55.431.577/0001-40;2026-01-01;1;2026-02-13;SPX G MASTER DESEN;2024-10-10;INVESTIDORES EM GERAL;BR0PYLCTF000;4093800;N;N;;Logística;Ativa;Indeterminado;;31/12;S;N;N;S;N;BTG PACTUAL SERVICOS FINANCEIROS S/A DTVM;59281253000123;Praia de Botafogo;501;6º Andar;Botafogo;Rio de Janeiro;RJ;22.250-040;55 11 3383-3102;;;www.btgpactual.com;ri.fundoslistados@btgpactual.com
Classe;55.435.378/0001-00;2026-01-01;1;2026-02-08;BRIO RENDA RESIDENCIAL FUNDO DE INVESTIMENTO IMOBILIÁRIO;2024-06-28;INVESTIDOR PROFISSIONAL;;28644.54089;S;N;;Residencial;Ativa;Indeterminado;;30/06;N;N;S;N;N;HEMERA DISTRIBUIDORA DE TITULOS E VALORES MOBILIARIOS LTDA;39669186000101;AV. AGUA VERDE;1413;CJ 801;AGUA VERDE;CURITIBA;PR;80620-200;+55 (41) 3122-7300;;;https://hemeradtvm.com.br/;atendimentocvm@hemeradtvm.com.br
Classe;55.435.378/0001-00;2026-02-01;1;2026-03-05;BRIO RENDA RESIDENCIAL FUNDO DE INVESTIMENTO IMOBILIÁRIO;2024-06-28;INVESTIDOR PROFISSIONAL;;28644.54089;S;N;;Residencial;Ativa;Indeterminado;;30/06;N;N;S;N;N;HEMERA DISTRIBUIDORA DE TITULOS E VALORES MOBILIARIOS LTDA;39669186000101;AV. AGUA VERDE;1413;CJ 801;AGUA VERDE;CURITIBA;PR;80620-200;+55 (41) 3122-7300;;;https://hemeradtvm.com.br/;atendimentocvm@hemeradtvm.com.br
Classe;55.611.150/0001-23;2026-01-01;1;2026-02-13;SPX RE PRIV FII;2024-10-10;INVESTIDOR QUALIFICADO;BRSPXGR01M18;488412;N;N;;Logística;Ativa;Indeterminado;;31/12;S;N;N;S;N;BTG PACTUAL SERVICOS FINANCEIROS S/A DTVM;59281253000123;Praia de Botafogo;501;6º Andar;Botafogo;Rio de Janeiro;RJ;22.250-040;55 11 3383-3102;;;www.btgpactual.com;ri.fundoslistados@btgpactual.com
Classe;55.661.358/0001-57;2026-01-01;1;2026-02-12;CROWTECH FUNDO DE INVESTIMENTO IMOBILIÁR;2024-08-23;INVESTIDOR PROFISSIONAL;BR0LCUCTF006;10014.0695;N;N;;Hospital;Ativa;Indeterminado;;30/06;N;N;S;N;N;VÓRTX DTVM LTDA;22610500000188;Rua Gilberto Sabino;215;4º ANDAR;Pinheiros;São Paulo;SP;5425020;11 3030-7177;;;www.vortx.com.br;fundos@vortx.com.br
Classe;55.729.232/0001-77;2026-01-01;1;2026-02-12;RIZA KALITHEA FII RESPONSABILIDADE LIMITADA;2024-07-05;INVESTIDORES EM GERAL;BR0KO8CTF003;80000000;S;N;;Outros;Ativa;Indeterminado;;30/06;N;N;S;N;N;BANCO GENIAL S.A.;45246410000155;Praia de Botafogo;228;9 andar;Botafogo;Rio de Janeiro;RJ;22250-906;(11) 3524-8888;(11) 2137-8888;0800 605 888;https://www.genialinvestimentos.com.br/;middleadm@genial.com.vc
Classe;55.753.193/0001-43;2026-01-01;1;2026-02-12;KINEA FÊNIX FII RESPONSABILIDADE LIMITADA;2024-08-19;INVESTIDOR QUALIFICADO E PROFISSIONAL;BRKFENCTF001;178651;N;N;;Multicategoria;Ativa;Determinado;2039-08-19;30/06;S;N;N;S;N;INTRAG DISTRIBUIDORA DE TÍTULOS E VALORES MOBILIÁRIOS LTDA;62418140000131;AV BRIGADEIRO FARIA LIMA;3400;10º Andar;ITAIM BIBI;SÃO PAULO;SP;04538132;55 (11) 30726012;;;www.intrag.com.br;produtosestruturados@itau-unibanco.com.br
Classe;55.768.096/0001-24;2026-01-01;1;2026-02-18;UNIMED INVESTCOOP NACIONAL II FII RL;2025-04-25;INVESTIDOR PROFISSIONAL;0;141957;N;N;;Outros;Ativa;Indeterminado;;31/12;N;N;S;N;N;REAG DISTRIBUIDORA DE TITULOS E VALORES MOBILIARIOS SA;34829992000186;Avenida Brigadeiro Faria Lima;2277;17º andar;Jardim Paulistano;São Paulo;SP;01452-000;(11) 3504-6800;;;www.reag.com.br;informeslegais@reag.com.br
Classe;55.793.516/0001-22;2026-01-01;1;2026-02-12;FII ROOFTOP III;2024-07-31;INVESTIDOR PROFISSIONAL;BRHOMSCTF001;524081;N;N;;Multicategoria;Ativa;Determinado;2028-07-31;30/06;S;N;N;S;N;VÓRTX DTVM LTDA;22610500000188;Rua Gilberto Sabino;215;4º ANDAR;Pinheiros;São Paulo;SP;5425020;11 3030-7177;;;www.vortx.com.br;fundos@vortx.com.br
Classe;55.944.877/0001-22;2026-01-01;1;2026-02-13;CIX GD ENERGIA SOLAR FII RESPONSABILIDADE LIMITADA;2024-11-21;INVESTIDOR PROFISSIONAL;BR0MCPCTF004;75650;N;N;;Multicategoria;Ativa;Indeterminado;;31/12;N;N;S;N;N;ID CORRETORA DE TITULOS E VALORES MOBILIARIOS S.A.;16695922000109;AV PRES JUSCELINO KUBITSCHEK;1726;19 ANDAR;VILA NOVA CONCEICAO;SÃO PAULO;SP;04543000;11 4637 6633;;;WWW.IDSF.COM.BR;administracao@idsf.com.br
Classe;55.948.693/0001-30;2026-01-01;1;2026-03-03;FII RWM BOTANICH;2024-07-18;INVESTIDOR QUALIFICADO;0;48162.70254363;N;N;;Outros;Ativa;Indeterminado;;31/12;N;N;S;N;N;REAG DISTRIBUIDORA DE TITULOS E VALORES MOBILIARIOS SA;34829992000186;Avenida Brigadeiro Faria Lima;2277;17º andar;Jardim Paulistano;São Paulo;SP;01452-000;(11) 3504-6800;;;www.reag.com.br;informeslegais@reag.com.br
Classe;55.969.466/0001-91;2026-01-01;1;2026-02-06;SUNXITT FII DE RESPONSABILIDADE LIMITADA;2022-11-08;INVESTIDOR PROFISSIONAL;BR0LC4CTF005;25363.32214106;N;N;;Multicategoria;Ativa;Indeterminado;;30/06;N;S;N;N;S;PLANNER CORRETORA DE VALORES S.A.;00806535000154;Avenida Brigadeiro Faria Lima;3900;10º andar;Itaim Bibi;São Paulo;SP;04538-132;(11) 2172-2600;0800 179 444;(11) 2172-2667;www.planner.com.br;inforegulatorio@planner.com.br
Classe;55.985.251/0001-64;2026-01-01;2;2026-02-19;ETT BLUECAP FII RESPONSABILIDADE LIMITAD;2024-09-26;INVESTIDOR QUALIFICADO;BR0LRNCTF009;6000;N;N;;Multicategoria;Definida;Indeterminado;;30/06;S;N;N;S;N;.BANCO DAYCOVAL S/A;62232889000190;Avenida Paulista;1793;2º Andar;Bela Vista;São Paulo;SP;01311200;0300 111 0500;11 3563-4389;11 3563-4318;www.daycoval.com.br/investimentos/servicos-fiduciarios;informes.regulatorios@bancodaycoval.com.br
Classe;55.985.307/0001-80;2026-01-01;1;2026-02-12;FII AZ QUEST PANORAMA CREDITO;2024-08-21;INVESTIDORES EM GERAL;BRAZPECTF005;12500000;N;N;;Multicategoria;Definida;Indeterminado;;31/12;S;N;N;S;N;.BANCO DAYCOVAL S/A;62232889000190;Avenida Paulista;1793;2º Andar;Bela Vista;São Paulo;SP;01311200;0300 111 0500;11 3563-4389;11 3563-4318;www.daycoval.com.br/investimentos/servicos-fiduciarios;informes.regulatorios@bancodaycoval.com.br
Classe;55.987.139/0001-62;2026-01-01;1;2026-02-17;ID GOIANA II FI FIAGRO IMOBILIARIO RESP LIMITADA;2024-08-15;INVESTIDOR PROFISSIONAL;;990327.1417;N;N;;Multicategoria;Ativa;Indeterminado;;30/06;N;N;S;N;N;ID CORRETORA DE TITULOS E VALORES MOBILIARIOS S.A.;16695922000109;AV PRES JUSCELINO KUBITSCHEK;1726;19 ANDAR;VILA NOVA CONCEICAO;SÃO PAULO;SP;04543000;11 4637 6633;;;WWW.IDSF.COM.BR;administracao@idsf.com.br
Classe;56.008.757/0001-86;2026-01-01;1;2026-02-04;FUNDO DE INVESTIMENTO IMOBILIÁRIO RIO XINGU;2024-07-19;INVESTIDOR QUALIFICADO;0;14403.60203574;N;N;;Logística;Ativa;Indeterminado;;31/12;N;N;S;N;N;SEFER INVESTIMENTOS DTVM LTDA;00329598000167;AV BRIGADEIRO FARIA LIMA;3900;6º ANDAR;ITAIM BIBI;SÃO PAULO;SP;01451-000;11 3113-0060;;;www.seferinvestimentos.com.br;informeslegais@seferinvestimentos.com.br
Classe;56.012.069/0001-90;2026-01-01;1;2026-02-11;CASAS AAA SP FUNDO DE INVESTIMENTO IMOBILIÁRIO;2024-10-09;INVESTIDOR PROFISSIONAL;0;1519282.4796;N;N;;Outros;Ativa;Determinado;2029-10-09;31/12;N;S;N;N;S;OSLO CAPITAL DTVM;13673855000125;Rua Dr. Eduardo de Souza Aranha;153;4º andar;Itaim Bibi;São Paulo;SP;04543-120;113513-3144;;;www.oslodtvm.com;admfundos@oslodtvm.com
Classe;56.028.598/0001-81;2026-01-01;1;2026-03-03;ALEGRIA FUNDO DE INVESTIMENTO IMOBILIÁRIO DE RESPONSABILIDA;2024-07-24;INVESTIDOR QUALIFICADO;0;467.94976398;N;N;;Outros;Ativa;Indeterminado;;31/12;N;N;S;N;N;REAG DISTRIBUIDORA DE TITULOS E VALORES MOBILIARIOS SA;34829992000186;Avenida Brigadeiro Faria Lima;2277;17º andar;Jardim Paulistano;São Paulo;SP;01452-000;(11) 3504-6800;;;www.reag.com.br;informeslegais@reag.com.br
Classe;56.053.824/0001-84;2026-01-01;1;2026-02-13;FII RIO BRAVO HEDGE;2024-08-30;INVESTIDOR QUALIFICADO;BR0L9CCTF003;2423669;N;N;;Outros;Ativa;Determinado;2029-07-30;31/12;S;N;N;S;N;BTG PACTUAL SERVICOS FINANCEIROS S/A DTVM;59281253000123;Praia de Botafogo;501;6º Andar;Botafogo;Rio de Janeiro;RJ;22.250-040;55 11 3383-3102;;;www.btgpactual.com;ri.fundoslistados@btgpactual.com
Classe;56.061.587/0001-01;2026-01-01;1;2026-02-12;FII GALAPAGOS DESENVOLVIMENTO RESP LTDA;2024-08-19;INVESTIDORES EM GERAL;BRGCDLCTF002;396111;N;N;;Logística;Ativa;Determinado;2029-08-19;30/06;S;N;N;S;N;VÓRTX DTVM LTDA;22610500000188;Rua Gilberto Sabino;215;4º ANDAR;Pinheiros;São Paulo;SP;5425020;11 3030-7177;;;www.vortx.com.br;fundos@vortx.com.br
Classe;56.073.063/0001-22;2026-01-01;1;2026-02-10;ARION FUNDO DE INVESTIMENTO IMOBILIÁRIO;2024-10-25;INVESTIDOR PROFISSIONAL;BR0MEOCTF003;2941.34348922;N;N;;Multicategoria;Ativa;Indeterminado;;31/12;S;S;N;S;N;TRUSTEE DISTRIBUIDORA DE TITULOS E VALORES MOBILIARIOS LTDA.;67030395000146;Avenida Brigadeiro Faria Lima;3.732;11º e 12º andar;Itaim Bibi;São Paulo;SP;04538-132;0800 930 0930;;;www.trusteedtvm.com.br;ouvidoria@trusteedtvm.com.br
Classe;56.073.063/0001-22;2026-02-01;1;2026-03-06;ARION FUNDO DE INVESTIMENTO IMOBILIÁRIO;2024-10-25;INVESTIDOR PROFISSIONAL;BR0MEOCTF003;2941.34348922;N;N;;Multicategoria;Ativa;Indeterminado;;30/06;S;S;N;S;N;TRUSTEE DISTRIBUIDORA DE TÍTULOS E VALORES MOBILIÁRIOSLTDA;67030395000146;AVENIDA BRIGADEIRO FARIA LIMA;3732;14° ANDAR;ITAIM BIBI;São Paulo;SP;04538133;(11)3842-1122;(11)3842-1122;;www.trusteedtvm.com.br;ouvidoria@trusteedtvm.com.br
Classe;56.174.611/0001-00;2026-01-01;1;2026-02-13;FII PLANNER 0414 - SHOPPING TOTALBRAS E NEWMALL;2024-11-11;INVESTIDOR QUALIFICADO;0;110038.34264221;N;N;;Shoppings;Ativa;Indeterminado;;31/12;N;N;S;N;N;REAG DISTRIBUIDORA DE TITULOS E VALORES MOBILIARIOS SA;34829992000186;Avenida Brigadeiro Faria Lima;2277;17º andar;Jardim Paulistano;São Paulo;SP;01452-000;(11) 3504-6800;;;www.reag.com.br;informeslegais@reag.com.br
Classe;56.191.016/0001-83;2026-01-01;1;2026-02-12;AZ QUEST RENDA SOLAR FUNDO DE INVESTIMENTO IMOBILIÁRIO;2024-07-29;INVESTIDOR QUALIFICADO;BR0LA3CTF009;100000;N;N;;Multicategoria;Ativa;Indeterminado;;31/12;N;S;N;N;S;XP INVESTIMENTOS CORRETORA DE CÂMBIO, TÍTULOS E VAL MOB S/A;02332886000104;AVENIDA ATAULFO DE PAIVA;153;5º e 8º andares;LEBLON;RIO DE JANEIRO;RJ;22440-033;(11) 3027-2237;;;www.xpi.com.br;adm.fundos.estruturados@xpi.com.br
Classe;56.212.023/0001-14;2026-01-01;1;2026-02-13;RIZA LECCI FII;2024-08-29;INVESTIDOR QUALIFICADO;BRRZLCR01M15;161229;N;N;;Outros;Ativa;Indeterminado;;31/12;N;N;S;N;N;BTG PACTUAL SERVICOS FINANCEIROS S/A DTVM;59281253000123;Praia de Botafogo;501;6º Andar;Botafogo;Rio de Janeiro;RJ;22.250-040;55 11 3383-3102;;;www.btgpactual.com;ri.fundoslistados@btgpactual.com
Classe;56.303.820/0001-07;2026-01-01;1;2026-02-13;FII ARTEMIS 2024;2024-09-19;INVESTIDOR QUALIFICADO E PROFISSIONAL;BR0LJACTF003;1000;N;N;;Outros;Definida;Indeterminado;;30/06;S;N;N;S;N;.BANCO DAYCOVAL S/A;62232889000190;Avenida Paulista;1793;2º Andar;Bela Vista;São Paulo;SP;01311200;0300 111 0500;11 3563-4389;11 3563-4318;www.daycoval.com.br/investimentos/servicos-fiduciarios;informes.regulatorios@bancodaycoval.com.br
Classe;56.304.155/0001-76;2026-01-01;1;2026-02-12;BALTIMORE SUB FII;2024-08-29;INVESTIDOR PROFISSIONAL;BRCEBBCTF010;292000;N;N;;Multicategoria;Definida;Indeterminado;;30/06;S;N;N;S;N;.BANCO DAYCOVAL S/A;62232889000190;Avenida Paulista;1793;2º Andar;Bela Vista;São Paulo;SP;01311200;0300 111 0500;11 3563-4389;11 3563-4318;www.daycoval.com.br/investimentos/servicos-fiduciarios;informes.regulatorios@bancodaycoval.com.br
Classe;56.414.379/0001-30;2026-01-01;1;2026-02-10;FII DCT - RESPONSABILIDADE LIMITADA;2024-08-27;INVESTIDOR QUALIFICADO;;29000;N;N;;Outros;Ativa;Determinado;2023-08-30;31/12;N;N;S;N;N;MAF DISTRIBUIDORA DE TITULOS E VALORES MOBILIARIOS S.A;36864992000142;Rua Alves Guimarães;1216;;Pinheiros;São Paulo;SP;05410-002;(11) 3509-0600;;;www.apexgroup.com/apex-brazil/;infolegal@apexgroup.com
Classe;56.430.935/0001-62;2026-01-01;1;2026-02-13;REC MULTIESTRATÉGIA - FII RESPONSABILIDADE LTDA;2024-10-25;INVESTIDORES EM GERAL;BRRECMCTF005;8400517;N;N;;Multicategoria;Ativa;Indeterminado;;31/12;S;S;N;S;S;BRL TRUST DTVM S.A.;13486793000142;Rua Alves Guimarães;1216;;Pinheiros;São Paulo;SP;05410-002;(11) 3509-0600;;;www.apexgroup.com/apex-brazil/;infolegal@apexgroup.com
Classe;56.524.816/0001-79;2026-01-01;1;2026-02-02;MASH EMPREENDIMENTOS FII RESPONSABILIDADE LIMITADA;2024-08-12;INVESTIDOR PROFISSIONAL;BR0LPDCTF004;825286.92817088;S;N;;Multicategoria;Ativa;Indeterminado;;30/06;S;N;N;S;N;MONETAR DTVM;12063256000127;Rua Joaquim Floriano, nº 100, 18º andar, Itaim Bibi, SP, CEP 4534000;100;18;ITAIM BIBI;SÃO PAULO;SP;4534000;(011) 3165-6000;;;www.terrainvestimentos.com.br;admfundos@terrainvestimentos.com.br
Classe;56.524.816/0001-79;2026-02-01;1;2026-03-03;MASH EMPREENDIMENTOS FII RESPONSABILIDADE LIMITADA;2024-08-12;INVESTIDOR PROFISSIONAL;BR0LPDCTF004;825286.92817088;S;N;;Multicategoria;Ativa;Indeterminado;;30/06;S;N;N;S;N;MONETAR DTVM;12063256000127;Rua Joaquim Floriano, nº 100, 18º andar, Itaim Bibi, SP, CEP 4534000;100;18;ITAIM BIBI;SÃO PAULO;SP;4534000;(011) 3165-6000;;;www.terrainvestimentos.com.br;admfundos@terrainvestimentos.com.br
Classe;56.805.391/0001-76;2026-01-01;1;2026-02-13;FII RBR TOP OFFICES;2024-09-25;INVESTIDORES EM GERAL;BRTOPPCTF013;4528240;N;N;;Outros;Ativa;Indeterminado;;30/06;N;N;S;N;N;BTG PACTUAL SERVICOS FINANCEIROS S/A DTVM;59281253000123;Praia de Botafogo;501;6º Andar;Botafogo;Rio de Janeiro;RJ;22.250-040;55 11 3383-3102;;;www.btgpactual.com;ri.fundoslistados@btgpactual.com
Classe;56.883.420/0001-18;2026-01-01;1;2026-02-04;FUNDO DE INVESTIMENTO IMOBILIÁRIO ZION CEMITÉRIOS RL;2024-08-16;INVESTIDOR QUALIFICADO;BR0LRDCTF000;1002.83906486;N;N;;Outros;Ativa;Indeterminado;;31/12;S;N;N;S;N;BANVOX DISTRIBUIDORA DE TITULOS E VALORES MOBILIARIOS LTDA;02671743000119;AVENIDA BRIGADEIRO FARIA LIMA;3732;12° ANDAR;ITAIM BIBI;São Paulo;SP;04538133;(11)3842-1122;(11)3842-1122;;https://www.banvox.com.br/;informesregulatorios@banvox.com.br
Classe;56.883.420/0001-18;2026-02-01;1;2026-03-06;FUNDO DE INVESTIMENTO IMOBILIÁRIO ZION CEMITÉRIOS RL;2024-08-16;INVESTIDOR QUALIFICADO;BR0LRDCTF000;1033.34952145;N;N;;Outros;Ativa;Indeterminado;;31/12;S;N;N;S;N;BANVOX DISTRIBUIDORA DE TITULOS E VALORES MOBILIARIOS LTDA;02671743000119;AVENIDA BRIGADEIRO FARIA LIMA;3732;12° ANDAR;ITAIM BIBI;São Paulo;SP;04538133;(11)3842-1122;(11)3842-1122;;https://www.banvox.com.br/;informesregulatorios@banvox.com.br
Classe;56.978.773/0001-00;2026-01-01;1;2026-02-12;PDB MALLS FII RESPONSABILIDADE LTDA;2024-09-02;INVESTIDORES EM GERAL;BRPDBMCTF003;340000;S;N;;Outros;Ativa;Indeterminado;;31/12;N;N;S;N;N;BANCO GENIAL S.A.;45246410000155;Praia de Botafogo;228;9 andar;Botafogo;Rio de Janeiro;RJ;22250-906;(11) 3524-8888;(11) 2137-8888;0800 605 888;https://www.genialinvestimentos.com.br/;middleadm@genial.com.vc
Classe;56.990.470/0001-02;2026-01-01;1;2026-02-13;MAUÁ CRED IMOB FII;2024-09-30;INVESTIDOR QUALIFICADO;BR0LJUCTF001;1242717;N;N;;Outros;Ativa;Indeterminado;;30/06;N;N;S;N;N;BTG PACTUAL SERVICOS FINANCEIROS S/A DTVM;59281253000123;Praia de Botafogo;501;6º Andar;Botafogo;Rio de Janeiro;RJ;22.250-040;55 11 3383-3102;;;www.btgpactual.com;ri.fundoslistados@btgpactual.com
Classe;56.992.328/0001-96;2026-01-01;1;2026-02-12;JHSF CAPITAL DESENV IMOB FII RESPONSABILIDADE LIMITADA;2025-12-15;INVESTIDORES EM GERAL;BRJCDRCTF003;3490947;N;N;;Multicategoria;Definida;Indeterminado;2030-12-18;31/12;S;S;N;S;S;XP INVESTIMENTOS CORRETORA DE CÂMBIO, TÍTULOS E VAL MOB S/A;02332886000104;AVENIDA ATAULFO DE PAIVA;153;5º e 8º andares;LEBLON;RIO DE JANEIRO;RJ;22440-033;(11) 3027-2237;;;www.xpi.com.br;adm.fundos.estruturados@xpi.com.br
Classe;57.077.139/0001-50;2026-01-01;1;2026-02-11;SPGM II FUNDO DE INVESTIMENTO IMOBILIÁRIO;2024-09-25;INVESTIDOR QUALIFICADO E PROFISSIONAL;BRSPG2CTF013;6369404.661;S;N;;Logística;Ativa;Indeterminado;;31/12;S;N;N;S;N;OSLO CAPITAL DTVM;13673855000125;Rua Dr. Eduardo de Souza Aranha;153;4. andar;Itaim Bibi;São Paulo;SP;04543-120;3513-3144;;;www.oslodtvm.com;compliance@oslodtvm.com
Classe;57.136.514/0001-96;2026-01-01;1;2026-02-08;FII NOVUS DESENVOLVIMENTO URBANO RL;2025-02-12;INVESTIDOR PROFISSIONAL;;76723;N;N;;Residencial;Ativa;Indeterminado;;31/12;N;N;S;N;N;HEMERA DISTRIBUIDORA DE TITULOS E VALORES MOBILIARIOS LTDA;39669186000101;AV. AGUA VERDE;1413;CJ 801;AGUA VERDE;CURITIBA;PR;80620-200;+55 (41) 3122-7300;;;https://hemeradtvm.com.br/;atendimentocvm@hemeradtvm.com.br
Classe;57.136.514/0001-96;2026-02-01;1;2026-03-05;FII NOVUS DESENVOLVIMENTO URBANO RL;2025-02-12;INVESTIDOR PROFISSIONAL;;76723;N;N;;Residencial;Ativa;Indeterminado;;31/12;N;N;S;N;N;HEMERA DISTRIBUIDORA DE TITULOS E VALORES MOBILIARIOS LTDA;39669186000101;AV. AGUA VERDE;1413;CJ 801;AGUA VERDE;CURITIBA;PR;80620-200;+55 (41) 3122-7300;;;https://hemeradtvm.com.br/;atendimentocvm@hemeradtvm.com.br
Classe;57.170.846/0001-97;2026-01-01;1;2026-02-13;HSI CRED ESTR FII;2024-10-03;INVESTIDOR QUALIFICADO;BR0LPTCTF000;8105120;N;N;;Outros;Ativa;Indeterminado;;30/06;N;N;S;N;N;BTG PACTUAL SERVICOS FINANCEIROS S/A DTVM;59281253000123;Praia de Botafogo;501;6º Andar;Botafogo;Rio de Janeiro;RJ;22.250-040;55 11 3383-3102;;;www.btgpactual.com;ri.fundoslistados@btgpactual.com
Classe;57.216.258/0001-47;2026-01-01;1;2026-02-13;BGR B32 FUNDO DE INVESTIMENTO IMOBILIÁRIO;2024-09-09;INVESTIDOR QUALIFICADO;BR0LU9CTF002;1932933;N;N;;Escritórios;Definida;Determinado;2030-09-09;30/06;S;N;N;S;N;XP INVESTIMENTOS CORRETORA DE CÂMBIO, TÍTULOS E VAL MOB S/A;02332886000104;AVENIDA ATAULFO DE PAIVA;153;5º e 8º andares;LEBLON;RIO DE JANEIRO;RJ;22440-033;(11) 3027-2237;;;www.xpi.com.br;adm.fundos.estruturados@xpi.com.br
Classe;57.231.494/0001-32;2026-01-01;1;2026-02-10;INVISTA GALPÕES FII - RESPONSABILIDADE LIMITADA;2023-06-28;INVESTIDOR PROFISSIONAL;;976000;S;N;;Multicategoria;Definida;Determinado;2099-12-31;31/12;N;N;S;N;N;BRL TRUST DTVM S.A.;13486793000142;Rua Alves Guimarães;1216;;Pinheiros;São Paulo;SP;05410-002;(11) 3509-0600;;;www.apexgroup.com/apex-brazil/;infolegal@apexgroup.com
Classe;57.244.407/0001-81;2026-01-01;1;2026-02-06;QUADRILÁTERO FUNDO DE INVESTIMENTO IMOBILIÁRIO;2024-09-25;INVESTIDOR QUALIFICADO;0;25316953.6112896;N;S;;Multicategoria;Ativa;Indeterminado;;31/12;N;N;S;N;N;SEFER INVESTIMENTOS DTVM LTDA;00329598000167;AV BRIGADEIRO FARIA LIMA;3900;CJ 601 6º ANDAR;ITAIM BIBI;SÃO PAULO;SP;04538-100;11 31130060;;;www.seferinvestimentos.com.br;informeslegais@seferinvestimentos.com.br
Classe;57.285.563/0001-90;2026-01-01;1;2026-02-12;RJDI FUNDO DE INVESTIMENTO IMOBILIÁRIO RESPONSABILIDADE LTDA;2024-09-20;INVESTIDOR QUALIFICADO;;450000;N;N;;Outros;Ativa;Indeterminado;;30/06;N;N;S;N;N;BANCO GENIAL S.A.;45246410000155;Praia de Botafogo;228;9 andar;Botafogo;Rio de Janeiro;RJ;22250-906;(11) 3524-8888;(11) 2137-8888;0800 605 888;https://www.genialinvestimentos.com.br/;middleadm@genial.com.vc
Classe;57.300.503/0001-08;2026-01-01;1;2026-02-13;ANNECY 59 FII;2024-10-07;INVESTIDOR PROFISSIONAL;BR0M39CTF000;43500000;N;N;;Multicategoria;Definida;Indeterminado;;30/06;N;S;N;S;N;.BANCO DAYCOVAL S/A;62232889000190;Avenida Paulista;1793;2º Andar;Bela Vista;São Paulo;SP;01311200;0300 111 0500;11 3563-4389;11 3563-4318;www.daycoval.com.br/investimentos/servicos-fiduciarios;informes.regulatorios@bancodaycoval.com.br
Classe;57.306.908/0001-45;2026-01-01;1;2026-02-09;FII MONTBLANC;2024-12-11;INVESTIDOR QUALIFICADO;0;110566.16969902;N;N;;Outros;Ativa;Indeterminado;;30/06;N;N;S;N;N;REAG DISTRIBUIDORA DE TITULOS E VALORES MOBILIARIOS SA;34829992000186;Avenida Brigadeiro Faria Lima;2277;17º andar;Jardim Paulistano;São Paulo;SP;01452-000;(11) 3504-6800;;;www.reag.com.br;informeslegais@reag.com.br
Classe;57.350.504/0001-59;2026-01-01;1;2026-02-13;ROMA VI FUNDO DE INVESTIMENTO IMOBILIÁRIO RESP LIMITADA;2024-10-23;INVESTIDOR PROFISSIONAL;BR0M0ZCTF002;40434077;N;N;;Multicategoria;Ativa;Indeterminado;;30/06;N;N;S;N;N;ID CORRETORA DE TITULOS E VALORES MOBILIARIOS S.A.;16695922000109;AV PRES JUSCELINO KUBITSCHEK;1726;19 ANDAR;VILA NOVA CONCEICAO;SÃO PAULO;SP;04543000;11 4637 6633;;;WWW.IDSF.COM.BR;administracao@idsf.com.br
Classe;57.376.810/0001-64;2026-01-01;1;2026-02-12;BASÍLICA PARTNERS UNI FII CONSOLIDADA;2024-11-26;INVESTIDOR PROFISSIONAL;BRBPLCCTF007;1462996.5082;N;N;;Multicategoria;Definida;Indeterminado;;30/06;S;N;N;S;N;.BANCO DAYCOVAL S/A;62232889000190;Avenida Paulista;1793;2º Andar;Bela Vista;São Paulo;SP;01311200;0300 111 0500;11 3563-4389;11 3563-4318;www.daycoval.com.br/investimentos/servicos-fiduciarios;informes.regulatorios@bancodaycoval.com.br
Classe;57.378.678/0001-20;2026-01-01;1;2026-02-13;SPX RE BRAD FII;2024-12-16;INVESTIDOR PROFISSIONAL;BRSPXMCTF005;831160;N;N;;Logística;Ativa;Determinado;2031-12-16;31/12;S;N;N;S;N;BTG PACTUAL SERVICOS FINANCEIROS S/A DTVM;59281253000123;Praia de Botafogo;501;6º Andar;Botafogo;Rio de Janeiro;RJ;22.250-040;55 11 3383-3102;;;www.btgpactual.com;ri.fundoslistados@btgpactual.com
Classe;57.457.407/0001-60;2026-01-01;1;2026-02-13;MONTE BIANCO FII RESP LIMITADA;2024-11-19;INVESTIDOR PROFISSIONAL;;297360.9512;N;N;;Outros;Ativa;Indeterminado;;31/12;N;N;S;N;N;BRL TRUST DTVM S.A.;13486793000142;Rua Alves Guimarães;1216;;Pinheiros;São Paulo;SP;05410-002;(11) 3509-0600;;;www.apexgroup.com/apex-brazil/;infolegal@apexgroup.com
Classe;57.466.934/0001-30;2026-01-01;1;2026-02-12;MAUÁ CAPITAL LOGÍSTICA FII - RESPONSABILIDADE LIMITADA;2024-09-27;INVESTIDOR QUALIFICADO;BRMCLOCTF015;124642860;N;N;;Logística;Ativa;Indeterminado;;31/12;S;N;N;S;N;XP INVESTIMENTOS CORRETORA DE CÂMBIO, TÍTULOS E VAL MOB S/A;02332886000104;AVENIDA ATAULFO DE PAIVA;153;5º e 8º andares;LEBLON;RIO DE JANEIRO;RJ;22440-033;(11) 3027-2237;;;www.xpi.com.br;adm.fundos.estruturados@xpi.com.br
Classe;57.469.492/0001-86;2026-01-01;1;2026-02-13;BTGP RE HF MULT FII;2024-09-30;INVESTIDORES EM GERAL;BR0M1UCTF001;12085604;N;N;;Outros;Ativa;Indeterminado;;30/06;N;S;N;S;N;BTG PACTUAL SERVICOS FINANCEIROS S/A DTVM;59281253000123;Praia de Botafogo;501;6º Andar;Botafogo;Rio de Janeiro;RJ;22.250-040;55 11 3383-3102;;;www.btgpactual.com;ri.fundoslistados@btgpactual.com
Classe;57.495.006/0001-02;2026-01-01;1;2026-02-11;BRC IV DESENVOLVIMENTO FUNDO DE INVESTIMENTO IMOBILIÁRIO;2024-11-01;INVESTIDORES EM GERAL;0;170740;N;N;;Multicategoria;Ativa;Indeterminado;;31/12;N;N;S;N;N;BR-CAPITAL DIST. DE TÍTULOS E VALORES MOBILIÁRIOS S/A;44077014000189;RUA SURUBIM;577;CONJ. 101;CIDADE MONÇÕES;SÃO PAULO;SP;04571-050;(11) 5508-3500;;;www.brcapital.com.br;fundos@brcapital.com.br
Classe;57.519.008/0001-86;2026-01-01;2;2026-02-23;STARBOARD III FII;2024-10-01;INVESTIDOR PROFISSIONAL;BR0M5TCTF004;36179;N;N;;Residencial;Ativa;Determinado;2031-10-01;28/12;S;N;N;S;N;BTG PACTUAL SERVICOS FINANCEIROS S/A DTVM;59281253000123;Praia de Botafogo;501;6º Andar;Botafogo;Rio de Janeiro;RJ;22.250-040;55 11 3383-3102;;;www.btgpactual.com;ri.fundoslistados@btgpactual.com
Classe;57.545.219/0001-93;2026-01-01;1;2026-02-11;TERA FUNDO DE INVESTIMENTO IMOBILIÁRIO;2025-01-14;INVESTIDOR PROFISSIONAL;;0;N;N;;Outros;Ativa;Indeterminado;;31/12;N;S;N;N;S;OSLO CAPITAL DTVM;13673855000125;R DOUTOR EDUARDO DE SOUZA ARANHA;153;4º andar;Vila Nova Conceição;São Paulo;SP;4543120;(11) 3513-3144;;;www.oslodtvm.com;admfundos@oslodtvm.com
Classe;57.567.076/0001-10;2026-01-01;1;2026-02-13;NEOMALL FII;2024-10-31;INVESTIDOR QUALIFICADO;;6424390;N;N;;Shoppings;Ativa;Indeterminado;;30/06;N;N;S;N;N;XP INVESTIMENTOS CORRETORA DE CAMBIO TITULOS E VA;02332886000104;Praia de Botafogo;501;6º Andar;Botafogo;Rio de Janeiro;RJ;22.250-040;55 11 3383-3102;;;www.btgpactual.com;ri.fundoslistados@btgpactual.com
Classe;57.583.846/0001-19;2026-01-01;1;2026-02-13;AZ QST PANORAMA FII;2024-12-26;INVESTIDORES EM GERAL;BR0MCACTF006;7086568;N;N;;Outros;Ativa;Indeterminado;;30/06;N;N;S;N;N;BTG PACTUAL SERVICOS FINANCEIROS S/A DTVM;59281253000123;Praia de Botafogo;501;6º Andar;Botafogo;Rio de Janeiro;RJ;22.250-040;55 11 3383-3102;;;www.btgpactual.com;ri.fundoslistados@btgpactual.com
Classe;57.593.613/0001-05;2026-01-01;2;2026-02-20;RIZA EQUITUS FII;2024-11-05;INVESTIDOR QUALIFICADO;BR0M5KCTF003;3396703;N;N;;Outros;Ativa;Indeterminado;;30/06;S;N;N;S;N;BTG PACTUAL SERVICOS FINANCEIROS S/A DTVM;59281253000123;Praia de Botafogo;501;6º Andar;Botafogo;Rio de Janeiro;RJ;22.250-040;55 11 3383-3102;;;www.btgpactual.com;ri.fundoslistados@btgpactual.com
Classe;57.640.413/0001-58;2026-01-01;1;2026-02-13;SÃO BENEDITO FUNDO DE INVESTIMENTO IMOBILIÁRIO RESP LIMITADA;2024-10-22;INVESTIDOR QUALIFICADO;;700000;N;N;;Residencial;Ativa;Determinado;2029-07-31;31/12;N;N;S;N;N;ID CORRETORA DE TITULOS E VALORES MOBILIARIOS S.A.;16695922000109;AV PRES JUSCELINO KUBITSCHEK;1726;19 ANDAR;VILA NOVA CONCEICAO;SÃO PAULO;SP;04543000;11 4637 6633;;;WWW.IDSF.COM.BR;administracao@idsf.com.br
Classe;57.682.963/0001-30;2026-01-01;1;2026-02-13;RBR FLAGSHIP I FII;2024-11-18;INVESTIDOR QUALIFICADO;BRSHIPCTF006;1602566;N;N;;Outros;Ativa;Indeterminado;;30/06;N;N;S;N;N;BTG PACTUAL SERVICOS FINANCEIROS S/A DTVM;59281253000123;Praia de Botafogo;501;6º Andar;Botafogo;Rio de Janeiro;RJ;22.250-040;55 11 3383-3102;;;www.btgpactual.com;ri.fundoslistados@btgpactual.com
Classe;57.683.576/0001-18;2026-01-01;1;2026-02-12;KINEA PRIME RESIDENCIAL I FII RESPONSABILIDADE LIMITADA;2024-12-18;INVESTIDOR QUALIFICADO;BRKPMRCTF012;8742;N;N;;Residencial;Ativa;Indeterminado;;30/06;S;N;N;S;N;INTRAG DISTRIBUIDORA DE TÍTULOS E VALORES MOBILIÁRIOS LTDA;62418140000131;AV BRIGADEIRO FARIA LIMA;3400;10º Andar;ITAIM BIBI;SÃO PAULO;SP;04538132;55 (11) 30726012;;;www.intrag.com.br;produtosestruturados@itau-unibanco.com.br
Classe;57.811.221/0001-67;2026-01-01;1;2026-02-05;FUNDO DE INVESTIMENTOS IMOBILIARIO SOFIA;2017-05-02;INVESTIDOR QUALIFICADO;BRSOFFCTF009;1834908.39664467;N;N;;Outros;Ativa;Indeterminado;;31/12;S;N;N;S;N;SEFER INVESTIMENTOS DTVM LTDA;00329598000167;AV BRIGADEIRO FARIA LIMA;3900;6º ANDAR;ITAIM BIBI;SÃO PAULO;SP;01451-000;11 3113-0060;;;www.seferinvestimentos.com.br;informeslegais@seferinvestimentos.com.br
Classe;57.882.804/0001-89;2026-01-01;1;2026-02-13;RIZA THERA FII;2024-10-31;INVESTIDOR PROFISSIONAL;BR0PYHCTF008;104100;N;N;;Hospital;Ativa;Indeterminado;;30/06;N;N;S;N;N;BTG PACTUAL SERVICOS FINANCEIROS S/A DTVM;59281253000123;Praia de Botafogo;501;6º Andar;Botafogo;Rio de Janeiro;RJ;22.250-040;55 11 3383-3102;;;www.btgpactual.com;ri.fundoslistados@btgpactual.com
Classe;57.904.514/0001-99;2026-01-01;1;2026-02-17;LAZIO11 FUNDO DE INVESTIMENTO IMOBILIÁRIO RESP LIMITADA;2024-11-28;INVESTIDOR PROFISSIONAL;;660307.5834;N;N;;Multicategoria;Ativa;Indeterminado;;30/06;N;N;S;N;N;ID CORRETORA DE TITULOS E VALORES MOBILIARIOS S.A.;16695922000109;AV PRES JUSCELINO KUBITSCHEK;1726;19 ANDAR;VILA NOVA CONCEICAO;SÃO PAULO;SP;04543000;11 4637 6633;;;WWW.IDSF.COM.BR;administracao@idsf.com.br
Classe;57.909.000/0001-26;2026-01-01;1;2026-02-13;VINCI OPORT LOG FII;2026-01-15;INVESTIDOR QUALIFICADO;BRVIOLCTF005;101500;N;N;;Logística;Ativa;Determinado;2030-11-11;31/12;N;S;N;S;N;BTG PACTUAL SERVICOS FINANCEIROS S/A DTVM;59281253000123;Praia de Botafogo;501;6º Andar;Botafogo;Rio de Janeiro;RJ;22.250-040;55 11 3383-3102;;;www.btgpactual.com;ri.fundoslistados@btgpactual.com
Classe;57.927.297/0001-52;2026-01-01;1;2026-02-13;FII HCO OPPS AERO I;2025-05-08;INVESTIDOR QUALIFICADO;BRAEROCTF005;627261;N;N;;Logística;Ativa;Indeterminado;;31/12;S;N;N;S;N;BTG PACTUAL SERVICOS FINANCEIROS S/A DTVM;59281253000123;Praia de Botafogo;501;6º Andar;Botafogo;Rio de Janeiro;RJ;22.250-040;55 11 3383-3102;;;www.btgpactual.com;ri.fundoslistados@btgpactual.com
Classe;57.965.466/0001-49;2026-01-01;1;2026-02-12;WHG SP REALTY II FUNDO DE INVESTIMENTO IMOBILIÁRIO;2024-11-25;INVESTIDOR QUALIFICADO;BR0MIGCTF000;111500.00122399;N;N;;Outros;Ativa;Determinado;2030-11-25;30/06;N;S;N;N;S;XP INVESTIMENTOS CORRETORA DE CÂMBIO, TÍTULOS E VAL MOB S/A;02332886000104;AVENIDA ATAULFO DE PAIVA;153;5º e 8º andares;LEBLON;RIO DE JANEIRO;RJ;22440-033;(11) 3027-2237;;;www.xpi.com.br;adm.fundos.estruturados@xpi.com.br
Classe;57.976.696/0001-03;2026-01-01;1;2026-02-13;BRIO REAL ESTATE COINVESTIMENTO FII;2024-11-27;INVESTIDOR QUALIFICADO;;21171.5;N;N;;Residencial;Ativa;Determinado;2030-11-27;30/06;N;S;N;N;S;BRL TRUST DTVM S.A.;13486793000142;Rua Alves Guimarães;1216;;Pinheiros;São Paulo;SP;05410-002;(11) 3509-0600;;;www.apexgroup.com/apex-brazil/;infolegal@apexgroup.com
Classe;57.977.051/0001-95;2026-01-01;1;2026-02-13;CLASSE I LIMAY FII RESPONSABILIDADE LIMITADA;2024-11-01;INVESTIDOR QUALIFICADO;;685871.89289701;N;N;;Outros;Ativa;Indeterminado;;31/12;N;N;S;N;N;GENIAL INVESTIMENTOS CORRETORA DE VALORES MOBILIÁRIOS S.A.;27652684000162;PRAIA DE BOTAFOGO;228;9º ANDAR;BOTAFOGO;RIO DE JANEIRO;RJ;22250-040;(21) 3923-3005;;;https://www.genialinvestimentos.com.br/;middleadm@genial.com.vc
Classe;57.979.459/0001-04;2026-01-01;1;2026-02-12;MAUÁ CAPITAL LOGÍSTICA FEEDER FII;2024-11-04;INVESTIDORES EM GERAL;BRMCLGCTF003;80000000;N;N;;Outros;Ativa;Determinado;2029-11-04;31/12;S;N;N;S;N;XP INVESTIMENTOS CORRETORA DE CÂMBIO, TÍTULOS E VAL MOB S/A;02332886000104;AVENIDA ATAULFO DE PAIVA;153;5º e 8º andares;LEBLON;RIO DE JANEIRO;RJ;22440-033;(11) 3027-2237;;;www.xpi.com.br;adm.fundos.estruturados@xpi.com.br
Classe;57.986.419/0001-81;2026-01-01;1;2026-02-12;CCGL FUNDO DE INVESTIMENTO IMOBILIÁRIO;2024-11-05;INVESTIDOR PROFISSIONAL;BR0MYPCTF008;25026.16710871;N;N;;Multicategoria;Ativa;Indeterminado;;30/06;N;S;N;S;N;XP INVESTIMENTOS CORRETORA DE CÂMBIO, TÍTULOS E VAL MOB S/A;02332886000104;AVENIDA ATAULFO DE PAIVA;153;5º e 8º andares;LEBLON;RIO DE JANEIRO;RJ;22440-033;(11) 3027-2237;;;www.xpi.com.br;adm.fundos.estruturados@xpi.com.br
Classe;58.019.792/0001-26;2026-01-01;1;2026-02-17;COTA REAL 7 FUNDO DE INVESTIMENTO IMOBILIÁRIO RESP LIMITADA;2025-02-10;INVESTIDOR QUALIFICADO;;1493;N;N;;Multicategoria;Ativa;Indeterminado;;30/06;N;N;S;N;N;ID CORRETORA DE TITULOS E VALORES MOBILIARIOS S.A.;16695922000109;AV PRES JUSCELINO KUBITSCHEK;1726;19 ANDAR;VILA NOVA CONCEICAO;SÃO PAULO;SP;04543000;11 4637 6633;;;WWW.IDSF.COM.BR;administracao@idsf.com.br
Classe;58.022.479/0001-47;2026-01-01;1;2026-02-13;BTGP LOG EL FII RL;2024-11-08;INVESTIDORES EM GERAL;BR0PYKCTF002;10850000;N;N;;Outros;Ativa;Indeterminado;;30/06;N;N;S;N;N;BTG PACTUAL SERVICOS FINANCEIROS S/A DTVM;59281253000123;Praia de Botafogo;501;6º Andar;Botafogo;Rio de Janeiro;RJ;22.250-040;55 11 3383-3102;;;www.btgpactual.com;ri.fundoslistados@btgpactual.com
Classe;58.054.129/0001-62;2026-01-01;1;2026-02-13;LUMINI FUNDO DE INVESTIMENTO IMOBILIÁRIO;2024-11-27;INVESTIDOR PROFISSIONAL;BR0MQNCTF009;3672;N;N;;Outros;Ativa;Indeterminado;;30/06;S;S;N;S;N;TRUSTEE DISTRIBUIDORA DE TITULOS E VALORES MOBILIARIOS LTDA.;67030395000146;Avenida Brigadeiro Faria Lima;3.732;11º e 12º andar;Itaim Bibi;São Paulo;SP;04538-132;0800 930 0930;;;www.trusteedtvm.com.br;ouvidoria@trusteedtvm.com.br
Classe;58.099.321/0001-75;2026-01-01;1;2026-02-12;KINEA PRIME RESIDENCIAL I PVT FII RESPONSABILIDADE LIMITADA;2025-05-27;INVESTIDOR QUALIFICADO E PROFISSIONAL;BRKPRPCTF007;31995092;N;N;;Residencial;Ativa;Determinado;2031-05-27;30/06;S;N;N;S;N;INTRAG DISTRIBUIDORA DE TÍTULOS E VALORES MOBILIÁRIOS LTDA;62418140000131;AV BRIGADEIRO FARIA LIMA;3400;10º Andar;ITAIM BIBI;SÃO PAULO;SP;04538132;55 (11) 30726012;;;www.intrag.com.br;produtosestruturados@itau-unibanco.com.br
Classe;58.160.171/0001-68;2026-01-01;1;2026-02-17;ÍRIS FUNDO DE INVESTIMENTO IMOBILIÁRIO RESP LIMITADA;2025-02-21;INVESTIDOR PROFISSIONAL;;100;N;N;;Multicategoria;Ativa;Indeterminado;;31/12;N;N;S;N;N;ID CORRETORA DE TITULOS E VALORES MOBILIARIOS S.A.;16695922000109;AV PRES JUSCELINO KUBITSCHEK;1726;19 ANDAR;VILA NOVA CONCEICAO;SÃO PAULO;SP;04543000;11 4637 6633;;;WWW.IDSF.COM.BR;administracao@idsf.com.br
Classe;58.197.921/0001-76;2026-01-01;1;2026-03-03;FII SHOPPINGS POPULARES;2024-12-20;INVESTIDOR QUALIFICADO;0;38495.8022776;N;N;;Outros;Ativa;Indeterminado;;31/12;N;N;S;N;N;REAG DISTRIBUIDORA DE TITULOS E VALORES MOBILIARIOS SA;34829992000186;Avenida Brigadeiro Faria Lima;2277;17º andar;Jardim Paulistano;São Paulo;SP;01452-000;(11) 3504-6800;;;www.reag.com.br;informeslegais@reag.com.br
Classe;58.198.613/0001-65;2026-01-01;1;2026-02-12;ARX FUNDO DE INVESTIMENTO IMOBILIÁRIO PORTFÓLIO RENDA CDI+;2024-11-22;INVESTIDORES EM GERAL;BR0MONCTF004;1938966;N;N;;Outros;Ativa;Determinado;2031-11-22;31/12;N;S;N;S;N;XP INVESTIMENTOS CORRETORA DE CÂMBIO, TÍTULOS E VAL MOB S/A;02332886000104;AVENIDA ATAULFO DE PAIVA;153;5º e 8º andares;LEBLON;RIO DE JANEIRO;RJ;22440-033;(11) 3027-2237;;;www.xpi.com.br;adm.fundos.estruturados@xpi.com.br
Classe;58.239.657/0001-96;2026-01-01;1;2026-02-13;JUBARTE BGS LOG FII;2025-09-01;INVESTIDOR QUALIFICADO;BRBGS1CTF011;145356;N;N;;Logística;Ativa;Determinado;2031-09-01;31/12;N;S;N;S;N;BTG PACTUAL SERVICOS FINANCEIROS S/A DTVM;59281253000123;Praia de Botafogo;501;6º Andar;Botafogo;Rio de Janeiro;RJ;22.250-040;55 11 3383-3102;;;www.btgpactual.com;ri.fundoslistados@btgpactual.com
Classe;58.250.751/0001-46;2026-01-01;1;2026-02-13;FII HCO LOGISTICS OPPS;2025-03-27;INVESTIDOR QUALIFICADO;BR0NOSCTF001;249723.0242;N;N;;Logística;Ativa;Determinado;2032-03-27;31/12;N;N;S;N;N;VÓRTX DTVM LTDA;22610500000188;Rua Gilberto Sabino;215;4º ANDAR;Pinheiros;São Paulo;SP;5425020;11 3030-7177;;;www.vortx.com.br;fundos@vortx.com.br
Classe;58.263.012/0001-99;2026-01-01;1;2026-02-13;BRAZIL STRATEGY FI IMOBILIARIO DE RESPONSABILIDADE LIMITADA;2024-12-10;INVESTIDOR PROFISSIONAL;000000000000;100;N;N;;Multicategoria;Ativa;Indeterminado;;31/12;N;N;S;N;N;ID CORRETORA DE TITULOS E VALORES MOBILIARIOS S.A.;16695922000109;AV PRES JUSCELINO KUBITSCHEK;1726;19 ANDAR;VILA NOVA CONCEICAO;SÃO PAULO;SP;04543000;11 4637 6633;;;WWW.IDSF.COM.BR;administracao@idsf.com.br
Classe;58.268.583/0001-16;2026-01-01;1;2026-02-17;OMEGA FUNDO DE INVESTIMENTO IMOBILIARIO RESP LIMITADA;2024-11-29;INVESTIDOR PROFISSIONAL;;1237679.80193845;N;N;;Multicategoria;Ativa;Indeterminado;;31/12;N;N;S;N;N;ID CORRETORA DE TITULOS E VALORES MOBILIARIOS S.A.;16695922000109;AV PRES JUSCELINO KUBITSCHEK;1726;19 ANDAR;VILA NOVA CONCEICAO;SÃO PAULO;SP;04543000;11 4637 6633;;;WWW.IDSF.COM.BR;administracao@idsf.com.br
Classe;58.290.688/0001-71;2026-01-01;1;2026-02-13;SPX RE RENDA I FII;2025-02-05;INVESTIDORES EM GERAL;BR0MSMCTF007;1273090;N;N;;Multicategoria;Ativa;Determinado;2031-02-05;31/12;S;N;N;S;N;BTG PACTUAL SERVICOS FINANCEIROS S/A DTVM;59281253000123;Praia de Botafogo;501;6º Andar;Botafogo;Rio de Janeiro;RJ;22.250-040;55 11 3383-3102;;;www.btgpactual.com;ri.fundoslistados@btgpactual.com
Classe;58.316.418/0001-92;2026-01-01;1;2026-02-13;BRASOL IMOB S FII;2024-12-23;INVESTIDOR QUALIFICADO;BR0MSTCTF002;353525;N;N;;Multicategoria;Ativa;Indeterminado;;30/06;S;N;N;S;N;BTG PACTUAL SERVICOS FINANCEIROS S/A DTVM;59281253000123;Praia de Botafogo;501;6º Andar;Botafogo;Rio de Janeiro;RJ;22.250-040;55 11 3383-3102;;;www.btgpactual.com;ri.fundoslistados@btgpactual.com
Classe;58.350.082/0001-84;2026-01-01;1;2026-02-13;RB DESENV V FII;2025-07-22;INVESTIDOR QUALIFICADO;BRDRIMR03M12;68847;N;N;;Residencial;Ativa;Determinado;2031-12-19;31/12;S;N;N;S;N;BTG PACTUAL SERVICOS FINANCEIROS S/A DTVM;59281253000123;Praia de Botafogo;501;6º Andar;Botafogo;Rio de Janeiro;RJ;22.250-040;55 11 3383-3102;;;www.btgpactual.com;ri.fundoslistados@btgpactual.com
Classe;58.366.499/0001-35;2026-01-01;1;2026-02-13;REC MASTER FUNDO DE CRI COTAS AMORTIZÁVEIS FII RESP LTDA;2025-07-17;INVESTIDORES EM GERAL;BRRMBSCTF007;2536202;N;N;;Multicategoria;Ativa;Indeterminado;;31/12;S;S;N;S;S;BRL TRUST DTVM S.A.;13486793000142;Rua Alves Guimarães;1216;;Pinheiros;São Paulo;SP;05410-002;(11) 3509-0600;;;www.apexgroup.com/apex-brazil/;infolegal@apexgroup.com
Classe;58.372.239/0001-72;2026-01-01;1;2026-02-05;FII JK1 - CLASSE UNICA;2024-12-23;INVESTIDOR QUALIFICADO;;18355.60896;N;N;;Residencial;Ativa;Indeterminado;;31/12;N;S;N;N;S;FIDD DISTRIBUIDORA DE TITULOS E VALORES MOBILIARIOS LTDA;37678915000160;RUA CARDEAL ARCOVERDE;2450;4º ANDAR;Pinheiros;São Paulo;SP;05408-003;(11) 2391-4182;;;www.fiddgroup.com;fidd-monitoramento.adm@fiddgroup.com
Classe;58.378.463/0001-71;2026-01-01;1;2026-02-12;FII GALAPAGOS FEEDER LOGIST RESP LTDA;2024-12-20;INVESTIDOR PROFISSIONAL;BRGLPFCTF009;1505000;N;N;;Logística;Ativa;Indeterminado;;31/12;N;N;S;N;N;VÓRTX DTVM LTDA;22610500000188;Rua Gilberto Sabino;215;4º ANDAR;Pinheiros;São Paulo;SP;5425020;11 3030-7177;;;www.vortx.com.br;fundos@vortx.com.br
Classe;58.410.974/0001-23;2026-01-01;1;2026-02-12;ATIVOS INDUSTRIAIS FII RESPONSABILIDADE LIMITADA;2025-05-30;INVESTIDOR PROFISSIONAL;BR0OGFCTF002;80000;N;N;;Multicategoria;Ativa;Indeterminado;;31/12;S;S;N;S;N;BRL TRUST DTVM S.A.;13486793000142;Rua Alves Guimarães;1216;;Pinheiros;São Paulo;SP;05410-002;(11) 3509-0600;;;www.apexgroup.com/apex-brazil/;infolegal@apexgroup.com
Classe;58.478.226/0001-82;2026-01-01;1;2026-02-12;FII MANATI TURMALINA;2025-02-13;INVESTIDOR PROFISSIONAL;BR0NAKCTF007;466994.0532;N;N;;Multicategoria;Definida;Determinado;2030-02-01;31/12;S;S;N;S;N;.BANCO DAYCOVAL S/A;62232889000190;Avenida Paulista;1793;2º Andar;Bela Vista;São Paulo;SP;01311200;0300 111 0500;11 3563-4389;11 3563-4318;www.daycoval.com.br/investimentos/servicos-fiduciarios;informes.regulatorios@bancodaycoval.com.br
Classe;58.478.291/0001-08;2026-01-01;1;2026-02-02;ATIVOS DE RENDA MULT OPEN KAPITAL FII;2025-02-12;INVESTIDOR PROFISSIONAL;BR0NALCTF013;2100000;N;N;;Multicategoria;Definida;Indeterminado;;30/06;S;S;N;S;N;MONETAR DTVM;12063256000127;Rua Joaquim Floriano, nº 100, 18º andar, Itaim Bibi, SP, CEP 4534000;100;18;ITAIM BIBI;SÃO PAULO;SP;4534000;(011) 3165-6000;;;www.terrainvestimentos.com.br;admfundos@terrainvestimentos.com.br
Classe;58.478.291/0001-08;2026-02-01;1;2026-03-03;ATIVOS DE RENDA MULT OPEN KAPITAL FII;2025-02-12;INVESTIDOR PROFISSIONAL;BR0NALCTF013;2100000;N;N;;Multicategoria;Definida;Indeterminado;;30/06;S;S;N;S;N;MONETAR DTVM;12063256000127;Rua Joaquim Floriano, nº 100, 18º andar, Itaim Bibi, SP, CEP 4534000;100;18;ITAIM BIBI;SÃO PAULO;SP;4534000;(011) 3165-6000;;;www.terrainvestimentos.com.br;admfundos@terrainvestimentos.com.br
Classe;58.495.684/0001-20;2026-01-01;1;2026-02-06;LA PERLA FUNDO DE INVESTIMENTO IMOBILIÁRIO;2025-01-22;INVESTIDOR PROFISSIONAL;BR0N1XCTF004;13742.13916887;S;S;;Multicategoria;Ativa;Indeterminado;;31/12;N;S;N;N;S;PLANNER CORRETORA DE VALORES S.A.;00806535000154;Avenida Brigadeiro Faria Lima;3900;10º andar;Itaim Bibi;São Paulo;SP;04538-132;(11) 2172-2600;0800 179 444;(11) 2172-2667;www.planner.com.br;inforegulatorio@planner.com.br
Classe;58.496.557/0001-45;2026-01-01;1;2026-02-13;FUNDO DE INVESTIMENTO IMOBILIÁRIO SLB DE CLASSE ÚNICA;2025-02-04;INVESTIDOR PROFISSIONAL;;36930.56106264;N;N;;Multicategoria;Ativa;Indeterminado;;30/06;N;N;S;N;N;SINGULARE CORRETORA DE TITULOS E VALORES MOBILIARIOS S.A;62285390000140;AVENIDA REBOUÇAS;2942;7º AO 12º ANDAR;PINHEIROS;SÃO PAULO;SP;05402-500;(11) 2827-3500;;;https://qitech.com.br/dtvm/;fii.adm@singulare.com.br
Classe;58.501.860/0001-99;2026-01-01;1;2026-02-10;INTER HEDGE FII;2025-02-14;INVESTIDOR PROFISSIONAL;BR0MVVCTF002;19973705.226;N;N;;Outros;Ativa;Indeterminado;;31/12;N;S;N;N;S;INTER DTVM LTDA.;18945670000146;AV BARBACENA;1219;21º ANDAR;SANTO AGOSTINHO;Belo Horizonte;MG;30190131;(31) 3614-5332;;;http://www.bancointer.com.br/inter-dtvm;ri.fii@interdtvm.com.bt
Classe;58.523.596/0001-94;2026-01-01;1;2026-02-18;FII NEODOMUS;2025-01-30;INVESTIDOR QUALIFICADO;0;4048.05064607;N;N;;Outros;Ativa;Indeterminado;;31/12;N;N;S;N;N;REAG DISTRIBUIDORA DE TITULOS E VALORES MOBILIARIOS SA;34829992000186;Avenida Brigadeiro Faria Lima;2277;17º andar;Jardim Paulistano;São Paulo;SP;01452-000;(11) 3504-6800;;;www.reag.com.br;informeslegais@reag.com.br
Classe;58.523.711/0001-20;2026-01-01;1;2026-02-12;FII GALAPAGOS F DESENV LOGIST RESP LTDA;2025-03-26;INVESTIDOR PROFISSIONAL;BRGFDLCTF005;254927;N;N;;Logística;Ativa;Indeterminado;;31/12;S;N;N;S;N;VÓRTX DTVM LTDA;22610500000188;Rua Gilberto Sabino;215;4º ANDAR;Pinheiros;São Paulo;SP;5425020;11 3030-7177;;;www.vortx.com.br;fundos@vortx.com.br
Classe;58.544.087/0001-48;2026-01-01;1;2026-02-13;PINNACLE CAPITAL FUNDO DE INVESTIMENTO IMOBILIÁRIO;2025-01-23;INVESTIDOR PROFISSIONAL;1;9141470.1757;N;N;;Multicategoria;Ativa;Indeterminado;;31/12;N;N;S;N;N;DILLON S/A DTVM;33851064000155;RUA DA ASSEMBLEIA;35;;CENTRO;RIO DE JANEIRO;RJ;20011001;2125178022;;;www.dillon.com.br;lucasdelmas@Dillon.com.br
Classe;58.548.730/0001-01;2026-01-01;1;2026-02-12;FII LMNX FII RESPONSABILIDADE LIMITADA;2025-03-10;INVESTIDOR PROFISSIONAL;BR0NK1CTF009;64269.2704;N;N;;Multicategoria;Ativa;Indeterminado;;31/12;N;S;N;S;N;VÓRTX DTVM LTDA;22610500000188;Rua Gilberto Sabino;215;4º ANDAR;Pinheiros;São Paulo;SP;5425020;11 3030-7177;;;www.vortx.com.br;fundos@vortx.com.br
Classe;58.561.054/0001-06;2026-01-01;1;2026-02-13;OXIGENIO FII DE RESPONSABILIDADE LTDA;2024-12-26;INVESTIDORES EM GERAL;0;219564;N;N;;Multicategoria;Ativa;Indeterminado;;31/12;N;N;S;N;N;BR-CAPITAL DIST. DE TÍTULOS E VALORES MOBILIÁRIOS S/A;44077014000189;RUA SURUBIM;577;CONJ. 101;CIDADE MONÇÕES;SÃO PAULO;SP;04571-050;(11) 5508-3500;;;www.brcapital.com.br;fundos@brcapital.com.br
Classe;58.561.237/0001-21;2026-01-01;1;2026-02-13;OXIGENIO 2 FII DE RESPONSABILIDADE LTDA;2024-12-26;INVESTIDORES EM GERAL;0;192892;N;N;;Multicategoria;Ativa;Indeterminado;;31/12;N;N;S;N;N;BR-CAPITAL DIST. DE TÍTULOS E VALORES MOBILIÁRIOS S/A;44077014000189;RUA SURUBIM;577;CONJ. 101;CIDADE MONÇÕES;SÃO PAULO;SP;04571-050;(11) 5508-3500;;;www.brcapital.com.br;fundos@brcapital.com.br
Classe;58.561.306/0001-05;2026-01-01;1;2026-02-13;OXIGENIO 3 FII DE RESPONSABILIDADE LTDA;2025-01-10;INVESTIDOR PROFISSIONAL;0;45977;N;N;;Multicategoria;Ativa;Indeterminado;;31/12;N;N;S;N;N;BR-CAPITAL DIST. DE TÍTULOS E VALORES MOBILIÁRIOS S/A;44077014000189;RUA SURUBIM;577;CONJ. 101;CIDADE MONÇÕES;SÃO PAULO;SP;04571-050;(11) 5508-3500;;;www.brcapital.com.br;fundos@brcapital.com.br
Classe;58.561.581/0001-10;2026-01-01;1;2026-02-13;OXIGENIO 4 FII DE RESPONSABILIDADE LTDA;2025-01-10;INVESTIDOR PROFISSIONAL;0;48351;N;N;;Multicategoria;Definida;Indeterminado;;31/12;N;N;S;N;N;BR-CAPITAL DIST. DE TÍTULOS E VALORES MOBILIÁRIOS S/A;44077014000189;RUA SURUBIM;577;CONJ. 101;CIDADE MONÇÕES;SÃO PAULO;SP;04571-050;(11) 5508-3500;;;www.brcapital.com.br;fundos@brcapital.com.br
Classe;58.564.382/0001-66;2026-01-01;1;2026-02-13;OXIGENIO 5 FII DE RESPONSABILIDADE LTDA;2025-01-10;INVESTIDOR PROFISSIONAL;0;69802;N;N;;Multicategoria;Definida;Indeterminado;;31/12;N;N;S;N;N;BR-CAPITAL DIST. DE TÍTULOS E VALORES MOBILIÁRIOS S/A;44077014000189;RUA SURUBIM;577;CONJ. 101;CIDADE MONÇÕES;SÃO PAULO;SP;04571-050;(11) 5508-3500;;;www.brcapital.com.br;fundos@brcapital.com.br
Classe;58.564.425/0001-03;2026-01-01;1;2026-02-13;OXIGÊNIO 6 FII DE RESPONSABILIDADE LTDA;2025-01-10;INVESTIDOR PROFISSIONAL;0;67569;N;N;;Multicategoria;Definida;Indeterminado;;31/12;N;N;S;N;N;BR-CAPITAL DIST. DE TÍTULOS E VALORES MOBILIÁRIOS S/A;44077014000189;RUA SURUBIM;577;CONJ. 101;CIDADE MONÇÕES;SÃO PAULO;SP;04571-050;(11) 5508-3500;;;www.brcapital.com.br;fundos@brcapital.com.br
Classe;58.568.605/0001-63;2026-01-01;1;2026-02-13;WAVE FDO INVEST IMOBILIA RESP LTDA;2024-12-30;INVESTIDOR PROFISSIONAL;BR0P55CTF009;279776.987;N;N;;Multicategoria;Ativa;Indeterminado;;31/12;N;N;S;N;N;VÓRTX DTVM LTDA;22610500000188;Rua Gilberto Sabino;215;4º ANDAR;Pinheiros;São Paulo;SP;5425020;11 3030-7177;;;www.vortx.com.br;fundos@vortx.com.br
Classe;58.580.017/0001-45;2026-01-01;1;2026-03-04;FII THE SPOT ONE;2025-01-24;INVESTIDOR QUALIFICADO;0;127311.80566068;N;N;;Outros;Ativa;Indeterminado;;31/12;N;N;S;N;N;REAG DISTRIBUIDORA DE TITULOS E VALORES MOBILIARIOS SA;34829992000186;Avenida Brigadeiro Faria Lima;2277;17º andar;Jardim Paulistano;São Paulo;SP;01452-000;(11) 3504-6800;;;www.reag.com.br;informeslegais@reag.com.br
Classe;58.580.017/0001-45;2026-02-01;1;2026-03-05;THE SPOT ONE FUNDO DE INVESTIMENTO IMOBILIÁRIO;2025-01-24;INVESTIDOR QUALIFICADO;;127311.80566068;N;N;;Outros;Ativa;Indeterminado;;31/12;N;N;S;N;N;FINVEST DISTRIBUIDORA DE TÍTULOS E VALORES MOBILIÁRIOS LTDA.;39669186000101;Avenida Brigadeiro Faria Lima;2277;17 ANDAR;JARDIM PÁULISTANO;SÃO PAULO;SP;01452000;+55 (11) 3504-6800;;;https://www.finvestdtvm.com.br/;compliance@finvestdigital.com.br
Classe;58.643.797/0001-25;2026-01-01;1;2026-02-12;MULTI RENDA FII;2025-01-06;INVESTIDORES EM GERAL;BR0MZOCTF008;12682745;N;N;;Outros;Ativa;Indeterminado;;31/12;N;S;N;N;S;XP INVESTIMENTOS CORRETORA DE CÂMBIO, TÍTULOS E VAL MOB S/A;02332886000104;AVENIDA ATAULFO DE PAIVA;153;5º e 8º andares;LEBLON;RIO DE JANEIRO;RJ;22440-033;(11) 3027-2237;;;www.xpi.com.br;adm.fundos.estruturados@xpi.com.br
Classe;58.863.998/0001-38;2026-01-01;1;2026-02-12;XP LOGÍSTICO PRIME YIELD FUNDO DE INVESTIMENTO IMOBILIÁRIO;2025-01-14;INVESTIDORES EM GERAL;BR0N40CTF006;44375000;N;N;;Logística;Ativa;Determinado;2030-01-14;31/12;S;S;N;S;N;XP INVESTIMENTOS CORRETORA DE CÂMBIO, TÍTULOS E VAL MOB S/A;02332886000104;AVENIDA ATAULFO DE PAIVA;153;5º e 8º andares;LEBLON;RIO DE JANEIRO;RJ;22440-033;(11) 3027-2237;;;www.xpi.com.br;adm.fundos.estruturados@xpi.com.br
Classe;58.927.139/0001-65;2026-01-01;1;2026-02-09;FII SAO JORGE 11;2025-01-22;INVESTIDOR QUALIFICADO;0;10;N;N;;Outros;Ativa;Indeterminado;;31/12;N;N;S;N;N;REAG DISTRIBUIDORA DE TITULOS E VALORES MOBILIARIOS SA;34829992000186;Avenida Brigadeiro Faria Lima;2277;17º andar;Jardim Paulistano;São Paulo;SP;01452-000;(11) 3504-6800;;;www.reag.com.br;informeslegais@reag.com.br
Classe;59.030.677/0001-15;2026-01-01;1;2026-02-17;PISA VII FUNDO DE INVESTIMENTO IMOBILIÁRIO RESP LIMITADA;2025-02-14;INVESTIDOR PROFISSIONAL;BR0N9ECTF007;32083475;N;N;;Multicategoria;Ativa;Indeterminado;;30/06;N;N;S;N;N;ID CORRETORA DE TITULOS E VALORES MOBILIARIOS S.A.;16695922000109;AV PRES JUSCELINO KUBITSCHEK;1726;19 ANDAR;VILA NOVA CONCEICAO;SÃO PAULO;SP;04543000;11 4637 6633;;;WWW.IDSF.COM.BR;administracao@idsf.com.br
Classe;59.090.726/0001-05;2026-01-01;1;2026-02-13;SHOP PT PAULISTA FII;2025-02-12;INVESTIDOR QUALIFICADO;BRSHPPCTF001;43700000;N;N;;Multicategoria;Ativa;Indeterminado;;30/06;S;N;N;S;N;BTG PACTUAL SERVICOS FINANCEIROS S/A DTVM;59281253000123;Praia de Botafogo;501;6º Andar;Botafogo;Rio de Janeiro;RJ;22.250-040;55 11 3383-3102;;;www.btgpactual.com;ri.fundoslistados@btgpactual.com
Classe;59.137.499/0001-26;2026-01-01;1;2026-02-12;FII FINU 11 RESP LTDA;2025-06-16;INVESTIDOR PROFISSIONAL;BR004CCTF013;1600;N;N;;Outros;Definida;Indeterminado;;31/12;S;N;N;S;N;.BANCO DAYCOVAL S/A;62232889000190;Avenida Paulista;1793;2º Andar;Bela Vista;São Paulo;SP;01311200;0300 111 0500;11 3563-4389;11 3563-4318;www.daycoval.com.br/investimentos/servicos-fiduciarios;informes.regulatorios@bancodaycoval.com.br
Classe;59.137.587/0001-28;2026-01-01;1;2026-02-13;VALORA CRI PRÉ I FEEDER II FII - RL;2025-12-01;INVESTIDOR PROFISSIONAL;BR0QJJCTF003;1425000;N;N;;Outros;Ativa;Determinado;2030-12-01;30/06;S;N;N;S;S;.BANCO DAYCOVAL S/A;62232889000190;Avenida Paulista;1793;2º Andar;Bela Vista;São Paulo;SP;01311200;0300 111 0500;11 3563-4389;11 3563-4318;www.daycoval.com.br/investimentos/servicos-fiduciarios;informes.regulatorios@bancodaycoval.com.br
Classe;59.139.645/0001-52;2026-01-01;1;2026-02-17;JEFER FUNDO DE INVESTIMENTO IMOBILIÁRIO RESP LIMITADA;2025-07-08;INVESTIDOR PROFISSIONAL;;51501.56505447;N;N;;Multicategoria;Ativa;Indeterminado;;31/12;N;N;S;N;N;ID CORRETORA DE TITULOS E VALORES MOBILIARIOS S.A.;16695922000109;AV PRES JUSCELINO KUBITSCHEK;1726;19 ANDAR;VILA NOVA CONCEICAO;SÃO PAULO;SP;04543000;11 4637 6633;;;WWW.IDSF.COM.BR;administracao@idsf.com.br
Classe;59.158.574/0001-35;2026-01-01;1;2026-02-12;LCP RENDA IMOBILIARIA MASTER FII;2025-01-29;INVESTIDOR PROFISSIONAL;BR0N7HCTF004;4268696;N;N;;Outros;Ativa;Determinado;2030-01-29;31/12;N;S;N;N;S;XP INVESTIMENTOS CORRETORA DE CÂMBIO, TÍTULOS E VAL MOB S/A;02332886000104;AVENIDA ATAULFO DE PAIVA;153;5º e 8º andares;LEBLON;RIO DE JANEIRO;RJ;22440-033;(11) 3027-2237;;;www.xpi.com.br;adm.fundos.estruturados@xpi.com.br
Classe;59.196.234/0001-07;2026-01-01;1;2026-02-12;LCP RENDA IMOBILIÁRIA FEEDER FII;2025-01-30;INVESTIDORES EM GERAL;BR0N81CTF000;3049473;N;N;;Outros;Ativa;Determinado;2030-01-30;31/12;N;S;N;N;S;XP INVESTIMENTOS CORRETORA DE CÂMBIO, TÍTULOS E VAL MOB S/A;02332886000104;AVENIDA ATAULFO DE PAIVA;153;5º e 8º andares;LEBLON;RIO DE JANEIRO;RJ;22440-033;(11) 3027-2237;;;www.xpi.com.br;adm.fundos.estruturados@xpi.com.br
Classe;59.202.651/0001-07;2026-01-01;1;2026-02-13;AROEIRA FII - RESPONSABILIDADE LIMITADA;2025-02-10;INVESTIDORES EM GERAL;BREIRACTF007;200490;N;N;;Multicategoria;Ativa;Indeterminado;;31/12;S;N;N;S;N;SINGULARE CORRETORA DE TITULOS E VALORES MOBILIARIOS S.A;62285390000140;AVENIDA REBOUÇAS;2942;7º AO 12º ANDAR;PINHEIROS;SÃO PAULO;SP;05402-500;(11) 2827-3500;;;https://qitech.com.br/dtvm/;fii.adm@qitech.com.br
Classe;59.255.025/0001-89;2026-01-01;1;2026-02-13;CIX RETROFIT FUNDO DE INVESTIMENTO IMOBILIÁRIO RESP LIMITADA;2025-04-11;INVESTIDOR QUALIFICADO;BR0NTFCTF007;74712;N;N;;Multicategoria;Ativa;Indeterminado;;30/06;S;S;N;S;S;ID CORRETORA DE TITULOS E VALORES MOBILIARIOS S.A.;16695922000109;AV PRES JUSCELINO KUBITSCHEK;1726;19 ANDAR;VILA NOVA CONCEICAO;SÃO PAULO;SP;04543000;11 4637 6633;;;WWW.IDSF.COM.BR;administracao@idsf.com.br
Classe;59.269.477/0001-10;2026-01-01;1;2026-02-17;JEFER FIAGRO  - FIAGRO IMOBILIÁRIO RESP LIMITADA;2025-06-27;INVESTIDOR PROFISSIONAL;;12893.24614936;N;N;;Multicategoria;Ativa;Indeterminado;;30/06;N;N;S;N;N;ID CORRETORA DE TITULOS E VALORES MOBILIARIOS S.A.;16695922000109;AV PRES JUSCELINO KUBITSCHEK;1726;19 ANDAR;VILA NOVA CONCEICAO;SÃO PAULO;SP;04543000;11 4637 6633;;;WWW.IDSF.COM.BR;administracao@idsf.com.br
Classe;59.337.307/0001-25;2026-01-01;1;2026-02-13;RIZA ONYX FII;2025-03-10;INVESTIDOR QUALIFICADO;BR0NBVCTF002;577656;N;N;;Outros;Ativa;Determinado;2030-03-10;30/06;S;N;N;S;N;BTG PACTUAL SERVICOS FINANCEIROS S/A DTVM;59281253000123;Praia de Botafogo;501;6º Andar;Botafogo;Rio de Janeiro;RJ;22.250-040;55 11 3383-3102;;;www.btgpactual.com;ri.fundoslistados@btgpactual.com
Classe;59.604.698/0001-05;2026-01-01;1;2026-02-12;MANATÍ RENDA CDI FUNDO DE INVESTIMENTO IMOBILIÁRIO;2025-02-21;INVESTIDORES EM GERAL;BR0NETCTF000;1814210;N;N;;Outros;Ativa;Determinado;2031-04-03;31/12;N;N;S;N;N;XP INVESTIMENTOS CORRETORA DE CÂMBIO, TÍTULOS E VAL MOB S/A;02332886000104;AVENIDA ATAULFO DE PAIVA;153;5º e 8º andares;LEBLON;RIO DE JANEIRO;RJ;22440-033;(11) 3027-2237;;;www.xpi.com.br;adm.fundos.estruturados@xpi.com.br
Classe;59.658.166/0001-42;2026-01-01;1;2026-02-13;BTG AAA CAJAMAR FII;2025-03-28;INVESTIDOR QUALIFICADO;BR0NIQCTF007;79185608;N;N;;Logística;Ativa;Determinado;2029-03-28;30/06;S;N;N;S;N;BTG PACTUAL SERVICOS FINANCEIROS S/A DTVM;59281253000123;Praia de Botafogo;501;6º Andar;Botafogo;Rio de Janeiro;RJ;22.250-040;55 11 3383-3102;;;www.btgpactual.com;ri.fundoslistados@btgpactual.com
Classe;59.663.265/0001-12;2026-01-01;1;2026-02-13;VERTENTE DESENVOLVIMENTO FI IMOBILIÁRIO RESP LIMITADA;2025-06-30;INVESTIDORES EM GERAL;;17588;N;N;;Residencial;Ativa;Determinado;2029-12-05;30/06;N;N;S;N;N;ID CORRETORA DE TITULOS E VALORES MOBILIARIOS S.A.;16695922000109;AV PRES JUSCELINO KUBITSCHEK;1726;19 ANDAR;VILA NOVA CONCEICAO;SÃO PAULO;SP;04543000;11 4637 6633;;;WWW.IDSF.COM.BR;administracao@idsf.com.br
Classe;59.669.570/0001-11;2026-01-01;1;2026-02-12;FII GALAP CRED ESTRUTURADO;2025-04-01;INVESTIDOR PROFISSIONAL;BRGLCRCTF002;360110;S;N;;Multicategoria;Ativa;Determinado;2035-04-01;31/12;S;N;N;S;N;VÓRTX DTVM LTDA;22610500000188;Rua Gilberto Sabino;215;4º ANDAR;Pinheiros;São Paulo;SP;5425020;11 3030-7177;;;www.vortx.com.br;fundos@vortx.com.br
Classe;59.678.443/0001-89;2026-01-01;1;2026-02-13;OPORTUNIDADES IMOBILIÁRIAS I  FII;2025-02-26;INVESTIDOR PROFISSIONAL;BR0NFYCTF007;26401271;N;N;;Outros;Ativa;Determinado;2031-04-11;31/12;S;S;N;S;N;XP INVESTIMENTOS CORRETORA DE CÂMBIO, TÍTULOS E VAL MOB S/A;02332886000104;AVENIDA ATAULFO DE PAIVA;153;5º e 8º andares;LEBLON;RIO DE JANEIRO;RJ;22440-033;(11) 3027-2237;;;www.xpi.com.br;adm.fundos.estruturados@xpi.com.br
Classe;59.678.586/0001-90;2026-01-01;1;2026-02-13;STRIVO YIELD FUNDO DE INVESTIMENTO IMOBILIÁRIO RESPONS LTDA;2025-05-15;INVESTIDOR PROFISSIONAL;1;86475;N;N;;Multicategoria;Ativa;Indeterminado;;31/12;N;S;N;N;S;MASTER SA CCTVM;33886862000112;PRAIA DE BOTAFOGO;228;1702;BOTAFOGO;RIO DE JANEIRO;RJ;22250906;2145020100;;;www.mastercctvm.com.br;contabilidade.fundos@mastercctvm.com.br
Classe;59.680.687/0001-04;2026-01-01;1;2026-02-12;TANE FZMG FIAGRO;2025-02-26;INVESTIDOR QUALIFICADO;BRFZDACTF008;1359951.9927;N;N;;Outros;Ativa;Indeterminado;;31/12;S;N;N;S;N;XP INVESTIMENTOS CORRETORA DE CÂMBIO, TÍTULOS E VAL MOB S/A;02332886000104;AVENIDA ATAULFO DE PAIVA;153;5º e 8º andares;LEBLON;RIO DE JANEIRO;RJ;22440-033;(11) 3027-2237;;;www.xpi.com.br;adm.fundos.estruturados@xpi.com.br
Classe;59.693.395/0001-06;2026-01-01;1;2026-02-06;MINAS AGRO FIAGRO - IMOBILIÁRIO;2025-03-18;INVESTIDOR PROFISSIONAL;BR0NHUCTF001;12302.84266828;N;N;;Multicategoria;Ativa;Indeterminado;;30/06;N;S;N;N;S;PLANNER CORRETORA DE VALORES S.A.;PLANNER CORRETORA DE;Avenida Brigadeiro Faria Lima;3900;;Itaim Bibi;São Paulo;SP;04538-132;(11) 2172-2600;0800 179 444;(11) 2172-2667;www.planner.com.br;inforegulatorio@planner.com.br
Classe;59.718.930/0001-28;2026-01-01;1;2026-02-13;SPX FEEDER GALAP FII;2025-03-21;INVESTIDOR PROFISSIONAL;BRSPXDCTF004;439533;N;N;;Outros;Ativa;Determinado;2032-03-13;31/12;S;N;N;S;N;BTG PACTUAL SERVICOS FINANCEIROS S/A DTVM;59281253000123;Praia de Botafogo;501;6º Andar;Botafogo;Rio de Janeiro;RJ;22.250-040;55 11 3383-3102;;;www.btgpactual.com;ri.fundoslistados@btgpactual.com
Classe;59.890.241/0001-04;2026-01-01;1;2026-02-11;REAL ESTATE TRANCOSO II FII - CLASSE B;2025-03-13;INVESTIDOR PROFISSIONAL;BR0EPDCTF017;107992.76068164;N;N;;Multicategoria;Ativa;Indeterminado;;31/12;N;N;S;N;N;TRUSTEE DISTRIBUIDORA DE TITULOS E VALORES MOBILIARIOS LTDA.;67030395000146;Avenida Brigadeiro Faria Lima;3.732;11º e 12º andar;Itaim Bibi;São Paulo;SP;04538-132;0800 930 0930;;;www.trusteedtvm.com.br;ouvidoria@trusteedtvm.com.br
Classe;59.891.323/0001-65;2026-01-01;1;2026-02-11;REAL ESTATE TRANCOSO II FII - CLASSE C;2025-03-13;INVESTIDOR PROFISSIONAL;BR0EPDCTF025;53996.3804082;N;N;;Multicategoria;Ativa;Indeterminado;;31/12;N;N;S;N;N;TRUSTEE DISTRIBUIDORA DE TITULOS E VALORES MOBILIARIOS LTDA.;67030395000146;Avenida Brigadeiro Faria Lima;3.732;11º e 12º andar;Itaim Bibi;São Paulo;SP;04538-132;0800 930 0930;;;www.trusteedtvm.com.br;ouvidoria@trusteedtvm.com.br
Classe;59.891.409/0001-98;2026-01-01;1;2026-02-11;REAL ESTATE TRANCOSO II FII - CLASSE D;2025-03-13;INVESTIDOR PROFISSIONAL;BR0EPDCTF033;161989.14102246;N;N;;Multicategoria;Ativa;Indeterminado;;31/12;N;N;S;N;N;TRUSTEE DISTRIBUIDORA DE TITULOS E VALORES MOBILIARIOS LTDA.;67030395000146;Avenida Brigadeiro Faria Lima;3.732;11º e 12º andar;Itaim Bibi;São Paulo;SP;04538-132;0800 930 0930;;;www.trusteedtvm.com.br;ouvidoria@trusteedtvm.com.br
Classe;59.987.139/0001-13;2026-01-01;1;2026-02-12;RIZA VISEU FUNDO DE INVESTIMENTO IMOBILIÁRIO;2025-05-12;INVESTIDOR QUALIFICADO;BR0NOXCTF019;425171;N;N;;Multicategoria;Definida;Indeterminado;2032-05-12;31/12;S;S;N;S;N;XP INVESTIMENTOS CORRETORA DE CÂMBIO, TÍTULOS E VAL MOB S/A;02332886000104;AVENIDA ATAULFO DE PAIVA;153;5º e 8º andares;LEBLON;RIO DE JANEIRO;RJ;22440-033;(11) 3027-2237;;;www.xpi.com.br;adm.fundos.estruturados@xpi.com.br
Classe;60.027.987/0001-60;2026-01-01;1;2026-02-13;BTG CRD IMOB CDI FII;2025-04-29;INVESTIDOR QUALIFICADO;BRBTDICTF011;58377030;N;N;;Multicategoria;Ativa;Determinado;2030-04-29;31/12;S;N;N;S;N;BTG PACTUAL SERVICOS FINANCEIROS S/A DTVM;59281253000123;Praia de Botafogo;501;6º Andar;Botafogo;Rio de Janeiro;RJ;22.250-040;55 11 3383-3102;;;www.btgpactual.com;ri.fundoslistados@btgpactual.com
Classe;60.077.386/0001-61;2026-01-01;1;2026-02-12;AF INVEST REAL ESTATE MULTIESTRATEGIA;2025-07-01;INVESTIDORES EM GERAL;BR0NZUCTF003;5000000;N;N;;Outros;Definida;Indeterminado;;30/06;S;S;N;S;N;.BANCO DAYCOVAL S/A;62232889000190;Avenida Paulista;1793;2º Andar;Bela Vista;São Paulo;SP;01311200;0300 111 0500;11 3563-4389;11 3563-4318;www.daycoval.com.br/investimentos/servicos-fiduciarios;informes.regulatorios@bancodaycoval.com.br
Classe;60.079.651/0001-40;2026-01-01;1;2026-02-12;VERDE A&I CEDRO PORTFOLIO RENDA FII;2025-05-06;INVESTIDORES EM GERAL;BRVDCDCTF008;1660390;N;N;;Outros;Ativa;Determinado;2031-05-06;31/12;S;S;N;S;S;XP INVESTIMENTOS CORRETORA DE CÂMBIO, TÍTULOS E VAL MOB S/A;02332886000104;AVENIDA ATAULFO DE PAIVA;153;5º e 8º andares;LEBLON;RIO DE JANEIRO;RJ;22440-033;(11) 3027-2237;;;www.xpi.com.br;adm.fundos.estruturados@xpi.com.br
Classe;60.117.144/0001-54;2026-01-01;1;2026-02-13;STUKA FII;2025-03-31;INVESTIDORES EM GERAL;;20000;N;N;;Multicategoria;Ativa;Indeterminado;;31/12;N;N;S;N;N;MÉRITO DISTRIBUIDORA DE TÍTULOS E VALORES MOBILIÁRIOS LTDA.;41592532000142;Rua Funchal;418;21 andar;Vila Olimpia;São Paulo;SP;04551060;(11) 3386-2555;;;www.meritodtvm.com.br;marcos.ikuno@meritodtvm.com.br
Classe;60.127.177/0001-85;2026-01-01;1;2026-02-13;REC ONE FII;2025-04-28;INVESTIDOR QUALIFICADO;BR0NQ4CTF007;5762063;N;N;;Outros;Ativa;Determinado;2029-04-28;31/12;S;N;N;S;N;BTG PACTUAL SERVICOS FINANCEIROS S/A DTVM;59281253000123;Praia de Botafogo;501;6º Andar;Botafogo;Rio de Janeiro;RJ;22.250-040;55 11 3383-3102;;;www.btgpactual.com;ri.fundoslistados@btgpactual.com
Classe;60.176.399/0001-98;2026-01-01;1;2026-02-13;JS CRÉDITO ESTRUTURADO FI IMOBILIARIO RESP LIMITADA;2025-05-14;INVESTIDORES EM GERAL;BRJSCECTF009;405905;N;N;;Multicategoria;Ativa;Indeterminado;;31/12;N;S;N;N;S;BANCO J SAFRA S.A;03017677000120;AV PAULISTA;2150;;BELA VISTA;SÃO PAULO;SP;01311-300;0300 105 1234;0800 772 5755;;https://www.safra.com.br/safra-asset/fundo-imobiliario/js-credito.htm;SAFRA.ASSET@SAFRA.COM.BR
Classe;60.220.343/0001-93;2026-01-01;2;2026-02-11;GUIMMAR FUNDO DE INVESTIMENTO IMOBILIÁRI;2025-06-06;INVESTIDOR QUALIFICADO;BR0OEMCTF003;487293.6737;N;S;;Outros;Ativa;Indeterminado;;31/12;N;N;S;N;N;INTER DTVM LTDA.;18945670000146;AV BARBACENA;1219;21º ANDAR;SANTO AGOSTINHO;Belo Horizonte;MG;30190-131;(31) 3614-5332;;;http://www.bancointer.com.br/inter-dtvm;ri.fii@interdtvm.com.br
Classe;60.329.826/0001-20;2026-01-01;1;2026-02-13;BTG HOSP RET TOT FII;2025-10-22;INVESTIDORES EM GERAL;BRBTHRCTF005;33675336;N;N;;Hotel;Ativa;Determinado;2030-10-23;30/06;S;N;N;S;N;BTG PACTUAL SERVICOS FINANCEIROS S/A DTVM;59281253000123;Praia de Botafogo;501;6º Andar;Botafogo;Rio de Janeiro;RJ;22.250-040;55 11 3383-3102;;;www.btgpactual.com;ri.fundoslistados@btgpactual.com
Classe;60.355.424/0001-09;2026-01-01;1;2026-02-12;MAG MULTI CLASSE DE INVESTIMENTO IMOBILIÁRIO;2025-04-10;INVESTIDORES EM GERAL;BRMAGMR01M14;11112000;S;N;;Outros;Ativa;Indeterminado;;31/12;N;S;N;S;N;GENIAL INVESTIMENTOS CORRETORA DE VALORES MOBILIÁRIOS S.A.;27652684000162;Praia de Botafogo;228;9 andar;Botafogo;Rio de Janeiro;RJ;22250-906;(11) 3524-8888;(11) 2137-8888;0800 605 888;https://www.genialinvestimentos.com.br/;middleadm@genial.com.vc
Classe;60.373.688/0001-87;2026-01-01;1;2026-02-24;FII DE PERMUTA FINANCEIRA LOTE5 SENIOR RESP LIMITADA;2025-04-30;INVESTIDOR QUALIFICADO;BRB3LTCTF004;1350000;N;N;;Multicategoria;Ativa;Indeterminado;;30/06;N;N;S;N;N;ID CORRETORA DE TITULOS E VALORES MOBILIARIOS S.A.;16695922000109;AV PRES JUSCELINO KUBITSCHEK;1726;19 ANDAR;VILA NOVA CONCEICAO;SÃO PAULO;SP;04543000;11 4637 6633;;;WWW.IDSF.COM.BR;administracao@idsf.com.br
Classe;60.413.964/0001-93;2026-01-01;1;2026-02-12;LAZIO II FUNDO DE INVESTIMENTO IMOBILIAR;2025-10-29;INVESTIDOR PROFISSIONAL;BR0NUQCTF002;2003378.4043;N;N;;Multicategoria;Ativa;Indeterminado;;30/06;N;N;S;N;N;VÓRTX DTVM LTDA;22610500000188;Rua Gilberto Sabino;215;4º ANDAR;Pinheiros;São Paulo;SP;5425020;11 3030-7177;;;www.vortx.com.br;fundos@vortx.com.br
Classe;60.480.984/0001-87;2026-01-01;1;2026-02-13;FI I DE PERMUTA FINANCEIRA LOTE5 MEZANINO RESP LIMITADA;2025-06-06;INVESTIDOR QUALIFICADO;BR0NWACTF002;290000;N;N;;Multicategoria;Ativa;Indeterminado;;30/06;N;N;S;N;N;ID CORRETORA DE TITULOS E VALORES MOBILIARIOS S.A.;16695922000109;AV PRES JUSCELINO KUBITSCHEK;1726;19 ANDAR;VILA NOVA CONCEICAO;SÃO PAULO;SP;04543000;11 4637 6633;;;WWW.IDSF.COM.BR;administracao@idsf.com.br
Classe;60.513.922/0001-24;2026-01-01;1;2026-02-12;FUNDO DE INVESTIMENTO IMOBILIÁRIO TG RENDA URBANA FEEDER FII;2025-04-23;INVESTIDORES EM GERAL;BR0NYJCTF009;2396872;N;N;;Multicategoria;Ativa;Determinado;2030-04-24;30/06;N;S;N;N;S;XP INVESTIMENTOS CORRETORA DE CÂMBIO, TÍTULOS E VAL MOB S/A;02332886000104;AVENIDA ATAULFO DE PAIVA;153;5º e 8º andares;LEBLON;RIO DE JANEIRO;RJ;22440-033;(11) 3027-2237;;;www.xpi.com.br;adm.fundos.estruturados@xpi.com.br
Classe;60.522.814/0001-18;2026-01-01;1;2026-02-13;SUN FUNDO DE INVESTIMENTO IMOBILIÁRIO RESP LIMITADA;2025-06-03;INVESTIDOR QUALIFICADO;BR0NXDCTF004;1214.80242558;N;N;;Multicategoria;Ativa;Indeterminado;;30/06;N;N;S;N;N;ID CORRETORA DE TITULOS E VALORES MOBILIARIOS S.A.;16695922000109;AV PRES JUSCELINO KUBITSCHEK;1726;19 ANDAR;VILA NOVA CONCEICAO;SÃO PAULO;SP;04543000;11 4637 6633;;;WWW.IDSF.COM.BR;administracao@idsf.com.br
Classe;60.535.430/0001-30;2026-01-01;1;2026-02-12;VALORA CRI CDI RENDA MAIS FII;2025-07-03;INVESTIDORES EM GERAL;BR0O5KCTF001;4017685;N;N;;Outros;Ativa;Determinado;2030-07-03;31/12;N;S;N;S;S;XP INVESTIMENTOS CORRETORA DE CÂMBIO, TÍTULOS E VAL MOB S/A;02332886000104;AVENIDA ATAULFO DE PAIVA;153;5º e 8º andares;LEBLON;RIO DE JANEIRO;RJ;22440-033;(11) 3027-2237;;;www.xpi.com.br;adm.fundos.estruturados@xpi.com.br
Classe;60.551.924/0001-08;2026-01-01;1;2026-02-12;FUNDO DE INVESTIMENTO IMOBILIÁRIO TG RENDA URBANA MASTER FII;2025-04-25;INVESTIDOR QUALIFICADO;BR0NYJCTF009;3195829;N;N;;Multicategoria;Definida;Determinado;2030-04-25;30/06;N;S;N;N;S;XP INVESTIMENTOS CORRETORA DE CÂMBIO, TÍTULOS E VAL MOB S/A;02332886000104;AVENIDA ATAULFO DE PAIVA;153;5º e 8º andares;LEBLON;RIO DE JANEIRO;RJ;22440-033;(11) 3027-2237;;;www.xpi.com.br;adm.fundos.estruturados@xpi.com.br
Classe;60.619.575/0001-19;2026-01-01;1;2026-02-13;CATUAI VISTA FL FII RL;2025-11-18;INVESTIDOR PROFISSIONAL;BRCVFLCTF014;154572;N;N;;Outros;Ativa;Indeterminado;;31/12;S;N;N;S;N;.BANCO DAYCOVAL S/A;62232889000190;Avenida Paulista;1793;2º Andar;Bela Vista;São Paulo;SP;01311200;0300 111 0500;11 4090-2223;11 3138-4061;https://www.daycoval.com.br/investimento;informes.regulatorios@bancodaycoval.com.br
Classe;60.619.652/0001-30;2026-01-01;1;2026-02-12;KRONOLOG I FII RESP LTDA;2025-06-04;INVESTIDOR PROFISSIONAL;BR0Q92CTF018;234107705;N;N;;Multicategoria;Definida;Indeterminado;;31/12;S;N;N;S;N;.BANCO DAYCOVAL S/A;62232889000190;Avenida Paulista;1793;2º Andar;Bela Vista;São Paulo;SP;01311200;0300 111 0500;11 3563-4389;11 3563-4318;www.daycoval.com.br/investimentos/servicos-fiduciarios;informes.regulatorios@bancodaycoval.com.br
Classe;60.750.887/0001-67;2026-01-01;1;2026-02-17;PERMUTA LOTE 5 CAMPINAS FI IMOBILIÁRIO RESP LIMITADA;2025-05-15;INVESTIDOR QUALIFICADO;BR0O2DCTF029;3600;N;N;;Multicategoria;Ativa;Indeterminado;;31/12;N;N;S;N;N;ID CORRETORA DE TITULOS E VALORES MOBILIARIOS S.A.;16695922000109;AV PRES JUSCELINO KUBITSCHEK;1726;19 ANDAR;VILA NOVA CONCEICAO;SÃO PAULO;SP;04543000;11 4637 6633;;;WWW.IDSF.COM.BR;administracao@idsf.com.br
Classe;60.801.196/0001-45;2026-01-01;1;2026-02-13;RCRI FII;2025-06-30;INVESTIDORES EM GERAL;BRRCRICTF021;422144;N;N;;Outros;Ativa;Indeterminado;;31/12;S;N;N;S;N;BTG PACTUAL SERVICOS FINANCEIROS S/A DTVM;59281253000123;Praia de Botafogo;501;6º Andar;Botafogo;Rio de Janeiro;RJ;22.250-040;55 11 3383-3102;;;www.btgpactual.com;ri.fundoslistados@btgpactual.com
Classe;60.868.732/0001-20;2026-01-01;1;2026-02-13;ATV IND NORDESTE FII;2025-05-30;INVESTIDOR PROFISSIONAL;BR0PYQCTF009;75000;N;N;;Outros;Ativa;Indeterminado;;31/12;N;N;N;N;N;BTG PACTUAL SERVICOS FINANCEIROS S/A DTVM;59281253000123;Praia de Botafogo;501;6º Andar;Botafogo;Rio de Janeiro;RJ;22.250-040;55 11 3383-3102;;;www.btgpactual.com;ri.fundoslistados@btgpactual.com
Classe;60.871.972/0001-83;2026-01-01;1;2026-02-13;CENTRAL RE HY FII;2025-07-14;INVESTIDOR PROFISSIONAL;BRCDHYCTF003;103504;N;N;;Multicategoria;Ativa;Determinado;2029-06-02;30/06;S;N;N;S;N;BTG PACTUAL SERVICOS FINANCEIROS S/A DTVM;59281253000123;Praia de Botafogo;501;6º Andar;Botafogo;Rio de Janeiro;RJ;22.250-040;55 11 3383-3102;;;www.btgpactual.com;ri.fundoslistados@btgpactual.com
Classe;60.922.008/0001-37;2026-01-01;2;2026-02-25;PRIME LOGISTICA FII;2025-06-27;INVESTIDOR QUALIFICADO;BR0OC1CTF008;100410297;N;N;;Logística;Ativa;Determinado;2030-06-27;30/06;S;N;N;S;N;BTG PACTUAL SERVICOS FINANCEIROS S/A DTVM;59281253000123;Praia de Botafogo;501;6º Andar;Botafogo;Rio de Janeiro;RJ;22.250-040;55 11 3383-3102;;;www.btgpactual.com;ri.fundoslistados@btgpactual.com
Classe;60.958.603/0001-22;2026-01-01;1;2026-02-13;HIRE RESIDENCIAL II FUNDO DE INVESTIMENTO IMOBILIÁRIO;2025-09-11;INVESTIDOR QUALIFICADO;BR0O6UCTF008;402978.78445213;N;N;;Multicategoria;Ativa;Determinado;2033-09-11;31/12;N;N;S;N;N;XP INVESTIMENTOS CORRETORA DE CÂMBIO, TÍTULOS E VAL MOB S/A;02332886000104;AVENIDA ATAULFO DE PAIVA;153;5º e 8º andares;LEBLON;RIO DE JANEIRO;RJ;22440-033;(11) 3027-2237;;;www.xpi.com.br;adm.fundos.estruturados@xpi.com.br
Classe;61.007.289/0001-65;2026-01-01;1;2026-02-13;FUNDO DE INVESTIMENTO IMOBILIÁRIO PROJETOS MADUROS;2025-05-26;INVESTIDORES EM GERAL;BR0R88CTF006;26854527;S;N;;Outros;Ativa;Indeterminado;;30/06;S;N;N;S;N;SINGULARE CORRETORA DE TITULOS E VALORES MOBILIARIOS S.A;62285390000140;AVENIDA REBOUÇAS;2942;7º AO 12º ANDAR;PINHEIROS;SÃO PAULO;SP;05402-500;(11) 2827-3500;;;https://qitech.com.br/dtvm/;fii.adm@qitech.com.br
Classe;61.008.232/0001-80;2026-01-01;1;2026-02-13;FUNDO DE INVESTIMENTO IMOBILIÁRIO HOLDING PROJETOS;2025-05-26;INVESTIDORES EM GERAL;BR0R89CTF004;28453961.715;S;N;;Outros;Ativa;Indeterminado;;30/06;S;N;N;S;N;SINGULARE CORRETORA DE TITULOS E VALORES MOBILIARIOS S.A;62285390000140;AVENIDA REBOUÇAS;2942;7º AO 12º ANDAR;PINHEIROS;SÃO PAULO;SP;05402-500;(11) 2827-3500;;;https://qitech.com.br/dtvm/;fii.adm@qitech.com.br
Classe;61.090.977/0001-31;2026-01-01;1;2026-02-12;RIZA TERRAX RENDA DI DE RESP LIMITADA INST;2025-05-30;INVESTIDOR QUALIFICADO;;897446;S;N;;Outros;Ativa;Indeterminado;;30/06;N;S;N;N;S;GENIAL INVESTIMENTOS CORRETORA DE VALORES MOBILIÁRIOS S.A.;27652684000162;Praia de Botafogo;228;9 andar;Botafogo;Rio de Janeiro;RJ;22250-906;(11) 3524-8888;(11) 2137-8888;0800 605 888;https://www.genialinvestimentos.com.br/;middleadm@genial.com.vc
Classe;61.103.762/0001-08;2026-01-01;1;2026-02-12;FUNDO DE INVESTIMENTO IMOBILIÁRIO JIVEMAUÁ PROPRIEDADES FII;2025-06-02;INVESTIDOR PROFISSIONAL;BR0OCRCTF006;850000.06909462;N;N;;Outros;Ativa;Indeterminado;;31/12;N;S;N;N;S;XP INVESTIMENTOS CORRETORA DE CÂMBIO, TÍTULOS E VAL MOB S/A;02332886000104;AVENIDA ATAULFO DE PAIVA;153;5º e 8º andares;LEBLON;RIO DE JANEIRO;RJ;22440-033;(11) 3027-2237;;;www.xpi.com.br;adm.fundos.estruturados@xpi.com.br
Classe;61.112.477/0001-53;2026-01-01;1;2026-02-10;PROPP II FUNDO DE INVESTIMENTO IMOBILIÁRIO;2025-09-30;INVESTIDOR PROFISSIONAL;BR0OAACTF006;171520;S;N;;Multicategoria;Ativa;Indeterminado;;31/12;S;S;N;S;S;BEM DTVM LTDA;00066670000100;Núcleo Cidade de Deus;S/N;Prédio Prata - 4º Andar;Vila Yara;Osasco;SP;06029-900;(11) 3684-4522;;;www.bradescobemdtvm.com.br;bemdtvm@bradesco.com.br
Classe;61.232.706/0001-73;2026-01-01;1;2026-02-12;EXA RENDA HIGH GRADE FUNDO DE INVESTIMENTO IMOBILIÁRIO;2025-08-05;INVESTIDORES EM GERAL;BR0OE1CTF006;1025388;N;N;;Multicategoria;Ativa;Determinado;2030-08-05;30/06;N;N;S;N;N;XP INVESTIMENTOS CORRETORA DE CÂMBIO, TÍTULOS E VAL MOB S/A;02332886000104;AVENIDA ATAULFO DE PAIVA;153;5º e 8º andares;LEBLON;RIO DE JANEIRO;RJ;22440-033;(11) 3027-2237;;;www.xpi.com.br;adm.fundos.estruturados@xpi.com.br
Classe;61.238.364/0001-07;2026-01-01;1;2026-02-12;XP CDI I FII;2025-07-16;INVESTIDOR QUALIFICADO;BR0OF0CTF007;7070000;N;N;;Outros;Ativa;Determinado;2026-07-16;31/12;N;S;N;S;S;XP INVESTIMENTOS CORRETORA DE CÂMBIO, TÍTULOS E VAL MOB S/A;02332886000104;AVENIDA ATAULFO DE PAIVA;153;5º e 8º andares;LEBLON;RIO DE JANEIRO;RJ;22440-033;(11) 3027-2237;;;www.xpi.com.br;adm.fundos.estruturados@xpi.com.br
Classe;61.245.120/0001-43;2026-01-01;1;2026-02-12;XP CDI 94 I FII;2025-07-16;INVESTIDORES EM GERAL;BR0OEWCTF002;5000000;N;N;;Multicategoria;Ativa;Indeterminado;;31/12;N;S;N;S;S;XP INVESTIMENTOS CORRETORA DE CÂMBIO, TÍTULOS E VAL MOB S/A;02332886000104;AVENIDA ATAULFO DE PAIVA;153;5º e 8º andares;LEBLON;RIO DE JANEIRO;RJ;22440-033;(11) 3027-2237;;;www.xpi.com.br;adm.fundos.estruturados@xpi.com.br
Classe;61.247.681/0001-81;2026-01-01;1;2026-02-12;DC BRAZIL 1 FUNDO DE INVESTIMENTO IMOBIL;2025-07-02;INVESTIDOR PROFISSIONAL;BR0P0ZCTF009;379683.9798;N;N;;Outros;Ativa;Indeterminado;;31/12;N;N;S;N;N;VÓRTX DTVM LTDA;22610500000188;Rua Gilberto Sabino;215;4º ANDAR;Pinheiros;São Paulo;SP;5425020;11 3030-7177;;;www.vortx.com.br;fundos@vortx.com.br
Classe;61.248.346/0001-06;2026-01-01;1;2026-02-06;FUNDO DE INVESTIMENTO IMOBILIARIO AQUARIUM;2025-06-10;INVESTIDOR PROFISSIONAL;;1908633.62530996;S;N;;Residencial;Ativa;Indeterminado;;30/06;N;S;N;N;S;INTRA INVESTIMENTOS DTVM LTDA;15489568000195;RUA JOAQUIM FLORIANO;1120;5º ANDAR;ITAIM BIBI;SÃO PAULO;SP;04534004;(11) 31985151;;;www.intrainvestimentos.com.br;administracao.fundos@intrainvestimentos.com.br
Classe;61.248.346/0001-06;2026-02-01;1;2026-03-03;FUNDO DE INVESTIMENTO IMOBILIARIO AQUARIUM;2025-06-10;INVESTIDOR PROFISSIONAL;;1908633.62530996;S;N;;Residencial;Ativa;Indeterminado;;30/06;N;S;N;N;S;INTRA INVESTIMENTOS DTVM LTDA;15489568000195;RUA JOAQUIM FLORIANO;1120;5º ANDAR;ITAIM BIBI;SÃO PAULO;SP;04534004;(11) 31985151;;;www.intrainvestimentos.com.br;administracao.fundos@intrainvestimentos.com.br
Classe;61.250.889/0001-50;2026-01-01;3;2026-02-23;BR ENERGIA FII;2025-07-04;INVESTIDOR QUALIFICADO;BR0OH2CTF001;550337;N;N;;Outros;Ativa;Indeterminado;;30/06;S;N;N;S;N;BTG PACTUAL SERVICOS FINANCEIROS S/A DTVM;59281253000123;Praia de Botafogo;501;6º Andar;Botafogo;Rio de Janeiro;RJ;22.250-040;55 11 3383-3102;;;www.btgpactual.com;ri.fundoslistados@btgpactual.com
Classe;61.271.000/0001-10;2026-01-01;1;2026-02-17;RIO DAS PEDRAS I FII FI IMOBILIÁRIO RESP LIMITADA;2025-06-25;INVESTIDOR QUALIFICADO;;32725;N;N;;Residencial;Ativa;Determinado;2029-06-11;30/06;N;N;S;N;N;ID CORRETORA DE TITULOS E VALORES MOBILIARIOS S.A.;16695922000109;AV PRES JUSCELINO KUBITSCHEK;1726;19 ANDAR;VILA NOVA CONCEICAO;SÃO PAULO;SP;04543000;11 4637 6633;;;WWW.IDSF.COM.BR;administracao@idsf.com.br
Classe;61.272.053/0001-56;2026-01-01;1;2026-03-04;RWM RL2 FII RESP LIM;2025-06-13;INVESTIDOR QUALIFICADO;0;102016.62907893;N;N;;Multicategoria;Ativa;Indeterminado;;31/12;N;N;S;N;N;REAG DISTRIBUIDORA DE TITULOS E VALORES MOBILIARIOS SA;34829992000186;Avenida Brigadeiro Faria Lima;2277;17º andar;Jardim Paulistano;São Paulo;SP;01452-000;(11) 3504-6800;;;www.reag.com.br;informeslegais@reag.com.br
Classe;61.272.053/0001-56;2026-02-01;1;2026-03-05;QI RL2 FUNDO DE INVESTIMENTO IMOBILIÁRIO RL;2025-06-13;INVESTIDOR QUALIFICADO;;102016.6290789;N;N;;Multicategoria;Ativa;Indeterminado;;31/12;N;N;S;N;N;FINVEST DISTRIBUIDORA DE TÍTULOS E VALORES MOBILIÁRIOS LTDA.;39669186000101;Avenida Brigadeiro Faria Lima;2277;17 ANDAR;JARDIM PÁULISTANO;SÃO PAULO;SP;01452000;+55 (11) 3504-6800;;;https://www.finvestdtvm.com.br/;compliance@finvestdigital.com.br
Classe;61.272.325/0001-18;2026-01-01;2;2026-02-11;INTER OPORTUNIDADE COTA SUB;2025-08-18;INVESTIDOR QUALIFICADO;BRINOICTF016;2800000;N;N;;Logística;Ativa;Determinado;2029-08-01;31/12;N;N;S;N;N;INTER DTVM LTDA.;00000000000000;AV BARBACENA;1219;21º ANDAR;SANTO AGOSTINHO;Belo Horizonte;MG;30190131;(31) 3614-5332;;;http://www.bancointer.com.br/inter-dtvm;ri.fii@interdtvm.com.br
Classe;61.293.720/0001-87;2026-01-01;1;2026-02-11;FII GENESIS CAPITAL PREMIUM PROPERTIES RL;2025-06-12;INVESTIDOR PROFISSIONAL;BR0OVRCTF006;2400100;N;N;;Multicategoria;Ativa;Indeterminado;;31/12;N;N;S;N;N;BANVOX DISTRIBUIDORA DE TITULOS E VALORES MOBILIARIOS LTDA;02671743000119;AVENIDA BRIGADEIRO FARIA LIMA;3732;12° ANDAR;ITAIM BIBI;São Paulo;SP;04538133;(11)3842-1122;(11)3842-1122;;https://www.banvox.com.br/;informesregulatorios@banvox.com.br
Classe;61.305.758/0001-22;2026-01-01;1;2026-02-13;KINEA GUARARA FII;2025-11-06;INVESTIDOR QUALIFICADO;BRKNGRCTF001;0;N;N;;Outros;Ativa;Determinado;2031-06-26;30/06;S;N;N;S;N;BTG PACTUAL SERVICOS FINANCEIROS S/A DTVM;59281253000123;Praia de Botafogo;501;6º Andar;Botafogo;Rio de Janeiro;RJ;22.250-040;55 11 3383-3102;;;www.btgpactual.com;ri.fundoslistados@btgpactual.com
Classe;61.305.996/0001-38;2026-01-01;1;2026-02-13;KINEA GUARARA JD FII;2025-11-06;INVESTIDOR QUALIFICADO;BRKGUJCTF003;0;N;N;;Outros;Ativa;Determinado;2031-06-26;30/06;S;N;N;S;N;BTG PACTUAL SERVICOS FINANCEIROS S/A DTVM;59281253000123;Praia de Botafogo;501;6º Andar;Botafogo;Rio de Janeiro;RJ;22.250-040;55 11 3383-3102;;;www.btgpactual.com;ri.fundoslistados@btgpactual.com
Classe;61.424.730/0001-04;2026-01-01;1;2026-02-12;FII XP RENDA IMOBILIÁRIA FEEDER;2025-08-05;INVESTIDORES EM GERAL;BR0OLZCTF000;34774460;N;N;;Outros;Definida;Determinado;2030-08-05;31/12;N;N;S;N;N;XP INVESTIMENTOS CORRETORA DE CÂMBIO, TÍTULOS E VAL MOB S/A;02332886000104;AVENIDA ATAULFO DE PAIVA;153;5º e 8º andares;LEBLON;RIO DE JANEIRO;RJ;22440-033;(11) 3027-2237;;;www.xpi.com.br;adm.fundos.estruturados@xpi.com.br
Classe;61.453.937/0001-07;2026-01-01;1;2026-02-12;FII TG RENDA IMOBILIÁRIA FEEDER;2025-08-05;INVESTIDORES EM GERAL;BR0OKWCTF009;16788734;N;N;;Outros;Definida;Determinado;2034-08-05;31/12;S;S;N;S;N;XP INVESTIMENTOS CORRETORA DE CÂMBIO, TÍTULOS E VAL MOB S/A;02332886000104;AVENIDA ATAULFO DE PAIVA;153;5º e 8º andares;LEBLON;RIO DE JANEIRO;RJ;22440-033;(11) 3027-2237;;;www.xpi.com.br;adm.fundos.estruturados@xpi.com.br
Classe;61.458.257/0001-86;2026-01-01;1;2026-02-13;HCO OPPS AERO II FII RESP LTDA;2025-09-16;INVESTIDOR QUALIFICADO;;104;N;N;;Logística;Ativa;Determinado;2032-09-16;31/12;N;N;S;N;N;VÓRTX DTVM LTDA;22610500000188;Rua Gilberto Sabino;215;4º ANDAR;Pinheiros;São Paulo;SP;5425020;11 3030-7177;;;www.vortx.com.br;fundos@vortx.com.br
Classe;61.458.298/0001-72;2026-01-01;1;2026-02-13;HCO OPPS AERO II FEEDER FUNDO DE INVESTI;2025-09-05;INVESTIDOR QUALIFICADO;;122515.9219;N;N;;Logística;Ativa;Determinado;2032-09-05;31/12;N;N;S;N;N;VÓRTX DTVM LTDA;22610500000188;Rua Gilberto Sabino;215;4º ANDAR;Pinheiros;São Paulo;SP;5425020;11 3030-7177;;;www.vortx.com.br;fundos@vortx.com.br
Classe;61.516.271/0001-99;2026-01-01;1;2026-02-12;FII XP RENDA IMOBILIARIA MASTER;2025-08-19;INVESTIDOR PROFISSIONAL;BR0P1YCTF000;40856670;N;N;;Multicategoria;Ativa;Determinado;2030-08-19;30/06;S;S;N;S;N;XP INVESTIMENTOS CORRETORA DE CÂMBIO, TÍTULOS E VAL MOB S/A;02332886000104;AVENIDA ATAULFO DE PAIVA;153;5º e 8º andares;LEBLON;RIO DE JANEIRO;RJ;22440-033;(11) 3027-2237;;;www.xpi.com.br;adm.fundos.estruturados@xpi.com.br
Classe;61.516.444/0001-79;2026-01-01;1;2026-02-17;JERUSALÉM FUNDO DE INVESTIMENTO IMOBILIÁRIO RESP LIMITADA;2025-08-25;INVESTIDOR PROFISSIONAL;;16834683;N;N;;Multicategoria;Ativa;Indeterminado;;30/06;N;N;S;N;N;ID CORRETORA DE TITULOS E VALORES MOBILIARIOS S.A.;16695922000109;AV PRES JUSCELINO KUBITSCHEK;1726;19 ANDAR;VILA NOVA CONCEICAO;SÃO PAULO;SP;04543000;11 4637 6633;;;WWW.IDSF.COM.BR;administracao@idsf.com.br
Classe;61.518.537/0001-32;2026-01-01;1;2026-02-12;CITADEL I FUNDO DE INVESTIMENTO IMOBILIÁRIO RESP LTDA;2025-07-14;INVESTIDOR PROFISSIONAL;;967914;N;N;;Escritórios;Definida;Indeterminado;;30/06;N;N;S;N;N;HEDGE INVESTMENTS DTVM LTDA;07253654000176;AVENIDA BRIGADEIRO FARIA LIMA;3600;11º ANDAR CJ 112;ITAIM BIBI;SÃO PAULO;SP;04538-132;(11) 5412-5400;;;www.hedgeinvest.com.br;dtvm@hedgeinvest.com.br
Classe;61.530.579/0001-99;2026-01-01;1;2026-02-13;3M FUNDO DE INVESTIMENTO IMOBILIÁRIO RESP LIMITADA;2025-07-24;INVESTIDOR PROFISSIONAL;BR0OO5CTF005;13000;N;N;;Multicategoria;Ativa;Indeterminado;;31/12;N;N;S;N;N;ID CORRETORA DE TITULOS E VALORES MOBILIARIOS S.A.;16695922000109;AV PRES JUSCELINO KUBITSCHEK;1726;19 ANDAR;VILA NOVA CONCEICAO;SÃO PAULO;SP;04543000;11 4637 6633;;;WWW.IDSF.COM.BR;administracao@idsf.com.br
Classe;61.537.964/0001-68;2026-01-01;1;2026-02-06;LOHTSE FUNDO DE INVESTIMENTO IMOBILIÁRIO;2025-08-20;INVESTIDOR PROFISSIONAL;BR0OQWCTF006;21534.26966918;S;N;;Multicategoria;Ativa;Indeterminado;;31/12;N;S;N;N;S;PLANNER CORRETORA DE VALORES S.A.;00806535000154;Avenida Brigadeiro Faria Lima;3900;10º andar;Itaim Bibi;São Paulo;SP;04538-132;(11) 2172-2600;0800 179 444;(11) 2172-2667;www.planner.com.br;inforegulatorio@planner.com.br
Classe;61.594.920/0001-70;2026-01-01;1;2026-02-09;ESTORIL FII;2025-07-28;INVESTIDOR PROFISSIONAL;0;1477306.25628467;N;N;;Outros;Ativa;Indeterminado;;45930;N;N;S;N;N;REAG DISTRIBUIDORA DE TITULOS E VALORES MOBILIARIOS SA;34829992000186;Avenida Brigadeiro Faria Lima;2277;17º andar;Jardim Paulistano;São Paulo;SP;01452-000;(11) 3504-6800;;;www.reag.com.br;informeslegais@reag.com.br
Classe;61.667.274/0001-23;2026-01-01;1;2026-02-12;RAIZZ DESENVOLVIMENTO III FUNDO DE INVES;2025-11-05;INVESTIDOR PROFISSIONAL;BR0OSFCTF023;31030.3832;N;N;;Logística;Ativa;Determinado;2032-11-05;30/06;N;N;S;N;N;VÓRTX DTVM LTDA;22610500000188;Rua Gilberto Sabino;215;4º ANDAR;Pinheiros;São Paulo;SP;5425020;11 3030-7177;;;www.vortx.com.br;fundos@vortx.com.br
Classe;61.702.958/0001-19;2026-01-01;1;2026-02-13;METROGRID FII RESPONSABILIDADE LIMITADA;2025-07-11;INVESTIDOR PROFISSIONAL;1;55.9198184;N;N;;Multicategoria;Ativa;Indeterminado;;31/12;N;S;N;N;S;DILLON S/A DTVM;33851064000155;RUA DA ASSEMBLEIA;35;;CENTRO;RIO DE JANEIRO;RJ;20011001;2125178022;;;www.dillon.com.br;lucasdelmas@Dillon.com.br
Classe;61.761.762/0001-03;2026-01-01;1;2026-02-13;APIUNA FUNDO DE INVESTIMENTO IMOBILIÁRIO.;2025-08-12;INVESTIDOR PROFISSIONAL;BR0P6ICTF002;214994420.576189;S;N;;Outros;Ativa;Indeterminado;;31/12;N;N;S;N;N;LIONS TRUST DTVM LTDA.;40768766000135;AVENIDA BRIGADEIRO FARIA LIMA;2012;14 ANDAR CJ 141;JARDIM PAULISTANO;SÃO PAULO;SP;01451919;11 50535880;;;https://www.lionstrust.com.br/;lionstrust@lionstrust.com.br
Classe;61.762.309/0001-03;2026-01-01;1;2026-02-13;CORPORATE CHUCRI - FII - RESPONSABILIDADE LIMITADA;2025-07-15;INVESTIDOR PROFISSIONAL;BR0P14CTF006;815800;N;N;;Outros;Ativa;Indeterminado;;31/12;S;N;N;S;N;GENIAL INVESTIMENTOS CORRETORA DE VALORES MOBILIÁRIOS S.A.;27652684000162;PRAIA DE BOTAFOGO;228;9º ANDAR;BOTAFOGO;RIO DE JANEIRO;RJ;22250-906;(21) 3923-3000;(21) 3500-3000;0800 605 8888;www.genial.com.vc;middleadm@genial.com.vc
Classe;61.781.547/0001-66;2026-01-01;1;2026-02-13;SHOPPING PARALELA FII - RESPONSABILIDADE LIMITADA;2025-07-16;INVESTIDOR QUALIFICADO;0;59222.52504065;N;N;;Shoppings;Ativa;Indeterminado;;31/12;N;N;S;N;N;GENIAL INVESTIMENTOS CORRETORA DE VALORES MOBILIÁRIOS S.A.;27652684000162;PRAIA DE BOTAFOGO;228;9º ANDAR;BOTAFOGO;RIO DE JANEIRO;RJ;22250-906;(21) 3923-3000;(21) 3500-3000;0800 605 8888;www.genial.com.vc;middleadm@genial.com.vc
Classe;61.793.651/0001-70;2026-01-01;1;2026-02-13;INVITATO RE CI FII;2025-11-17;INVESTIDOR PROFISSIONAL;BR0OVXCTF004;324034;N;N;;Outros;Ativa;Indeterminado;;30/06;S;N;N;S;N;BTG PACTUAL SERVICOS FINANCEIROS S/A DTVM;59281253000123;Praia de Botafogo;501;6º Andar;Botafogo;Rio de Janeiro;RJ;22.250-040;55 11 3383-3102;;;www.btgpactual.com;ri.fundoslistados@btgpactual.com
Classe;61.796.062/0001-46;2026-01-01;1;2026-02-13;BLUE ROCK TWO FI IMOBILIÁRIO RESP LIMITADA;2025-10-29;INVESTIDOR PROFISSIONAL;BR0P37CTF007;1007201.96335847;N;N;;Multicategoria;Ativa;Indeterminado;;31/07;S;S;N;S;N;ID CORRETORA DE TITULOS E VALORES MOBILIARIOS S.A.;16695922000109;AV PRES JUSCELINO KUBITSCHEK;1726;19 ANDAR;VILA NOVA CONCEICAO;SÃO PAULO;SP;04543000;11 4637 6633;;;WWW.IDSF.COM.BR;administracao@idsf.com.br
Classe;61.816.615/0001-85;2026-01-01;1;2026-02-13;LB REALTY DSV II FII;2025-08-22;INVESTIDOR PROFISSIONAL;BR0PYOCTF004;0;N;N;;Outros;Ativa;Determinado;2033-12-31;30/06;S;N;N;S;N;BTG PACTUAL SERVICOS FINANCEIROS S/A DTVM;59281253000123;Praia de Botafogo;501;6º Andar;Botafogo;Rio de Janeiro;RJ;22.250-040;55 11 3383-3102;;;www.btgpactual.com;ri.fundoslistados@btgpactual.com
Classe;61.820.010/0001-68;2026-01-01;1;2026-02-12;PATRIA OPORTUNIDADES IMOBILIÁRIAS FII;2025-12-05;INVESTIDOR PROFISSIONAL;BR0OZ4CTF021;1230700;N;N;;Multicategoria;Ativa;Determinado;2031-12-05;31/12;S;S;N;S;S;XP INVESTIMENTOS CORRETORA DE CÂMBIO, TÍTULOS E VAL MOB S/A;02332886000104;AVENIDA ATAULFO DE PAIVA;153;5º e 8º andares;LEBLON;RIO DE JANEIRO;RJ;22440-033;(11) 3027-2237;;;www.xpi.com.br;adm.fundos.estruturados@xpi.com.br
Classe;61.839.325/0001-57;2026-01-01;1;2026-02-17;ID ANGRA PARTNERS FII RESPONSABILIDADE LIMITADA;2025-08-21;INVESTIDOR PROFISSIONAL;;268.39331329;N;N;;Multicategoria;Ativa;Indeterminado;;31/12;N;N;S;N;N;ID CORRETORA DE TITULOS E VALORES MOBILIARIOS S.A.;16695922000109;AV PRES JUSCELINO KUBITSCHEK;1726;19 ANDAR;VILA NOVA CONCEICAO;SÃO PAULO;SP;04543000;11 4637 6633;;;WWW.IDSF.COM.BR;administracao@idsf.com.br
Classe;61.848.349/0001-72;2026-01-01;1;2026-02-12;AZ QUEST PANORAMA RENDA CDI;2025-09-03;INVESTIDORES EM GERAL;BR0OVBCTF000;4374650;N;N;;Multicategoria;Ativa;Determinado;2030-09-03;30/06;N;N;S;N;N;XP INVESTIMENTOS CORRETORA DE CÂMBIO, TÍTULOS E VAL MOB S/A;02332886000104;AVENIDA ATAULFO DE PAIVA;153;5º e 8º andares;LEBLON;RIO DE JANEIRO;RJ;22440-033;(11) 3027-2237;;;www.xpi.com.br;adm.fundos.estruturados@xpi.com.br
Classe;61.865.925/0001-90;2026-01-01;1;2026-02-12;FOF JIVE FII;2025-07-29;INVESTIDOR QUALIFICADO;BR0OV9CTF032;6466757.66944887;N;N;;Multicategoria;Ativa;Determinado;2028-07-31;31/12;N;S;N;S;S;XP INVESTIMENTOS CORRETORA DE CÂMBIO, TÍTULOS E VAL MOB S/A;02332886000104;AVENIDA ATAULFO DE PAIVA;153;5º e 8º andares;LEBLON;RIO DE JANEIRO;RJ;22440-033;(11) 3027-2237;;;www.xpi.com.br;adm.fundos.estruturados@xpi.com.br
Classe;61.876.419/0001-04;2026-01-01;1;2026-02-13;DYNAMIC CAPITAL FUNDO DE INVESTIMENTO IMOBILIÁRIO RESP LTDA;2025-07-23;INVESTIDOR PROFISSIONAL;1;5;N;N;;Multicategoria;Ativa;Indeterminado;;31/12;N;S;N;N;S;DILLON S/A DTVM;33851064000155;RUA DA ASSEMBLEIA;35;;CENTRO;RIO DE JANEIRO;RJ;20011001;2125178022;;;www.dillon.com.br;lucasdelmas@Dillon.com.br
Classe;61.911.799/0001-62;2026-01-01;1;2026-02-12;SC JIVEMAUÁ CORPORATE FII;2025-11-26;INVESTIDOR QUALIFICADO;BR0QCYCTF007;9071428;N;N;;Multicategoria;Ativa;Determinado;2030-11-26;30/06;S;S;N;S;N;XP INVESTIMENTOS CORRETORA DE CÂMBIO, TÍTULOS E VAL MOB S/A;02332886000104;AVENIDA ATAULFO DE PAIVA;153;5º e 8º andares;LEBLON;RIO DE JANEIRO;RJ;22440-033;(11) 3027-2237;;;www.xpi.com.br;adm.fundos.estruturados@xpi.com.br
Classe;61.912.292/0001-23;2026-01-01;1;2026-02-12;VALORA FII;2025-07-30;INVESTIDOR PROFISSIONAL;BR0OZCCTF017;1950000.078;N;N;;Outros;Definida;Determinado;2030-07-30;31/12;N;S;N;S;S;XP INVESTIMENTOS CORRETORA DE CÂMBIO, TÍTULOS E VAL MOB S/A;02332886000104;AVENIDA ATAULFO DE PAIVA;153;5º e 8º andares;LEBLON;RIO DE JANEIRO;RJ;22440-033;(11) 3027-2237;;;www.xpi.com.br;adm.fundos.estruturados@xpi.com.br
Classe;61.918.522/0001-61;2026-01-01;1;2026-02-12;LCP PREFIXADO MASTER FUNDO DE INVESTIMENTO IMOBILIÁRIO;2025-09-02;INVESTIDOR PROFISSIONAL;BR0OXGCTF005;7500000;N;N;;Multicategoria;Ativa;Determinado;2030-09-02;30/06;N;N;S;N;N;XP INVESTIMENTOS CORRETORA DE CÂMBIO, TÍTULOS E VAL MOB S/A;02332886000104;AVENIDA ATAULFO DE PAIVA;153;5º e 8º andares;LEBLON;RIO DE JANEIRO;RJ;22440-033;(11) 3027-2237;;;www.xpi.com.br;adm.fundos.estruturados@xpi.com.br
Classe;61.922.643/0001-87;2026-01-01;1;2026-02-12;LCP PREFIXADO FEEDER FUNDO DE INVESTIMENTO IMOBILIÁRIO;2025-09-01;INVESTIDORES EM GERAL;BR0OXECTF000;5625000;N;N;;Multicategoria;Definida;Determinado;2030-09-01;30/06;N;N;S;N;N;XP INVESTIMENTOS CORRETORA DE CÂMBIO, TÍTULOS E VAL MOB S/A;02332886000104;AVENIDA ATAULFO DE PAIVA;153;5º e 8º andares;LEBLON;RIO DE JANEIRO;RJ;22440-033;(11) 3027-2237;;;www.xpi.com.br;adm.fundos.estruturados@xpi.com.br
Classe;61.974.505/0001-41;2026-01-01;1;2026-02-13;BRIO BS COINVESTIMENTO FII RESP LIMITADA;2025-08-15;INVESTIDOR QUALIFICADO;BR0P53CTF004;15600;N;N;;Residencial;Definida;Determinado;2032-08-15;30/06;N;N;S;N;N;BRL TRUST DTVM S.A.;13486793000142;Rua Alves Guimarães;1216;;Pinheiros;São Paulo;SP;05410-002;(11) 3509-0600;;;www.apexgroup.com/apex-brazil/;infolegal@apexgroup.com
Classe;62.017.234/0001-07;2026-01-01;1;2026-02-12;XP HABITAT RENDA IMOBILIÁRIA MASTER FII;2025-09-03;INVESTIDOR QUALIFICADO;BR0P36CTF009;5936500;N;N;;Outros;Ativa;Determinado;2030-09-03;30/06;N;N;S;N;N;XP INVESTIMENTOS CORRETORA DE CÂMBIO, TÍTULOS E VAL MOB S/A;02332886000104;AVENIDA ATAULFO DE PAIVA;153;5º e 8º andares;LEBLON;RIO DE JANEIRO;RJ;22440-033;(11) 3027-2237;;;www.xpi.com.br;adm.fundos.estruturados@xpi.com.br
Classe;62.021.906/0001-40;2026-01-01;1;2026-02-12;XP HABITAT RENDA IMOBILIÁRIA FEEDER FII;2025-09-02;INVESTIDORES EM GERAL;BR0P1MCTF005;5000000;N;N;;Outros;Ativa;Determinado;2030-09-02;30/06;N;N;S;N;N;XP INVESTIMENTOS CORRETORA DE CÂMBIO, TÍTULOS E VAL MOB S/A;02332886000104;AVENIDA ATAULFO DE PAIVA;153;5º e 8º andares;LEBLON;RIO DE JANEIRO;RJ;22440-033;(11) 3027-2237;;;www.xpi.com.br;adm.fundos.estruturados@xpi.com.br
Classe;62.064.773/0001-99;2026-01-01;1;2026-02-12;HEDGE OPPORTUNITIES FII RESP LTDA;2025-08-11;INVESTIDOR PROFISSIONAL;BR0P2ICTF019;1871000;N;N;;Multicategoria;Ativa;Determinado;2030-08-12;31/12;S;N;N;S;N;HEDGE INVESTMENTS DTVM LTDA;07253654000176;AVENIDA BRIGADEIRO FARIA LIMA;3600;11º ANDAR CJ 112;ITAIM BIBI;SÃO PAULO;SP;04538-132;(11) 5412-5400;;;www.hedgeinvest.com.br;dtvm@hedgeinvest.com.br
Classe;62.082.124/0001-10;2026-01-01;1;2026-02-12;HEDGE JHSF CAPITAL PRIME OFFICES FII RESP LTDA;2025-11-11;INVESTIDORES EM GERAL;BRHJCTCTF000;991249;N;N;;Escritórios;Ativa;Indeterminado;;6/30/2025;S;N;N;S;N;HEDGE INVESTMENTS DTVM LTDA;07253654000176;AVENIDA BRIGADEIRO FARIA LIMA;3600;11º ANDAR CJ 112;ITAIM BIBI;SÃO PAULO;SP;04538-132;(11) 5412-5400;;;www.hedgeinvest.com.br;dtvm@hedgeinvest.com.br
Classe;62.105.992/0001-79;2026-01-01;1;2026-02-12;MAG OPORTUNIDADES IMOBILIÁRIAS FII;2025-08-06;INVESTIDOR PROFISSIONAL;6275525UN1;411350.0946;S;N;;Outros;Ativa;Indeterminado;;31/12;N;S;N;N;S;GENIAL INVESTIMENTOS CORRETORA DE VALORES MOBILIÁRIOS S.A.;27652684000162;Praia de Botafogo;228;9 andar;Botafogo;Rio de Janeiro;RJ;22250-906;(11) 3524-8888;(11) 2137-8888;0800 605 888;https://www.genialinvestimentos.com.br/;middleadm@genial.com.vc
Classe;62.145.710/0001-67;2026-01-01;1;2026-02-12;FUNDO DE INVESTIMENTO IMOBILIARIO AXIA E;2025-12-12;INVESTIDOR PROFISSIONAL;BR0P7UCTF005;1200;N;N;;Outros;Ativa;Indeterminado;;31/12;N;N;S;N;N;VÓRTX DTVM LTDA;22610500000188;Rua Gilberto Sabino;215;4º ANDAR;Pinheiros;São Paulo;SP;5425020;11 3030-7177;;;www.vortx.com.br;fundos@vortx.com.br
Classe;62.161.749/0001-78;2026-01-01;1;2026-02-12;KRONOLOG FEEDER FII RL;2025-12-15;INVESTIDOR PROFISSIONAL;;1000116.2706;N;N;;Outros;Ativa;Indeterminado;;31/12;N;S;N;N;S;.BANCO DAYCOVAL S/A;62232889000190;Avenida Paulista;1793;2º Andar;Bela Vista;São Paulo;SP;01311200;0300 111 0500;11 3563-4389;11 3563-4318;www.daycoval.com.br/investimentos/servicos-fiduciarios;informes.regulatorios@bancodaycoval.com.br
Classe;62.173.370/0001-88;2026-01-01;1;2026-02-13;FII TORRE RIO CLARO OFFICES - RESPONSABILIDADE LIMITADA;2025-10-24;INVESTIDORES EM GERAL;BRTRCOCTF009;3600000;N;N;;Multicategoria;Ativa;Indeterminado;;31/12;S;N;N;S;N;OURIBANK S.A. BANCO MULTIPLO;78632767000120;AV PAULISTA;1728;SLJ 1 2 3 4 5 7 ANDAR;BELA VISTA;SAO PAULO;SP;01.310-919;4081-4402;4081-4576;4081-4444;ouribank.com;admfundos@ouribank.com
Classe;62.173.916/0001-09;2026-01-01;1;2026-02-13;LOTUS TOWER FII;2025-09-03;INVESTIDOR QUALIFICADO;BR0P7LCTF004;380990;N;N;;Escritórios;Definida;Indeterminado;;30/06;S;N;N;S;N;BTG PACTUAL SERVICOS FINANCEIROS S/A DTVM;59281253000123;Praia de Botafogo;501;6º Andar;Botafogo;Rio de Janeiro;RJ;22.250-040;55 11 3383-3102;;;www.btgpactual.com;ri.fundoslistados@btgpactual.com
Classe;62.203.816/0001-70;2026-01-01;1;2026-02-04;RETAIL FUNDO DE INVESTIMENTO IMOBILIÁRIO;2025-08-29;INVESTIDOR PROFISSIONAL;;9150.79312998;N;N;;Varejo;Definida;Indeterminado;2050-01-01;31/12;N;N;S;N;N;WNT CAPITAL DISTRIBUIDORA DE TITULOS E VALORES MOBILIARIOS;45854066000187;R. Leopoldo Couto Magalhães Júnior, nº 758;758;13o andar;Itaim Bibi;São Paulo;SP;04542-000;+55 (11) 3010-100;;;WWW.WNTDTVM.COM;ATENDIMENTO@WNTDTVM.COM
Classe;62.206.618/0001-60;2026-01-01;1;2026-02-13;JS RENDA ATIVA FI IMOBILIARIO RESP LIMITADA;2025-10-31;INVESTIDORES EM GERAL;BR0PI5CTF002;20960329;N;N;;Multicategoria;Ativa;Determinado;2032-12-31;31/12;N;S;N;N;S;BANCO J SAFRA S.A;03017677000120;AV PAULISTA;2150;;BELA VISTA;SÃO PAULO;SP;01311-300;0300 105 1234;0800 772 5755;;https://www.safra.com.br/safra-asset/fundo-imobiliario/js-renda-ativa.htm;SAFRA.ASSET@SAFRA.COM.BR
Classe;62.235.730/0001-29;2026-01-01;1;2026-02-12;CVPAR FUNDO DE INVESTIMENTO IMOBILIARIO;2025-09-04;INVESTIDOR QUALIFICADO;BR0P7VCTF003;1150000;N;N;;Hotel;Ativa;Determinado;2030-09-04;31/12;N;N;S;N;N;VÓRTX DTVM LTDA;22610500000188;Rua Gilberto Sabino;215;4º ANDAR;Pinheiros;São Paulo;SP;5425020;11 3030-7177;;;www.vortx.com.br;fundos@vortx.com.br
Classe;62.252.669/0001-28;2026-01-01;1;2026-02-12;HEDGE CRÉDITO CDI RENDA MAIS FII;2025-11-04;INVESTIDORES EM GERAL;BR0P89CTF008;1173156;N;N;;Multicategoria;Ativa;Determinado;2032-11-04;30/06;N;S;N;N;S;XP INVESTIMENTOS CORRETORA DE CÂMBIO, TÍTULOS E VAL MOB S/A;02332886000104;AVENIDA ATAULFO DE PAIVA;153;5º e 8º andares;LEBLON;RIO DE JANEIRO;RJ;22440-033;(11) 3027-2237;;;www.xpi.com.br;adm.fundos.estruturados@xpi.com.br
Classe;62.254.106/0001-79;2026-01-01;1;2026-02-12;CLASSE II DO RJDI FUNDO DE INVESTIMENTO IMOBILIÁRIO;2025-08-15;INVESTIDOR QUALIFICADO;;310000;N;N;;Outros;Ativa;Indeterminado;;30/06;N;N;S;N;N;BANCO GENIAL S.A.;45246410000155;Praia de Botafogo;228;9 andar;Botafogo;Rio de Janeiro;RJ;22250-906;(11) 3524-8888;(11) 2137-8888;0800 605 888;https://www.genialinvestimentos.com.br/;middleadm@genial.com.vc
Classe;62.293.353/0001-84;2026-01-01;1;2026-02-13;FII PATRIA HEALTH SUBORDINADA;2025-12-29;INVESTIDOR PROFISSIONAL;;1800000;N;N;;Outros;Ativa;Determinado;2032-12-01;;N;S;N;N;S;.BANCO DAYCOVAL S/A;62232889000190;Avenida Paulista;1793;2º Andar;Bela Vista;São Paulo;SP;01311200;0300 111 0500;11 3563-4389;11 3563-4318;www.daycoval.com.br/investimentos/servicos-fiduciarios;informes.regulatorios@bancodaycoval.com.br
Classe;62.296.221/0001-06;2026-01-01;1;2026-02-13;COTA REAL 77 FUNDO DE INVESTIMENTO IMOBILIÁRIO RESP LIMITADA;2025-11-06;INVESTIDOR QUALIFICADO;;32.44683258;N;N;;Multicategoria;Ativa;Indeterminado;;30/06;N;N;S;N;N;ID CORRETORA DE TITULOS E VALORES MOBILIARIOS S.A.;16695922000109;AV PRES JUSCELINO KUBITSCHEK;1726;19 ANDAR;VILA NOVA CONCEICAO;SÃO PAULO;SP;04543000;11 4637 6633;;;WWW.IDSF.COM.BR;administracao@idsf.com.br
Classe;62.305.611/0001-03;2026-01-01;2;2026-02-20;RIZA TRAKTOS FII;2025-10-03;INVESTIDOR QUALIFICADO;BR0PAFCTF002;1883652;N;N;;Outros;Ativa;Determinado;2030-10-03;30/06;S;N;N;S;N;BTG PACTUAL SERVICOS FINANCEIROS S/A DTVM;59281253000123;Praia de Botafogo;501;6º Andar;Botafogo;Rio de Janeiro;RJ;22.250-040;55 11 3383-3102;;;www.btgpactual.com;ri.fundoslistados@btgpactual.com
Classe;62.308.074/0001-47;2026-01-01;1;2026-02-12;FUNDO DE INVESTIMENTO IMOBILIÁRIO JHSF CAPITAL MALLS FEEDER;2025-08-20;INVESTIDORES EM GERAL;BR0P94CTF008;65537085;N;N;;Outros;Ativa;Determinado;2030-08-20;31/12;N;S;N;S;N;XP INVESTIMENTOS CORRETORA DE CÂMBIO, TÍTULOS E VAL MOB S/A;02332886000104;AVENIDA ATAULFO DE PAIVA;153;5º e 8º andares;LEBLON;RIO DE JANEIRO;RJ;22440-033;(11) 3027-2237;;;www.xpi.com.br;adm.fundos.estruturados@xpi.com.br
Classe;62.334.936/0001-06;2026-01-01;1;2026-02-13;BRIO TPG COINVESTIMENTO FII RESP LIMITADA;2025-09-05;INVESTIDOR QUALIFICADO;;13400;N;N;;Residencial;Ativa;Determinado;2032-09-05;31/12;N;N;S;N;N;BRL TRUST DTVM S.A.;13486793000142;Rua Alves Guimarães;1216;;Pinheiros;São Paulo;SP;05410-002;(11) 3509-0600;;;www.apexgroup.com/apex-brazil/;infolegal@apexgroup.com
Classe;62.363.267/0001-09;2026-01-01;1;2026-02-13;SOLVE DESENVOLVIMENTO IMOBILIARIO FII RESP LIMITADA;2025-12-04;INVESTIDOR PROFISSIONAL;BR0PC0CTF009;137100;N;N;;Multicategoria;Ativa;Indeterminado;;31/12;N;N;S;N;N;OLIVEIRA TRUST DTVM S.A.;36113876000191;Av. das Américas;3434;Bl. 7 Grupo 201;Barra da Tijuca;Rio de Janeiro;RJ;22640-102;(21) 3514-0000;;;www.oliveiratrust.com.br;ger2.fundos@oliveiratrust.com.br
Classe;62.364.712/0001-47;2026-01-01;1;2026-02-17;MOMENTUM SECURITIES FUNDO IMOBILIÁRIO RESP LIMITADA;2025-09-03;INVESTIDOR PROFISSIONAL;;14991799.66;N;N;;Multicategoria;Ativa;Indeterminado;;30/06;N;N;S;N;N;ID CORRETORA DE TITULOS E VALORES MOBILIARIOS S.A.;16695922000109;AV PRES JUSCELINO KUBITSCHEK;1726;19 ANDAR;VILA NOVA CONCEICAO;SÃO PAULO;SP;04543000;11 4637 6633;;;WWW.IDSF.COM.BR;administracao@idsf.com.br
Classe;62.385.601/0001-17;2026-01-01;1;2026-02-08;ASHER FUNDO DE INVESTIMENTO IMOBILIÁRIO RESP LIM;2025-09-23;INVESTIDOR PROFISSIONAL;;11850;S;S;;Multicategoria;Ativa;Indeterminado;;30/06;N;N;S;N;N;HEMERA DISTRIBUIDORA DE TITULOS E VALORES MOBILIARIOS LTDA;39669186000101;AV. AGUA VERDE;1413;CJ 801;AGUA VERDE;CURITIBA;PR;80620-200;+55 (41) 3122-7300;;;https://hemeradtvm.com.br/;atendimentocvm@hemeradtvm.com.br
Classe;62.385.601/0001-17;2026-02-01;1;2026-03-05;ASHER FUNDO DE INVESTIMENTO IMOBILIÁRIO RESP LIM;2025-09-23;INVESTIDOR PROFISSIONAL;;13314.9746;S;S;;Multicategoria;Ativa;Indeterminado;;30/06;N;N;S;N;N;HEMERA DISTRIBUIDORA DE TITULOS E VALORES MOBILIARIOS LTDA;39669186000101;AV. AGUA VERDE;1413;CJ 801;AGUA VERDE;CURITIBA;PR;80620-200;+55 (41) 3122-7300;;;https://hemeradtvm.com.br/;atendimentocvm@hemeradtvm.com.br
Classe;62.429.810/0001-15;2026-01-01;1;2026-02-17;OPI FUNDO DE INVESTIMENTO IMOBILIÁRIO RESP LIMITADA;2025-09-01;INVESTIDOR PROFISSIONAL;;942500;N;N;;Multicategoria;Ativa;Indeterminado;;30/06;N;N;S;N;N;ID CORRETORA DE TITULOS E VALORES MOBILIARIOS S.A.;16695922000109;AV PRES JUSCELINO KUBITSCHEK;1726;19 ANDAR;VILA NOVA CONCEICAO;SÃO PAULO;SP;04543000;11 4637 6633;;;WWW.IDSF.COM.BR;administracao@idsf.com.br
Classe;62.452.316/0001-71;2026-01-01;1;2026-02-10;BOCOM BBM RESIDENCIAL FII;2025-11-19;INVESTIDOR PROFISSIONAL;BR0PDPCTF005;353779.6771095;N;N;;Residencial;Definida;Determinado;2030-11-19;30/06;S;N;N;S;N;BEM DTVM LTDA;00066670000100;Núcleo Cidade de Deus;S/N;Prédio Prata - 4º Andar;Vila Yara;Osasco;SP;06029-900;(11) 3684-4522;;;www.bradescobemdtvm.com.br;bemdtvm@bradesco.com.br
Classe;62.455.533/0001-15;2026-01-01;1;2026-02-12;BARZEL BARZEL TITANIUM FII RESPONSABILIDADE LIMITADA;2025-08-28;INVESTIDOR PROFISSIONAL;;524510.3867;N;N;;Outros;Ativa;Indeterminado;;31/12;N;N;S;N;N;OURIBANK S.A. BANCO MULTIPLO;78632767000120;Av. Paulista;1728;Sobreloja, 2º, 3º, 4º, 5º e 7º andares;Bela Vista;São Paulo;SP;01310-919;4081-4402;4081-4576;4081-4444;ouribank.com;admfundos@ouribank.com
Classe;62.502.267/0001-34;2026-01-01;1;2026-02-13;LOG DOMINIUM FII RL;2025-10-13;INVESTIDOR PROFISSIONAL;BR0R5CCTF005;379620;N;N;;Outros;Ativa;Indeterminado;;30/06;N;N;N;N;N;BTG PACTUAL SERVICOS FINANCEIROS S/A DTVM;59281253000123;Praia de Botafogo;501;6º Andar;Botafogo;Rio de Janeiro;RJ;22.250-040;55 11 3383-3102;;;www.btgpactual.com;ri.fundoslistados@btgpactual.com
Classe;62.526.654/0001-00;2026-01-01;1;2026-02-12;MAUÁ CAPITAL LAJES CORPORATIVAS FEEDER FII;2025-09-02;INVESTIDORES EM GERAL;BR0PFBCTF000;8761367;N;N;;Outros;Ativa;Determinado;2030-09-02;31/06;S;N;N;S;N;XP INVESTIMENTOS CORRETORA DE CÂMBIO, TÍTULOS E VAL MOB S/A;02332886000104;AVENIDA ATAULFO DE PAIVA;153;5º e 8º andares;LEBLON;RIO DE JANEIRO;RJ;22440-033;(11) 3027-2237;;;www.xpi.com.br;adm.fundos.estruturados@xpi.com.br
Classe;62.529.006/0001-08;2026-01-01;1;2026-02-13;METROPOLITANO BETIM FII - RESP LTDA;2025-10-09;INVESTIDOR PROFISSIONAL;BR0PL0CTF008;175387.00000001;N;N;;Logística;Ativa;Indeterminado;;31/12;N;N;S;N;N;OLIVEIRA TRUST DTVM S.A.;36113876000191;Av. das Américas;3434;Bl. 7 Grupo 201;Barra da Tijuca;Rio de Janeiro;RJ;22640-102;(21) 3514-0000;;;www.oliveiratrust.com.br;ger2.fundos@oliveiratrust.com.br
Classe;62.547.973/0001-00;2026-01-01;1;2026-02-13;CAPITAL GRID FUNDO DE INVESTIMENTO IMOBILIÁRIO RESP LTDA;2025-12-15;INVESTIDOR PROFISSIONAL;1;3182.95212176;N;N;;Multicategoria;Ativa;Indeterminado;;31/12;N;S;N;N;S;DILLON S/A DTVM;33851064000155;RUA DA ASSEMBLEIA;35;;CENTRO;RIO DE JANEIRO;RJ;20011001;2125178022;;;www.dillon.com.br;lucasdelmas@Dillon.com.br
Classe;62.572.251/0001-06;2026-01-01;1;2026-02-09;FUNDO DE INVESTIMENTO IMOBILIÁRIO AMANDA;2025-09-04;INVESTIDOR PROFISSIONAL;0;20;N;N;;Outros;Ativa;Indeterminado;;31/12;N;N;S;N;N;SEFER INVESTIMENTOS DTVM LTDA;00329598000167;AV BRIGADEIRO FARIA LIMA;3900;6º ANDAR;ITAIM BIBI;SÃO PAULO;SP;01451-000;11 3113-0060;;;www.seferinvestimentos.com.br;informeslegais@seferinvestimentos.com.br
Classe;62.572.288/0001-26;2026-01-01;1;2026-02-06;FUNDO DE INVESTIMENTO IMOBILIARIO MARIAH;2025-09-04;INVESTIDOR PROFISSIONAL;0;200;N;N;;Outros;Ativa;Indeterminado;;31/12;N;N;S;N;N;SEFER INVESTIMENTOS DTVM LTDA;00329598000167;AV BRIGADEIRO FARIA LIMA;3900;6º ANDAR;ITAIM BIBI;SÃO PAULO;SP;01451-000;11 3113-0060;;;www.seferinvestimentos.com.br;informeslegais@seferinvestimentos.com.br
Classe;62.603.652/0001-78;2026-01-01;1;2026-02-12;FII MAUA PLANTA RESP LTDA - CASCA;2025-11-28;INVESTIDOR QUALIFICADO;BR0Q9QCTF008;2053000;N;N;;Outros;Definida;Indeterminado;;30/06;S;N;N;S;N;.BANCO DAYCOVAL S/A;62232889000190;Avenida Paulista;1793;2º Andar;Bela Vista;São Paulo;SP;01311200;0300 111 0500;11 3563-4389;11 3563-4318;www.daycoval.com.br/investimentos/servicos-fiduciarios;informes.regulatorios@bancodaycoval.com.br
Classe;62.662.477/0001-90;2026-01-01;1;2026-02-13;RIO BRAVO FOR YOU FII;2025-09-10;INVESTIDORES EM GERAL;BRRBFYCTF009;969847;N;N;;Residencial;Ativa;Indeterminado;;31/12;S;N;N;S;N;RIO BRAVO INVESTIMENTOS DTVM LTDA;72600026000181;AV. CHEDID JAFET;222;Conjunto 32 - BLOCO B;VILA OLÍMPIA;SÃO PAULO;SP;04551-065;(11) 3509-6600;;;www.riobravo.com.br;fundosimobiliarios@riobravo.com.br
Classe;62.683.216/0001-56;2026-01-01;1;2026-02-12;FII WINGS RENDA IMOBILIÁRIA MASTER;2025-12-18;INVESTIDOR QUALIFICADO;BR0PJZCTF035;3700000;N;N;;Multicategoria;Ativa;Determinado;2030-12-18;30/06;S;S;N;S;S;XP INVESTIMENTOS CORRETORA DE CÂMBIO, TÍTULOS E VAL MOB S/A;02332886000104;AVENIDA ATAULFO DE PAIVA;153;5º e 8º andares;LEBLON;RIO DE JANEIRO;RJ;22440-033;(11) 3027-2237;;;www.xpi.com.br;adm.fundos.estruturados@xpi.com.br
Classe;62.731.360/0001-10;2026-01-01;1;2026-02-12;TRIPLO A RESIDENCIAL FUNDO DE INVESTIMENTO IMOBILIÁRIO;2025-09-15;INVESTIDORES EM GERAL;BR0PJWCTF024;1664396;N;N;;Residencial;Ativa;Determinado;2028-09-15;31/06;S;N;N;S;N;XP INVESTIMENTOS CORRETORA DE CÂMBIO, TÍTULOS E VAL MOB S/A;02332886000104;AVENIDA ATAULFO DE PAIVA;153;5º e 8º andares;LEBLON;RIO DE JANEIRO;RJ;22440-033;(11) 3027-2237;;;www.xpi.com.br;adm.fundos.estruturados@xpi.com.br
Classe;62.736.870/0001-80;2026-01-01;1;2026-02-13;DW FII;2025-09-25;INVESTIDOR PROFISSIONAL;BR0PKTCTF002;155559;N;N;;Outros;Ativa;Indeterminado;;31/12;S;N;N;S;N;BTG PACTUAL SERVICOS FINANCEIROS S/A DTVM;59281253000123;Praia de Botafogo;501;6º Andar;Botafogo;Rio de Janeiro;RJ;22.250-040;55 11 3383-3102;;;www.btgpactual.com;ri.fundoslistados@btgpactual.com
Classe;62.739.410/0001-06;2026-01-01;1;2026-02-12;FII WINGS RENDA IMOBILIÁRIA FEEDER;2025-12-02;INVESTIDORES EM GERAL;BR0PJXCTF014;2775000;N;N;;Multicategoria;Ativa;Determinado;2030-12-02;30/06;S;S;N;S;S;XP INVESTIMENTOS CORRETORA DE CÂMBIO, TÍTULOS E VAL MOB S/A;02332886000104;AVENIDA ATAULFO DE PAIVA;153;5º e 8º andares;LEBLON;RIO DE JANEIRO;RJ;22440-033;(11) 3027-2237;;;www.xpi.com.br;adm.fundos.estruturados@xpi.com.br
Classe;62.754.323/0001-28;2026-01-01;1;2026-02-12;SIGA SPECIAL SITUATIONS FUNDO DE INVESTIMENTO IMOB S3FII;2025-12-04;INVESTIDOR QUALIFICADO;BR0R8XCTF005;375000;N;N;;Multicategoria;Ativa;Indeterminado;;12/25;S;S;N;S;N;LASTRO RDV DTVM;71590442000183;Rua Julio Mesquita;743;;Centro;Araras;SP;13600061;35433403;;;www.lastro.com.br;adm.fiduciario@lastro.com.br
Classe;62.805.438/0001-02;2026-01-01;1;2026-02-19;EURO X  FII - RESPONSABIIDADE LIMITADA;2025-12-26;INVESTIDOR PROFISSIONAL;1;1;N;N;;Multicategoria;Ativa;Indeterminado;;31/12;N;S;N;N;S;DILLON S/A DTVM;33851064000155;RUA DA ASSEMBLEIA;35;;CENTRO;RIO DE JANEIRO;RJ;20011001;2125178022;;;www.dillon.com.br;lucasdelmas@Dillon.com.br
Classe;62.808.826/0001-39;2026-01-01;1;2026-02-13;BRM MCASA MVIDA FII;2025-11-28;INVESTIDOR QUALIFICADO;BRMCMVR03M11;300060;N;N;;Outros;Ativa;Determinado;2030-09-18;30/06;S;N;N;S;N;BTG PACTUAL SERVICOS FINANCEIROS S/A DTVM;59281253000123;Praia de Botafogo;501;6º Andar;Botafogo;Rio de Janeiro;RJ;22.250-040;55 11 3383-3102;;;www.btgpactual.com;ri.fundoslistados@btgpactual.com
Classe;62.811.491/0001-08;2026-01-01;1;2026-02-12;LCP LOTES FUNDO DE INVESTIMENTO IMOBILIA;2025-09-25;INVESTIDOR PROFISSIONAL;BR0PO5CTF004;6939200;N;N;;Residencial;Ativa;Indeterminado;;30/06;N;N;S;N;N;VÓRTX DTVM LTDA;22610500000188;Rua Gilberto Sabino;215;4º ANDAR;Pinheiros;São Paulo;SP;5425020;11 3030-7177;;;www.vortx.com.br;fundos@vortx.com.br
Classe;62.855.536/0001-46;2026-01-01;1;2026-02-13;LOTUS TOWER II FII;2025-10-17;INVESTIDOR QUALIFICADO;BR0PP2CTF000;395110;N;N;;Escritórios;Definida;Indeterminado;;30/06;N;N;N;N;N;BTG PACTUAL SERVICOS FINANCEIROS S/A DTVM;59281253000123;Praia de Botafogo;501;6º Andar;Botafogo;Rio de Janeiro;RJ;22.250-040;55 11 3383-3102;;;www.btgpactual.com;ri.fundoslistados@btgpactual.com
Classe;62.864.543/0001-04;2026-01-01;1;2026-02-13;FII UBERLAND;2026-01-26;INVESTIDOR PROFISSIONAL;BR0PP3CTF008;6680.5145;N;N;;Logística;Ativa;Determinado;2033-01-26;30/06;N;N;S;S;N;VÓRTX DTVM LTDA;22610500000188;Rua Gilberto Sabino;215;4º ANDAR;Pinheiros;São Paulo;SP;5425020;11 3030-7177;;;www.vortx.com.br;fundos@vortx.com.br
Classe;62.883.138/0001-33;2026-01-01;1;2026-02-12;BGR GALPÕES LOGÍSTICOS I FEEDER FII;2025-11-26;INVESTIDORES EM GERAL;BR0PVPCTF015;2532000;N;N;;Logística;Ativa;Determinado;2030-11-26;30/06;S;S;N;S;N;XP INVESTIMENTOS CORRETORA DE CÂMBIO, TÍTULOS E VAL MOB S/A;02332886000104;AVENIDA ATAULFO DE PAIVA;153;5º e 8º andares;LEBLON;RIO DE JANEIRO;RJ;22440-033;(11) 3027-2237;;;www.xpi.com.br;adm.fundos.estruturados@xpi.com.br
Classe;62.894.743/0001-00;2026-01-01;1;2026-02-06;ITAPEMA FUNDO DE INVESTIMENTO IMOBILIARIO;2025-11-03;INVESTIDOR PROFISSIONAL;0;1212349.54980515;S;N;;Outros;Ativa;Indeterminado;;31/12;N;N;S;N;N;SEFER INVESTIMENTOS DTVM LTDA;00329678000167;AV BRIGADEIRO FARIA LIMA;3900;CJ 601;ITAIM BIBI;SÃO PAULO;SP;04538-132;1131130060;;;www.seferinvestimentos.com.br;informeslegais@seferinvestimentos.com.br
Classe;62.935.643/0001-84;2026-01-01;1;2026-02-13;ASA REAL ESTATE FUNDO DE INVESTIMENTO IMOBILIÁRIO- FII;2025-09-30;INVESTIDOR PROFISSIONAL;;2180200;S;N;;Multicategoria;Ativa;Indeterminado;;30/06;N;N;S;N;N;SINGULARE CORRETORA DE TITULOS E VALORES MOBILIARIOS S.A;62285390000140;AVENIDA REBOUÇAS;2942;7º AO 12º ANDAR;PINHEIROS;SÃO PAULO;SP;05402-500;(11) 2827-3500;;;https://qitech.com.br/dtvm/;fii.adm@qitech.com.br
Classe;62.950.991/0001-20;2026-01-01;1;2026-02-13;JS RENDA IMOBILIARIA FI IMOBILIARIO RESP LIMITADA;2025-12-16;INVESTIDORES EM GERAL;BR0Q8XCTF014;9999075.859405;N;N;;Multicategoria;Ativa;Determinado;2032-12-16;31/12;N;S;N;N;S;BANCO J SAFRA S.A;03017677000120;AV PAULISTA;2150;;BELA VISTA;SÃO PAULO;SP;01311-300;0300 105 1234;0800 772 5755;;https://www.safra.com.br/safra-asset/fundo-imobiliario/js-renda-ativa.htm;SAFRA.ASSET@SAFRA.COM.BR
Classe;62.951.756/0001-73;2026-01-01;1;2026-02-12;GALAPAGOS SP SURF FUNDO DE INVESTIMENTO;2025-10-15;INVESTIDOR PROFISSIONAL;BRGSRFCTF034;627751;N;N;;Residencial;Ativa;Determinado;2027-10-15;30/06;S;N;N;S;N;VÓRTX DTVM LTDA;22610500000188;Rua Gilberto Sabino;215;4º ANDAR;Pinheiros;São Paulo;SP;5425020;11 3030-7177;;;www.vortx.com.br;fundos@vortx.com.br
Classe;62.952.567/0001-15;2026-01-01;1;2026-02-13;HEDGE FUND ZETA FII;2025-10-07;INVESTIDOR PROFISSIONAL;BR0Q5CCTF006;6105945;N;N;;Outros;Ativa;Indeterminado;;30/06;S;N;N;S;N;BTG PACTUAL SERVICOS FINANCEIROS S/A DTVM;59281253000123;Praia de Botafogo;501;6º Andar;Botafogo;Rio de Janeiro;RJ;22.250-040;55 11 3383-3102;;;www.btgpactual.com;ri.fundoslistados@btgpactual.com
Classe;62.959.750/0001-42;2026-01-01;1;2026-02-08;BRIO MULTIFAMILY FUNDO DE INVESTIMENTO IMOBILIÁRIO RESP LIM;2025-10-30;INVESTIDOR QUALIFICADO;BR0Q1RCTF003;1159297.12518906;N;N;;Residencial;Ativa;Indeterminado;;30/06;N;S;N;N;S;HEMERA DISTRIBUIDORA DE TITULOS E VALORES MOBILIARIOS LTDA;39669186000101;AV. AGUA VERDE;1413;CJ 801;AGUA VERDE;CURITIBA;PR;80620-200;+55 (41) 3122-7300;;;https://hemeradtvm.com.br/;atendimentocvm@hemeradtvm.com.br
Classe;62.959.750/0001-42;2026-02-01;1;2026-03-05;BRIO MULTIFAMILY FUNDO DE INVESTIMENTO IMOBILIÁRIO RESP LIM;2025-10-30;INVESTIDOR QUALIFICADO;BR0Q1RCTF003;1159297.12518906;N;N;;Residencial;Ativa;Indeterminado;;30/06;N;S;N;N;S;HEMERA DISTRIBUIDORA DE TITULOS E VALORES MOBILIARIOS LTDA;39669186000101;AV. AGUA VERDE;1413;CJ 801;AGUA VERDE;CURITIBA;PR;80620-200;+55 (41) 3122-7300;;;https://hemeradtvm.com.br/;atendimentocvm@hemeradtvm.com.br
Classe;62.962.772/0001-61;2026-01-01;1;2026-02-09;FII RBC II FUNDO DE FUNDOS RESP LIMITADA;2025-10-31;INVESTIDORES EM GERAL;BRFRBCCTF005;310957.00000392;N;N;;Outros;Ativa;Indeterminado;;31/12;N;N;S;N;N;BRL TRUST DTVM S.A.;13486793000142;Rua Alves Guimarães;1216;;Pinheiros;São Paulo;SP;05410-002;(11) 3509-0600;;;www.apexgroup.com/apex-brazil/;infolegal@apexgroup.com
Classe;62.992.889/0001-98;2026-01-01;2;2026-02-26;RIZA MALLS MAST FII;2025-10-06;INVESTIDOR PROFISSIONAL;BR0PRQCTF011;11914710;N;N;;Multicategoria;Ativa;Determinado;2030-10-06;31/12;S;N;N;S;N;BTG PACTUAL SERVICOS FINANCEIROS S/A DTVM;59281253000123;Praia de Botafogo;501;6º Andar;Botafogo;Rio de Janeiro;RJ;22.250-040;55 11 3383-3102;;;www.btgpactual.com;ri.fundoslistados@btgpactual.com
Classe;62.995.191/0001-26;2026-01-01;1;2026-02-12;BGR GALPÕES LOGÍSTICOS I MASTER FII;2025-11-28;INVESTIDOR PROFISSIONAL;BR0PVQCTF005;3165000;N;N;;Multicategoria;Ativa;Indeterminado;2025-11-28;30/06;S;S;N;S;S;XP INVESTIMENTOS CORRETORA DE CÂMBIO, TÍTULOS E VAL MOB S/A;02332886000104;AVENIDA ATAULFO DE PAIVA;153;5º e 8º andares;LEBLON;RIO DE JANEIRO;RJ;22440-033;(11) 3027-2237;;;www.xpi.com.br;adm.fundos.estruturados@xpi.com.br
Classe;62.995.712/0001-45;2026-01-01;1;2026-02-12;FUNDO DE INVESTIMENTO IMOBILIÁRIO RIZA MALLS FEEDER;2025-10-01;INVESTIDORES EM GERAL;BR0PRPCTF005;10000000;N;N;;Multicategoria;Ativa;Determinado;2030-10-01;31/12;S;S;N;S;N;XP INVESTIMENTOS CORRETORA DE CÂMBIO, TÍTULOS E VAL MOB S/A;02332886000104;AVENIDA ATAULFO DE PAIVA;153;5º e 8º andares;LEBLON;RIO DE JANEIRO;RJ;22440-033;(11) 3027-2237;;;www.xpi.com.br;adm.fundos.estruturados@xpi.com.br
Classe;63.009.499/0001-18;2026-01-01;1;2026-02-10;TIVIO OPPORTUNITIES IPCA FII;2025-11-19;INVESTIDORES EM GERAL;BRTVOICTF008;3000000;N;N;;Multicategoria;Definida;Determinado;2030-11-19;31/12;S;N;N;S;N;BEM DTVM LTDA;00066670000100;Núcleo Cidade de Deus;S/N;Prédio Prata - 4º Andar;Vila Yara;Osasco;SP;06029-900;(11) 3684-4522;;;www.bradescobemdtvm.com.br;bemdtvm@bradesco.com.br
Classe;63.032.672/0001-07;2026-01-01;1;2026-02-13;J SAFRA FII RL;2025-10-27;INVESTIDOR QUALIFICADO;BR0PZRCTF004;1131937;N;N;;Outros;Ativa;Determinado;2032-10-10;31/12;S;N;N;S;N;BTG PACTUAL SERVICOS FINANCEIROS S/A DTVM;59281253000123;Praia de Botafogo;501;6º Andar;Botafogo;Rio de Janeiro;RJ;22.250-040;55 11 3383-3102;;;www.btgpactual.com;ri.fundoslistados@btgpactual.com
Classe;63.034.061/0001-90;2026-01-01;1;2026-02-13;ARKAN ALPHA MULTIESTRATEGIA FII;2025-10-21;INVESTIDOR PROFISSIONAL;BR0PV4CTF008;1280627.0288;N;N;;Multicategoria;Ativa;Indeterminado;;30/06;N;N;S;N;N;VÓRTX DTVM LTDA;22610500000188;Rua Gilberto Sabino;215;4º ANDAR;Pinheiros;São Paulo;SP;5425020;11 3030-7177;;;www.vortx.com.br;fundos@vortx.com.br
Classe;63.034.711/0001-05;2026-01-01;1;2026-02-13;CL SP POLITÉCNICA - FUNDO DE INVESTIMENTO IMOBILIÁRIO;2025-10-03;INVESTIDOR PROFISSIONAL;;331233.4304;S;N;;Logística;Definida;Indeterminado;;30/06;N;N;S;N;N;SINGULARE CORRETORA DE TITULOS E VALORES MOBILIARIOS S.A;62285390000140;AVENIDA REBOUÇAS;2942;7º AO 12º ANDAR;PINHEIROS;SÃO PAULO;SP;05402-500;(11) 2827-3500;;;https://qitech.com.br/dtvm/;fii.adm@qitech.com.br
Classe;63.051.078/0001-55;2026-01-01;1;2026-02-12;RB MULTIESTRATÉGIA IMOBILIÁRIA FII RESPONSABILIDADE LIMITADA;2026-01-27;INVESTIDORES EM GERAL;BRREMECTF001;80000;N;N;;Outros;Ativa;Indeterminado;;31/12;S;S;N;S;N;BRL TRUST DTVM S.A.;13486793000142;Rua Alves Guimarães;1216;;Pinheiros;São Paulo;SP;05410-002;(11) 3509-0600;;;www.apexgroup.com/apex-brazil/;infolegal@apexgroup.com
Classe;63.104.203/0001-48;2026-01-01;1;2026-02-12;BRASOL RENDA IMOBILIÁRIA SOLAR II FII;2025-11-12;INVESTIDORES EM GERAL;BR0PW3CTF009;18629097;N;N;;Multicategoria;Ativa;Indeterminado;2030-11-12;31/12;S;S;N;S;S;XP INVESTIMENTOS CORRETORA DE CÂMBIO, TÍTULOS E VAL MOB S/A;02332886000104;AVENIDA ATAULFO DE PAIVA;153;5º e 8º andares;LEBLON;RIO DE JANEIRO;RJ;22440-033;(11) 3027-2237;;;www.xpi.com.br;adm.fundos.estruturados@xpi.com.br
Classe;63.105.082/0001-59;2026-01-01;2;2026-02-11;BTS SERENA FUNDO DE INVESTIMENTO IMOBILI;2025-12-23;INVESTIDOR QUALIFICADO;BR0PZ2CTF008;124282;N;N;;Outros;Definida;Indeterminado;;;N;N;S;N;N;INTER DTVM LTDA.;18945670000146;AV BARBACENA;1219;21º ANDAR;SANTO AGOSTINHO;Belo Horizonte;MG;30190131;(31) 3614-5332;;;http://www.bancointer.com.br/inter-dtvm;ri.fii@interdtvm.com.br
Classe;63.134.454/0001-75;2026-01-01;1;2026-02-17;LIQUIDEZ PROJETOS GD FI IMOBILIÁRIO RESP LIMITADA;2025-11-26;INVESTIDOR PROFISSIONAL;BRTRXFCTF003;228742505.2;N;N;;Multicategoria;Ativa;Indeterminado;;30/06;S;S;N;S;N;ID CORRETORA DE TITULOS E VALORES MOBILIARIOS S.A.;16695922000109;AV PRES JUSCELINO KUBITSCHEK;1726;19 ANDAR;VILA NOVA CONCEICAO;SÃO PAULO;SP;04543000;11 4637 6633;;;WWW.IDSF.COM.BR;administracao@idsf.com.br
Classe;63.168.672/0001-20;2026-01-01;1;2026-02-02;TZI ÁGATA FII;2025-10-13;INVESTIDOR PROFISSIONAL;BR0PZLCTF015;30;S;N;;Outros;Ativa;Indeterminado;;30/06;N;N;S;N;N;MONETAR DTVM;12063256000127;Rua Joaquim Floriano, nº 100, 18º andar, Itaim Bibi, SP, CEP 4534000;100;18;ITAIM BIBI;SÃO PAULO;SP;4534000;(011) 3165-6000;;;www.terrainvestimentos.com.br;admfundos@terrainvestimentos.com.br
Classe;63.168.672/0001-20;2026-02-01;1;2026-03-03;TZI ÁGATA FII;2025-10-13;INVESTIDOR PROFISSIONAL;BR0PZLCTF015;30;S;N;;Outros;Ativa;Indeterminado;;30/06;N;N;S;N;N;MONETAR DTVM;12063256000127;Rua Joaquim Floriano, nº 100, 18º andar, Itaim Bibi, SP, CEP 4534000;100;18;ITAIM BIBI;SÃO PAULO;SP;4534000;(011) 3165-6000;;;www.terrainvestimentos.com.br;admfundos@terrainvestimentos.com.br
Classe;63.225.091/0001-83;2026-01-01;1;2026-02-12;PATRIA OPORTUNIDADES IMOBILIÁRIAS FEEDER FII;2025-12-05;INVESTIDOR QUALIFICADO;BR0Q2MCTF002;369300;N;N;;Multicategoria;Definida;Determinado;2031-12-05;31/12;S;S;N;S;S;XP INVESTIMENTOS CORRETORA DE CÂMBIO, TÍTULOS E VAL MOB S/A;02332886000104;AVENIDA ATAULFO DE PAIVA;153;5º e 8º andares;LEBLON;RIO DE JANEIRO;RJ;22440-033;(11) 3027-2237;;;www.xpi.com.br;adm.fundos.estruturados@xpi.com.br
Classe;63.240.822/0001-60;2026-01-01;2;2026-02-26;RIZA ATRIA FII;2025-11-28;INVESTIDOR PROFISSIONAL;BR0R5LCTF006;11470415;N;N;;Multicategoria;Ativa;Determinado;2030-11-28;31/12;S;N;N;S;N;BTG PACTUAL SERVICOS FINANCEIROS S/A DTVM;59281253000123;Praia de Botafogo;501;6º Andar;Botafogo;Rio de Janeiro;RJ;22.250-040;55 11 3383-3102;;;www.btgpactual.com;ri.fundoslistados@btgpactual.com
Classe;63.249.022/0001-00;2026-01-01;1;2026-02-13;ALIANÇA LOG FUNDO DE INVESTIMENTO IMOBILIÁRIO RESP LIMITADA;2025-12-26;INVESTIDOR PROFISSIONAL;BR0QY0CTF002;10000;N;N;;Multicategoria;Ativa;Indeterminado;;30/06;S;S;N;S;S;ID CORRETORA DE TITULOS E VALORES MOBILIARIOS S.A.;16695922000109;AV PRES JUSCELINO KUBITSCHEK;1726;19 ANDAR;VILA NOVA CONCEICAO;SÃO PAULO;SP;04543000;11 4637 6633;;;WWW.IDSF.COM.BR;administracao@idsf.com.br
Classe;63.266.685/0001-32;2026-01-01;1;2026-02-13;BRASIL TIMBERLAND PARANA FII RESPONSABILIDADE LIMITADA;2025-11-28;INVESTIDOR PROFISSIONAL;BR0IWXCTF004;303000;N;N;;Outros;Definida;Indeterminado;;31/12;N;N;S;N;N;OLIVEIRA TRUST DTVM S.A.;36113876000191;Av. das Américas;3434;Bl. 7 Grupo 201;Barra da Tijuca;Rio de Janeiro;RJ;22640-102;(21) 3514-0000;;;www.oliveiratrust.com.br;ger2.fundos@oliveiratrust.com.br
Classe;63.279.000/0001-92;2026-01-01;1;2026-02-12;LCP SPECIAL OPPORTUNITIES II;2025-11-12;INVESTIDOR PROFISSIONAL;;9936794.899;N;N;;Multicategoria;Ativa;Indeterminado;;30/06;N;N;S;N;N;VÓRTX DTVM LTDA;22610500000188;Rua Gilberto Sabino;215;4º ANDAR;Pinheiros;São Paulo;SP;5425020;11 3030-7177;;;www.vortx.com.br;fundos@vortx.com.br
Classe;63.279.539/0001-41;2026-01-01;1;2026-02-10;EQR RETROFIT FUNDO DE INVESTIMENTO IMOBILIÁRIO;2025-10-20;INVESTIDOR PROFISSIONAL;BR0Q2YCTF007;1238.33187439;S;N;;Outros;Ativa;Indeterminado;;31/05;N;N;S;N;N;PLANNER CORRETORA DE VALORES S.A.;00806535000154;Avenida Brigadeiro Faria Lima;3900;10º andar;Itaim Bibi;São Paulo;SP;04538132;(11) 2172-2600;0800 179 444;(11) 2172-2667;www.planner.com.br;inforegulatorio@planner.com.br
Classe;63.286.011/0001-08;2026-01-01;1;2026-02-05;FII OCTOPUS - CLASSE ÚNICA;2024-12-23;INVESTIDOR PROFISSIONAL;;46100;N;N;;Outros;Ativa;Indeterminado;;31/12;N;S;N;N;S;FIDD DISTRIBUIDORA DE TITULOS E VALORES MOBILIARIOS LTDA;37678915000160;RUA CARDEAL ARCOVERDE;2450;4º ANDAR;Pinheiros;São Paulo;SP;05408-003;(11) 2391-4182;;;www.fiddgroup.com;fidd-monitoramento.adm@fiddgroup.com
Classe;63.320.393/0001-30;2026-01-01;2;2026-02-17;TERRAS PAULISTAS FI IMOBILIÁRIO DE PERMUTAS RESP LIMITADA;2025-12-29;INVESTIDOR QUALIFICADO;BRTRPLCTF007;10000000;N;N;;Multicategoria;Ativa;Indeterminado;;31/12;S;S;N;S;N;ID CORRETORA DE TITULOS E VALORES MOBILIARIOS S.A.;16695922000109;AV PRES JUSCELINO KUBITSCHEK;1726;19 ANDAR;VILA NOVA CONCEICAO;SÃO PAULO;SP;04543000;11 4637 6633;;;WWW.IDSF.COM.BR;administracao@idsf.com.br
Classe;63.327.294/0001-80;2026-01-01;1;2026-02-11;RAMAL FII DE RESPONSABILIDADE LTDA;2025-01-10;INVESTIDOR QUALIFICADO;0;60656;N;N;;Multicategoria;Ativa;Indeterminado;;31/12;N;N;S;N;N;BR-CAPITAL DIST. DE TÍTULOS E VALORES MOBILIÁRIOS S/A;44077014000189;RUA SURUBIM;577;CONJ. 101;CIDADE MONÇÕES;SÃO PAULO;SP;04571-050;(11) 5508-3500;;;www.brcapital.com.br;fundos@brcapital.com.br
Classe;63.360.692/0001-07;2026-01-01;1;2026-02-12;HEDGE 3354 FII DE RESP LTDA;2025-11-14;INVESTIDOR PROFISSIONAL;BR0QBTCTF009;258000;N;N;;Escritórios;Definida;Indeterminado;;30/06;S;N;N;S;N;HEDGE INVESTMENTS DTVM LTDA;07253654000176;AVENIDA BRIGADEIRO FARIA LIMA;3600;11º ANDAR CJ 112;ITAIM BIBI;SÃO PAULO;SP;04538-132;(11) 5412-5400;;;www.hedgeinvest.com.br;dtvm@hedgeinvest.com.br
Classe;63.375.304/0001-53;2026-01-01;1;2026-02-13;AD SHOPPING FII RESP LIMITADA;2025-11-24;INVESTIDORES EM GERAL;BRADSHCTF009;18200000;N;N;;Multicategoria;Ativa;Indeterminado;;31/12;S;N;N;S;N;OLIVEIRA TRUST DTVM S.A.;36113876000191;Av. das Américas;3434;Bl. 7 Grupo 201;Barra da Tijuca;Rio de Janeiro;RJ;22640-102;(21) 3514-0000;;;www.oliveiratrust.com.br;ger2.fundos@oliveiratrust.com.br
Classe;63.416.131/0001-74;2026-01-01;1;2026-02-13;TREVISO RESIDENCIAL FII RESP LIMITADA;2025-11-14;INVESTIDOR PROFISSIONAL;BR0QBBCTF023;184244;N;N;;Multicategoria;Ativa;Determinado;2027-11-14;31/12;S;N;N;S;N;VÓRTX DTVM LTDA;22610500000188;Rua Gilberto Sabino;215;4º ANDAR;Pinheiros;São Paulo;SP;5425020;11 3030-7177;;;www.vortx.com.br;fundos@vortx.com.br
Classe;63.420.458/0001-10;2026-01-01;1;2026-02-10;TIVIO OPPORTUNITIES MASTER FII;2025-12-04;INVESTIDOR QUALIFICADO;BRTIOMCTF007;4000000;N;N;;Multicategoria;Definida;Indeterminado;;31/12;S;N;N;S;N;BEM DTVM LTDA;00066670000100;Núcleo Cidade de Deus;S/N;Prédio Prata - 4º Andar;Vila Yara;Osasco;SP;06029-900;(11) 3684-4522;;;www.bradescobemdtvm.com.br;bemdtvm@bradesco.com.br
Classe;63.429.256/0001-39;2026-01-01;1;2026-02-12;LCP SPECIAL OPPORTUNITIES III;2025-11-11;INVESTIDOR PROFISSIONAL;BRLSOPCTF006;6295231.6873;N;N;;Multicategoria;Ativa;Indeterminado;;30/06;S;N;N;S;N;VÓRTX DTVM LTDA;22610500000188;Rua Gilberto Sabino;215;4º ANDAR;Pinheiros;São Paulo;SP;5425020;11 3030-7177;;;www.vortx.com.br;fundos@vortx.com.br
Classe;63.441.263/0001-56;2026-01-01;1;2026-02-13;MANATI FII;2025-12-05;INVESTIDOR QUALIFICADO;BR0Q6ICTF001;1442940;N;N;;Multicategoria;Ativa;Determinado;2030-10-31;29/06;S;N;N;S;N;BTG PACTUAL SERVICOS FINANCEIROS S/A DTVM;59281253000123;Praia de Botafogo;501;6º Andar;Botafogo;Rio de Janeiro;RJ;22.250-040;55 11 3383-3102;;;www.btgpactual.com;ri.fundoslistados@btgpactual.com
Classe;63.460.267/0001-81;2026-01-01;1;2026-02-12;NAMOR FUNDO DE INVESTIMENTO IMOBILIÁRIO;2025-12-18;INVESTIDOR PROFISSIONAL;;8070;N;N;;Outros;Ativa;Indeterminado;;31/12;N;N;S;N;N;BARU DISTRIBUIDORA DE TITULOS E VALORES MOBILIARIOS LTDA;58006471000197;Av. Carlos Gomes;1601;;Boa Vista;Porto Alegre;RS;90480000;1142102334;;;www.barudtvm.com;marcelo.varejao@buritiinvestimentos.com.br
Classe;63.460.267/0001-81;2026-02-01;1;2026-03-06;NAMOR FUNDO DE INVESTIMENTO IMOBILIÁRIO;2025-12-18;INVESTIDOR PROFISSIONAL;;8070;N;N;;Outros;Definida;Indeterminado;;31/12;N;N;S;N;N;BARU DISTRIBUIDORA DE TÍTULOS E VALORES MOBILIÁRIOS LTDA.;58006471000197;Av. Carlos Gomes;1601;;Boa Vista;Porto Alegre;RS;90480000;1142102334;;;www.barudtvm.com;marcelo.varejao@buritiinvestimentos.com.br
Classe;63.461.382/0001-70;2026-01-01;1;2026-02-13;CLASSE B DO VBI ULIVING MULTICLASSE FII RESP LIMITADA;2025-11-28;INVESTIDOR PROFISSIONAL;;1240000;N;N;;Residencial;Ativa;Indeterminado;;31/12;N;N;S;N;N;BRL TRUST DTVM S.A.;13486793000142;Rua Alves Guimarães;1216;;Pinheiros;São Paulo;SP;05410-002;(11) 3509-0600;;;www.apexgroup.com/apex-brazil/;infolegal@apexgroup.com
Classe;63.492.653/0001-55;2026-01-01;1;2026-02-12;PERMUTA RESIDENCIAL FUNDO DE INVESTIMENT;2025-11-28;INVESTIDOR PROFISSIONAL;BR0QHTCTF006;394163;N;N;;Multicategoria;Ativa;Determinado;2030-11-01;30/06;S;N;N;N;N;VÓRTX DTVM LTDA;22610500000188;Rua Gilberto Sabino;215;4º ANDAR;Pinheiros;São Paulo;SP;5425020;11 3030-7177;;;www.vortx.com.br;fundos@vortx.com.br
Classe;63.496.639/0001-20;2026-01-01;1;2026-02-12;VALORA CRI PRÉ I FEEDER FUNDO DE INVESTIMENTO IMOBILIÁRIO RL;2025-12-02;INVESTIDORES EM GERAL;BR0QBFCTF016;5623589;N;N;;Multicategoria;Ativa;Determinado;2030-12-02;30/06;S;S;N;S;S;XP INVESTIMENTOS CORRETORA DE CÂMBIO, TÍTULOS E VAL MOB S/A;02332886000104;AVENIDA ATAULFO DE PAIVA;153;5º e 8º andares;LEBLON;RIO DE JANEIRO;RJ;22440-033;(11) 3027-2237;;;www.xpi.com.br;adm.fundos.estruturados@xpi.com.br
Classe;63.505.786/0001-19;2026-01-01;1;2026-02-12;H3 LEGACY FUNDO DE INVESTIMENTO IMOBILIARIO;2025-12-18;INVESTIDOR QUALIFICADO;BR0QVQCTF003;9900;N;N;;Multicategoria;Ativa;Indeterminado;2030-12-18;31/12;S;S;N;S;S;XP INVESTIMENTOS CORRETORA DE CÂMBIO, TÍTULOS E VAL MOB S/A;02332886000104;AVENIDA ATAULFO DE PAIVA;153;5º e 8º andares;LEBLON;RIO DE JANEIRO;RJ;22440-033;(11) 3027-2237;;;www.xpi.com.br;adm.fundos.estruturados@xpi.com.br
Classe;63.566.516/0001-18;2026-01-01;1;2026-02-12;CLASSE III DO RJDI FUNDO DE INVESTIMENTO IMOBILIÁRIO;2025-08-15;INVESTIDOR QUALIFICADO;;20000;N;N;;Outros;Ativa;Indeterminado;;30/06;N;N;S;N;N;BANCO GENIAL S.A.;45246410000155;Praia de Botafogo;228;9 andar;Botafogo;Rio de Janeiro;RJ;22250-906;(11) 3524-8888;(11) 2137-8888;0800 605 888;https://www.genialinvestimentos.com.br/;middleadm@genial.com.vc
Classe;63.573.987/0001-53;2026-01-01;1;2026-02-13;OCCASIO FII RL;2025-11-28;INVESTIDOR PROFISSIONAL;BR0R5JCTF059;102864;N;N;;Multicategoria;Ativa;Determinado;2030-11-12;31/12;S;N;N;S;N;BTG PACTUAL SERVICOS FINANCEIROS S/A DTVM;59281253000123;Praia de Botafogo;501;6º Andar;Botafogo;Rio de Janeiro;RJ;22.250-040;55 11 3383-3102;;;www.btgpactual.com;ri.fundoslistados@btgpactual.com
Classe;63.574.240/0001-10;2026-01-01;2;2026-02-25;HEBROM FUNDO DE INVESTIMENTO IMOBILIÁRIO RESP LIMITADA;2025-12-11;INVESTIDOR PROFISSIONAL;;614412.33239466;N;N;;Logística;Definida;Indeterminado;;30/06;N;N;S;N;N;ID CORRETORA DE TITULOS E VALORES MOBILIARIOS S.A.;16695922000109;AV PRES JUSCELINO KUBITSCHEK;1726;19 ANDAR;VILA NOVA CONCEICAO;SÃO PAULO;SP;04543000;11 4637 6633;;;WWW.IDSF.COM.BR;administracao@idsf.com.br
Classe;63.574.892/0001-54;2026-01-01;1;2026-02-12;RIZA ESTIA FII RESPONSABILIDADE LIMITADA;2025-11-07;INVESTIDOR PROFISSIONAL;;352120;S;N;;Outros;Ativa;Indeterminado;;30/06;N;N;S;N;N;GENIAL INVESTIMENTOS CORRETORA DE VALORES MOBILIÁRIOS S.A.;27652684000162;Praia de Botafogo;228;9 andar;Botafogo;Rio de Janeiro;RJ;22250-906;(11) 3524-8888;(11) 2137-8888;0800 605 888;https://www.genialinvestimentos.com.br/;middleadm@genial.com.vc
Classe;63.601.980/0001-06;2026-01-01;2;2026-02-13;CORPORATE SPRJ  FII RESP LIMIT;2025-11-25;INVESTIDORES EM GERAL;BR0QCYCTF007;361527;N;N;;Outros;Ativa;Indeterminado;;30/06;S;S;N;S;S;XP INVESTIMENTOS CORRETORA DE CÂMBIO, TÍTULOS E VAL MOB S/A;02332886000104;AVENIDA ATAULFO DE PAIVA;153;5º e 8º andares;LEBLON;RIO DE JANEIRO;RJ;22440-033;(11) 3027-2237;;;www.xpi.com.br;adm.fundos.estruturados@xpi.com.br
Classe;63.602.404/0001-75;2026-01-01;1;2026-02-11;ILHA DO SOL FII RESPONSABILIDADE LIMITADA;2025-12-19;INVESTIDOR QUALIFICADO;0;260972.03;S;N;;Outros;Ativa;Indeterminado;;31/12;N;S;N;N;S;OSLO CAPITAL DTVM;13673855000125;Rua Dr. Eduardo de Souza Aranha;153;4º andar;Itaim Bibi;São Paulo;SP;04543-120;113513-3144;;;www.oslodtvm.com;admfundos@oslodtvm.com
Classe;63.616.278/0001-08;2026-01-01;1;2026-02-13;GUARDIAN STRATEGY FII - RL;2025-12-23;INVESTIDOR PROFISSIONAL;BR0QYOCTF002;9800000;N;N;;Outros;Ativa;Indeterminado;;30/06;S;N;N;S;N;.BANCO DAYCOVAL S/A;62232889000190;AV PAULISTA 1793;200;2º Andar;BELA VISTA;SAo Paulo;SP;01311;0300 111 0500;11 3563-4389;11 3563-4318;www.daycoval.com.br/investimentos/servicos-fiduciarios;informes.regulatorios@bancodaycoval.com.br
Classe;63.616.390/0001-49;2026-01-01;1;2026-02-12;REBOUÇAS CORPORATE FII - SUBORDINADA;2026-01-29;INVESTIDOR PROFISSIONAL;BR0R7ECTF015;12869000;N;N;;Outros;Ativa;Determinado;2041-07-01;31/12;S;N;N;S;N;.BANCO DAYCOVAL S/A;62232889000190;Avenida Paulista;1793;2º Andar;Bela Vista;São Paulo;SP;01311200;0300 111 0500;11 3563-4389;11 3563-4318;www.daycoval.com.br/investimentos/servicos-fiduciarios;informes.regulatorios@bancodaycoval.com.br
Classe;63.626.722/0001-76;2026-01-01;1;2026-02-12;VALORA CRI PRÉ I MASTER FUNDO DE INVESTIMENTO IMOBILIÁRIO RL;2025-12-02;INVESTIDOR PROFISSIONAL;BR0QC2CTF012;7029487;N;N;;Multicategoria;Ativa;Indeterminado;2030-12-02;30/06;S;S;N;S;N;XP INVESTIMENTOS CORRETORA DE CÂMBIO, TÍTULOS E VAL MOB S/A;02332886000104;AVENIDA ATAULFO DE PAIVA;153;5º e 8º andares;LEBLON;RIO DE JANEIRO;RJ;22440-033;(11) 3027-2237;;;www.xpi.com.br;adm.fundos.estruturados@xpi.com.br
Classe;63.638.368/0001-08;2026-01-01;1;2026-02-12;XP CDI II FUNDO DE INVESTIMENTO IMOBILIÁRIO;2025-11-24;INVESTIDOR QUALIFICADO;BR0QCKCTF006;26839400;N;N;;Multicategoria;Ativa;Indeterminado;;31/12;S;S;N;S;N;XP INVESTIMENTOS CORRETORA DE CÂMBIO, TÍTULOS E VAL MOB S/A;02332886000104;AVENIDA ATAULFO DE PAIVA;153;5º e 8º andares;LEBLON;RIO DE JANEIRO;RJ;22440-033;(11) 3027-2237;;;www.xpi.com.br;adm.fundos.estruturados@xpi.com.br
Classe;63.638.435/0001-86;2026-01-01;1;2026-02-12;XP CDI 96 II FUNDO DE INVESTIMENTO IMOBILIÁRIO;2025-11-24;INVESTIDORES EM GERAL;BR0QCJCTF008;3000000;N;N;;Multicategoria;Ativa;Indeterminado;;31/12;S;S;N;S;S;XP INVESTIMENTOS CORRETORA DE CÂMBIO, TÍTULOS E VAL MOB S/A;02332886000104;AVENIDA ATAULFO DE PAIVA;153;5º e 8º andares;LEBLON;RIO DE JANEIRO;RJ;22440-033;(11) 3027-2237;;;www.xpi.com.br;adm.fundos.estruturados@xpi.com.br
Classe;63.638.500/0001-73;2026-01-01;1;2026-02-12;XP CDI 98 II FUNDO DE INVESTIMENTO IMOBILIÁRIO;2025-11-24;INVESTIDORES EM GERAL;BR0QCHCTF002;3000000;N;N;;Multicategoria;Ativa;Determinado;2026-11-24;31/12;S;S;N;S;S;XP INVESTIMENTOS CORRETORA DE CÂMBIO, TÍTULOS E VAL MOB S/A;02332886000104;AVENIDA ATAULFO DE PAIVA;153;5º e 8º andares;LEBLON;RIO DE JANEIRO;RJ;22440-033;(11) 3027-2237;;;www.xpi.com.br;adm.fundos.estruturados@xpi.com.br
Classe;63.638.558/0001-17;2026-01-01;1;2026-02-12;XP CDI 93 II FUNDO DE INVESTIMENTO IMOBILIÁRIO;2025-11-24;INVESTIDORES EM GERAL;BR0QCICTF000;7000000;N;N;;Multicategoria;Ativa;Determinado;2026-11-24;31/12;S;S;N;S;S;XP INVESTIMENTOS CORRETORA DE CÂMBIO, TÍTULOS E VAL MOB S/A;02332886000104;AVENIDA ATAULFO DE PAIVA;153;5º e 8º andares;LEBLON;RIO DE JANEIRO;RJ;22440-033;(11) 3027-2237;;;www.xpi.com.br;adm.fundos.estruturados@xpi.com.br
Classe;63.700.460/0001-42;2026-01-01;2;2026-02-18;ENERGIA REAL FII;2025-12-23;INVESTIDOR QUALIFICADO;BR0QJFCTF001;295663;N;N;;Outros;Ativa;Indeterminado;;25/06;N;N;S;N;N;BTG PACTUAL SERVICOS FINANCEIROS S/A DTVM;59281253000123;Praia de Botafogo;501;6º Andar;Botafogo;Rio de Janeiro;RJ;22.250-040;55 11 3383-3102;;;www.btgpactual.com;ri.fundoslistados@btgpactual.com
Classe;63.756.393/0001-88;2026-01-01;1;2026-02-12;RIZA TERRAX INSTITUCIONAL FEEDER FII RL;2025-12-02;INVESTIDOR QUALIFICADO;BR0QJLCTF025;356446;N;N;;Outros;Ativa;Determinado;2032-12-02;30/06;S;S;N;S;S;XP INVESTIMENTOS CORRETORA DE CÂMBIO, TÍTULOS E VAL MOB S/A;02332886000104;AVENIDA ATAULFO DE PAIVA;153;5º e 8º andares;LEBLON;RIO DE JANEIRO;RJ;22440-033;(11) 3027-2237;;;www.xpi.com.br;adm.fundos.estruturados@xpi.com.br
Classe;63.757.906/0001-75;2026-01-01;1;2026-02-13;RIZA CORP FII RL;2025-11-28;INVESTIDOR QUALIFICADO;BR0QIRCTF024;45080;N;N;;Escritórios;Ativa;Determinado;2032-11-27;30/06;S;N;N;S;N;BTG PACTUAL SERVICOS FINANCEIROS S/A DTVM;59281253000123;Praia de Botafogo;501;6º Andar;Botafogo;Rio de Janeiro;RJ;22.250-040;55 11 3383-3102;;;www.btgpactual.com;ri.fundoslistados@btgpactual.com
Classe;63.759.978/0001-51;2026-01-01;1;2026-02-13;GUARDIAN OP VAREJO FII - RESP LTDA;2025-11-26;INVESTIDOR PROFISSIONAL;BR0QX9CTF012;38000000;N;N;;Outros;Ativa;Indeterminado;;31/12;S;N;N;S;N;.BANCO DAYCOVAL S/A;62232889000190;Avenida Paulista;1793;2º Andar;Bela Vista;São Paulo;SP;01311200;0300 111 0500;11 4090-2223;11 3138-4061;https://www.daycoval.com.br/investimento;informes.regulatorios@bancodaycoval.com.br
Classe;63.779.981/0001-37;2026-01-01;1;2026-02-02;PIEMONTE OMNIA FUNDO DE INVESTIMENTO IMOBILIÁRIO;2025-12-18;INVESTIDOR QUALIFICADO;BR0R2HCTF001;5400;N;S;;Multicategoria;Ativa;Indeterminado;;31/12;S;N;N;S;N;MONETAR DTVM;12063256000127;Rua Joaquim Floriano, nº 100, 18º andar, Itaim Bibi, SP, CEP 4534000;100;18;ITAIM BIBI;SÃO PAULO;SP;4534000;(011) 3165-6000;;;www.terrainvestimentos.com.br;admfundos@terrainvestimentos.com.br
Classe;63.779.981/0001-37;2026-02-01;1;2026-03-03;PIEMONTE OMNIA FUNDO DE INVESTIMENTO IMOBILIÁRIO;2025-12-18;INVESTIDOR QUALIFICADO;BR0R2HCTF001;5400;N;S;;Multicategoria;Ativa;Indeterminado;;31/12;S;N;N;S;N;MONETAR DTVM;12063256000127;Rua Joaquim Floriano, nº 100, 18º andar, Itaim Bibi, SP, CEP 4534000;100;18;ITAIM BIBI;SÃO PAULO;SP;4534000;(011) 3165-6000;;;www.terrainvestimentos.com.br;admfundos@terrainvestimentos.com.br
Classe;63.787.107/0001-41;2026-01-01;1;2026-02-05;DEFAT FUNDO DE INVESTIMENTO IMOBILIÁRIO;2025-11-24;INVESTIDOR PROFISSIONAL;0;17817.94042392;N;N;;Outros;Ativa;Indeterminado;;31/12;N;N;S;N;N;SEFER INVESTIMENTOS DTVM LTDA;00329598000167;AV BRIGADEIRO FARIA LIMA;3900;CJ 601;ITAIM BIBI;SÃO PAULO;SP;04538132;1131130060;;;www.seferinvestimentos.com.br;informeslegais@seferinvestimentos.com.br
Classe;63.787.222/0001-16;2026-01-01;1;2026-02-13;GUARDIAN PRIME LOG FII;2025-12-23;INVESTIDOR PROFISSIONAL;BR0QZUCTF006;8800000;N;N;;Outros;Ativa;Indeterminado;;30/06;S;N;N;S;N;.BANCO DAYCOVAL S/A;62232889000190;AV PAULISTA 1793;200;2º Andar;BELA VISTA;SAo Paulo;SP;01311;0300 111 0500;11 3563-4389;11 3563-4318;www.daycoval.com.br/investimentos/servicos-fiduciarios;informes.regulatorios@bancodaycoval.com.br
Classe;63.787.595/0001-97;2026-01-01;1;2026-02-13;GUARDIAN CORPORATE FII;2025-12-26;INVESTIDOR PROFISSIONAL;BR0QZUCTF006;13250000;N;N;;Outros;Ativa;Indeterminado;;30/06;S;N;N;S;N;.BANCO DAYCOVAL S/A;62232889000190;AV PAULISTA 1793;200;2º Andar;BELA VISTA;SAo Paulo;SP;01311;0300 111 0500;11 3563-4389;11 3563-4318;www.daycoval.com.br/investimentos/servicos-fiduciarios;informes.regulatorios@bancodaycoval.com.br
Classe;63.787.833/0001-64;2026-01-01;1;2026-02-11;OXIGÊNIO DEVELOPEMENT I FII DE RESPONSABILIDADE LTDA;2025-01-10;INVESTIDOR PROFISSIONAL;0;58218;N;N;;Multicategoria;Definida;Indeterminado;;31/12;N;N;S;N;N;BR-CAPITAL DIST. DE TÍTULOS E VALORES MOBILIÁRIOS S/A;44077014000189;RUA SURUBIM;577;CONJ. 101;CIDADE MONÇÕES;SÃO PAULO;SP;04571-050;(11) 5508-3500;;;www.brcapital.com.br;fundos@brcapital.com.br
Classe;63.791.163/0001-50;2026-01-01;1;2026-02-05;ALL BRAS FUNDO DE INVESTIMENTO IMOBILIÁRIO;2025-11-24;INVESTIDOR PROFISSIONAL;0;35104.46537121;N;N;;Outros;Ativa;Indeterminado;;31/12;N;N;S;N;N;SEFER INVESTIMENTOS DTVM LTDA;00329598000167;AV BRIGADEIRO FARIA LIMA;3900;CJ 601;ITAIM BIBI;SÃO PAULO;SP;04538132;1131130060;;;www.seferinvestimentos.com.br;informeslegais@seferinvestimentos.com.br
Classe;63.801.471/0001-19;2026-01-01;2;2026-02-12;PEROLA FII RESPONSABILIDADE LIMITADA;2025-12-10;INVESTIDOR PROFISSIONAL;;2500000;N;N;;Outros;Ativa;Indeterminado;;31/12;N;N;S;N;N;BRL TRUST DTVM S.A.;13486793000142;Rua Alves Guimarães;1216;;Pinheiros;São Paulo;SP;05410-002;(11) 3509-0600;;;www.apexgroup.com/apex-brazil/;infolegal@apexgroup.com
Classe;63.806.554/0001-09;2026-01-01;1;2026-02-12;HIREFII RESPONSABILIDADE LIMITADA;2025-12-01;INVESTIDORES EM GERAL;BR0QJ4CTF003;2740301;N;N;;Outros;Ativa;Indeterminado;;31/12;S;N;N;S;N;VÓRTX DTVM LTDA;22610500000188;Rua Gilberto Sabino;215;4º ANDAR;Pinheiros;São Paulo;SP;5425020;11 3030-7177;;;www.vortx.com.br;fundos@vortx.com.br
Classe;63.811.693/0001-12;2026-01-01;1;2026-02-12;CITLOG SUL DE MINAS FII DE RESP LIMITADA;2025-11-25;INVESTIDOR PROFISSIONAL;BRCLSMCTF008;2100000;N;N;;Logística;Ativa;Indeterminado;;6/30/2026;S;N;N;S;N;HEDGE INVESTMENTS DTVM LTDA;07253654000176;AVENIDA BRIGADEIRO FARIA LIMA;3600;11º ANDAR CJ 112;ITAIM BIBI;SÃO PAULO;SP;04538-132;(11) 5412-5400;;;www.hedgeinvest.com.br;dtvm@hedgeinvest.com.br
Classe;63.812.442/0001-52;2026-01-01;1;2026-02-13;RIZA JESUINO FII RL;2025-11-27;INVESTIDOR PROFISSIONAL;BR0R5MCTF004;34700;N;N;;Multicategoria;Ativa;Determinado;2032-11-26;30/06;S;N;N;S;N;BTG PACTUAL SERVICOS FINANCEIROS S/A DTVM;59281253000123;Praia de Botafogo;501;6º Andar;Botafogo;Rio de Janeiro;RJ;22.250-040;55 11 3383-3102;;;www.btgpactual.com;ri.fundoslistados@btgpactual.com
Classe;63.821.784/0001-39;2026-01-01;1;2026-02-05;GRID FII RESPONSABILIDADE LIMITADA;2025-12-10;INVESTIDOR PROFISSIONAL;;45593.64510096;N;N;;Multicategoria;Ativa;Indeterminado;;31/12;N;N;S;N;N;BRL TRUST DTVM S.A.;13486793000142;Rua Alves Guimarães;1216;;Pinheiros;São Paulo;SP;05410-002;(11) 3509-0600;;;www.apexgroup.com/apex-brazil/;infolegal@apexgroup.com
Classe;63.848.135/0001-21;2026-01-01;1;2026-02-12;ALICERCE MANATI FII;2025-12-26;INVESTIDOR PROFISSIONAL;BR0QZ1CTF009;451500;N;N;;Outros;Ativa;Indeterminado;;31/12;S;N;N;S;N;.BANCO DAYCOVAL S/A;62232889000190;AV PAULISTA 1793;200;2º Andar;BELA VISTA;SAo Paulo;SP;01311;0300 111 0500;11 3563-4389;11 3563-4318;www.daycoval.com.br/investimentos/servicos-fiduciarios;informes.regulatorios@bancodaycoval.com.br
Classe;63.852.839/0001-78;2026-01-01;1;2026-02-13;MGT FUNDO DE INVESTIMENTO IMOBILIÁRIO;2025-11-27;INVESTIDOR PROFISSIONAL;0;9708.335;N;N;;Outros;Ativa;Indeterminado;;31/12;N;N;S;N;N;SEFER INVESTIMENTOS DTVM LTDA;00329598000167;AV BRIGADEIRO FARIA LIMA;3900;CJ 601;ITAIM BIBI;SÃO PAULO;SP;04538132;1131130060;;;www.seferinvestimentos.com.br;informeslegais@seferinvestimentos.com.br
Classe;63.879.307/0001-24;2026-01-01;1;2026-02-04;MASSARO FUNDO DE INVESTIMENTO IMOBILIÁRIO RESP LIMITADA;2025-12-01;INVESTIDOR PROFISSIONAL;;4800;N;N;;Multicategoria;Ativa;Indeterminado;;30/06;N;N;S;N;N;TRUSTEE DISTRIBUIDORA DE TÍTULOS E VALORES MOBILIÁRIOSLTDA;67030395000146;AVENIDA BRIGADEIRO FARIA LIMA;3732;12° ANDAR;ITAIM BIBI;São Paulo;SP;04538133;(11)3842-1122;(11)3842-1122;;https://www.banvox.com.br/;informesregulatorios@banvox.com.br
Classe;63.879.307/0001-24;2026-02-01;1;2026-03-06;MASSARO FUNDO DE INVESTIMENTO IMOBILIÁRIO RESP LIMITAD;2025-12-01;INVESTIDOR PROFISSIONAL;;4800;N;N;;Multicategoria;Ativa;Indeterminado;;30/06;N;N;S;N;N;TRUSTEE DISTRIBUIDORA DE TÍTULOS E VALORES MOBILIÁRIOSLTDA;67030395000146;AVENIDA BRIGADEIRO FARIA LIMA;3732;12° ANDAR;ITAIM BIBI;São Paulo;SP;04538133;(11)3842-1122;(11)3842-1122;;https://www.banvox.com.br/;informesregulatorios@banvox.com.br
Classe;63.879.740/0001-60;2026-01-01;1;2026-02-04;ZAMOR FUNDO DE INVESTIMENTO IMOBILIÁRIO RESP LIMITADA;2025-12-11;INVESTIDOR PROFISSIONAL;;136656;N;N;;Multicategoria;Ativa;Indeterminado;;30/06;N;N;S;N;N;TRUSTEE DISTRIBUIDORA DE TÍTULOS E VALORES MOBILIÁRIOSLTDA;67030395000146;AVENIDA BRIGADEIRO FARIA LIMA;3732;12° ANDAR;ITAIM BIBI;São Paulo;SP;04538133;(11)3842-1122;(11)3842-1122;;https://www.banvox.com.br/;informesregulatorios@banvox.com.br
Classe;63.879.740/0001-60;2026-02-01;1;2026-03-06;ZAMOR FUNDO DE INVESTIMENTO IMOBILIÁRIO RESP LIMITADA;2025-12-11;INVESTIDOR PROFISSIONAL;;136656;N;N;;Multicategoria;Ativa;Indeterminado;;30/06;N;N;S;N;N;TRUSTEE DISTRIBUIDORA DE TÍTULOS E VALORES MOBILIÁRIOSLTDA;67030395000146;AVENIDA BRIGADEIRO FARIA LIMA;3732;12° ANDAR;ITAIM BIBI;São Paulo;SP;04538133;(11)3842-1122;(11)3842-1122;;https://www.banvox.com.br/;informesregulatorios@banvox.com.br
Classe;63.918.369/0001-06;2026-01-01;1;2026-02-12;LCP PREFIXADO II FEEDER FII;2025-12-30;INVESTIDORES EM GERAL;BR0QTDCTF005;7500000;N;N;;Outros;Ativa;Determinado;2032-12-30;31/12;S;N;N;S;N;XP INVESTIMENTOS CORRETORA DE CÂMBIO, TÍTULOS E VAL MOB S/A;02332886000104;AVENIDA ATAULFO DE PAIVA;153;5º e 8º andares;LEBLON;RIO DE JANEIRO;RJ;22440-033;(11) 3027-2237;;;www.xpi.com.br;adm.fundos.estruturados@xpi.com.br
Classe;63.941.672/0001-11;2026-01-01;1;2026-02-13;BGR CIDADE JARDIM FUNDO DE INVESTIMENTO IMOBILIÁRIO - RL;2026-01-06;INVESTIDOR QUALIFICADO;BRBGRJCTF008;650000;N;N;;Multicategoria;Ativa;Indeterminado;2031-01-06;31/12;S;S;N;S;S;XP INVESTIMENTOS CORRETORA DE CÂMBIO, TÍTULOS E VAL MOB S/A;02332886000104;AVENIDA ATAULFO DE PAIVA;153;5º e 8º andares;LEBLON;RIO DE JANEIRO;RJ;22440-033;(11) 3027-2237;;;www.xpi.com.br;adm.fundos.estruturados@xpi.com.br
Classe;63.952.812/0001-57;2026-01-01;1;2026-02-10;VENUS 11 FUNDO DE INVESTIMENTO EM COTAS;2026-01-30;INVESTIDORES EM GERAL;BRVNSSCTF001;500000;N;N;;Outros;Ativa;Indeterminado;;30/06;S;N;N;S;N;INTER DTVM LTDA.;18945670000146;AV BARBACENA;1219;21º ANDAR;Santo Agostinho;Belo Horizonte;MG;30190-131;(31) 3614-5332;(31) 3614-5332;(31) 3614-5332;http://www.bancointer.com.br/inter-dtvm;ri.fii@interdtvm.com.br
Classe;63.952.986/0001-10;2026-01-01;1;2026-02-13;CAATIVA CACAU FUNDO DE INVESTIMENTO IMOBILIÁRIO - RL;2026-01-20;INVESTIDOR PROFISSIONAL;BR0QWUCTF003;11700;N;N;;Residencial;Definida;Indeterminado;;31/12;N;S;N;N;S;OLIVEIRA TRUST DTVM S.A.;36113876000191;Av. das Américas;3434;Bl. 7 Grupo 201;Barra da Tijuca;Rio de Janeiro;RJ;22640-102;(21) 3514-0000;;;www.oliveiratrust.com.br;ger2.fundos@oliveiratrust.com.br
Classe;63.954.054/0001-06;2026-01-01;1;2026-02-12;LCP PREFIXADO II MASTER FII;2026-01-06;INVESTIDOR QUALIFICADO;BR0QTTCTF001;10000000;N;N;;Outros;Ativa;Determinado;2033-01-06;31/12;S;S;N;S;S;XP INVESTIMENTOS CORRETORA DE CÂMBIO, TÍTULOS E VAL MOB S/A;02332886000104;AVENIDA ATAULFO DE PAIVA;153;5º e 8º andares;LEBLON;RIO DE JANEIRO;RJ;22440-033;(11) 3027-2237;;;www.xpi.com.br;adm.fundos.estruturados@xpi.com.br
Classe;63.973.003/0001-21;2026-01-01;1;2026-02-12;GOLD FUNDO DE INVESTIMENTO IMOBILIÁRIO RL;2025-12-12;INVESTIDOR PROFISSIONAL;BR0QTHCTF006;121302.52130878;N;N;;Multicategoria;Ativa;Indeterminado;;31/12;S;S;N;S;S;XP INVESTIMENTOS CORRETORA DE CÂMBIO, TÍTULOS E VAL MOB S/A;02332886000104;AVENIDA ATAULFO DE PAIVA;153;5º e 8º andares;LEBLON;RIO DE JANEIRO;RJ;22440-033;(11) 3027-2237;;;www.xpi.com.br;adm.fundos.estruturados@xpi.com.br
Classe;63.976.969/0001-12;2026-01-01;1;2026-02-12;HARAS LA ESTANCIA FUNDO DE INVESTIMENTO;2025-12-22;INVESTIDOR PROFISSIONAL;BR0QZCCTF038;79228;N;N;;Outros;Ativa;Indeterminado;;30/06;N;N;S;N;N;VÓRTX DTVM LTDA;22610500000188;Rua Gilberto Sabino;215;4º ANDAR;Pinheiros;São Paulo;SP;5425020;11 3030-7177;;;www.vortx.com.br;fundos@vortx.com.br
Classe;63.992.956/0001-37;2026-01-01;1;2026-02-13;MIDWAY MALL FUNDO DE INVESTIMENTO IMOBILIÁRIO RL;2025-12-17;INVESTIDORES EM GERAL;BRMIDWCTF004;18900000;N;N;;Multicategoria;Ativa;Indeterminado;;31/12;S;N;N;S;N;OLIVEIRA TRUST DTVM S.A.;36113876000191;Av. das Américas;3434;Bl. 7 Grupo 201;Barra da Tijuca;Rio de Janeiro;RJ;22640-102;(21) 3514-0000;;;www.oliveiratrust.com.br;ger2.fundos@oliveiratrust.com.br
Classe;64.012.870/0001-63;2026-01-01;1;2026-02-13;RIZA PONTE DA LIBERDADE - FII RL;2025-12-22;INVESTIDOR QUALIFICADO;BR0QYFCTF000;100000;N;N;;Residencial;Definida;Indeterminado;;31/12;N;S;N;N;S;OLIVEIRA TRUST DTVM S.A.;36113876000191;Av. das Américas;3434;Bl. 7 Grupo 201;Barra da Tijuca;Rio de Janeiro;RJ;22640-102;(21) 3514-0000;;;www.oliveiratrust.com.br;ger2.fundos@oliveiratrust.com.br
Classe;64.030.930/0001-70;2026-01-01;1;2026-02-12;XP CDI 96 III FUNDO DE INVESTIMENTO IMOBILIÁRIO;2025-12-23;INVESTIDORES EM GERAL;BR0QWNCTF008;2400000;N;N;;Multicategoria;Ativa;Determinado;2027-12-23;31/12;S;S;N;S;N;XP INVESTIMENTOS CORRETORA DE CÂMBIO, TÍTULOS E VAL MOB S/A;02332886000104;AVENIDA ATAULFO DE PAIVA;153;5º e 8º andares;LEBLON;RIO DE JANEIRO;RJ;22440-033;(11) 3027-2237;;;www.xpi.com.br;adm.fundos.estruturados@xpi.com.br
Classe;64.030.981/0001-00;2026-01-01;1;2026-02-12;XP CDI 98 III FUNDO DE INVESTIMENTO IMOBILIÁRIO;2025-12-23;INVESTIDORES EM GERAL;BR0QWOCTF006;2200000;N;N;;Multicategoria;Ativa;Determinado;2027-12-23;31/12;S;N;N;S;N;XP INVESTIMENTOS CORRETORA DE CÂMBIO, TÍTULOS E VAL MOB S/A;02332886000104;AVENIDA ATAULFO DE PAIVA;153;5º e 8º andares;LEBLON;RIO DE JANEIRO;RJ;22440-033;(11) 3027-2237;;;www.xpi.com.br;adm.fundos.estruturados@xpi.com.br
Classe;64.031.021/0001-57;2026-01-01;1;2026-02-12;XP CDI 93 III FUNDO DE INVESTIMENTO IMOBILIÁRIO;2025-12-23;INVESTIDORES EM GERAL;BR0QWPCTF003;9000000;N;N;;Multicategoria;Ativa;Determinado;2027-12-23;31/12;S;S;N;S;S;XP INVESTIMENTOS CORRETORA DE CÂMBIO, TÍTULOS E VAL MOB S/A;02332886000104;AVENIDA ATAULFO DE PAIVA;153;5º e 8º andares;LEBLON;RIO DE JANEIRO;RJ;22440-033;(11) 3027-2237;;;www.xpi.com.br;adm.fundos.estruturados@xpi.com.br
Classe;64.083.111/0001-91;2026-01-01;1;2026-02-13;HEDGE FUND LORE FII;2025-12-18;INVESTIDOR PROFISSIONAL;BR0R5BCTF007;1218782;N;N;;Multicategoria;Ativa;Indeterminado;;30/06;N;N;N;N;N;BTG PACTUAL SERVICOS FINANCEIROS S/A DTVM;59281253000123;Praia de Botafogo;501;6º Andar;Botafogo;Rio de Janeiro;RJ;22.250-040;55 11 3383-3102;;;www.btgpactual.com;ri.fundoslistados@btgpactual.com
Classe;64.089.566/0001-14;2026-01-01;1;2026-02-17;BRASIL INCORPORAÇÃO FI IMOBILIÁRIO RESP LIMITADA;2025-12-23;INVESTIDOR QUALIFICADO;BR0QXNCTF006;250740;N;N;;Residencial;Ativa;Determinado;2028-12-31;31/07;S;S;N;S;N;ID CORRETORA DE TITULOS E VALORES MOBILIARIOS S.A.;16695922000109;AV PRES JUSCELINO KUBITSCHEK;1726;19 ANDAR;VILA NOVA CONCEICAO;SÃO PAULO;SP;04543000;11 4637 6633;;;WWW.IDSF.COM.BR;administracao@idsf.com.br
Classe;64.144.327/0001-10;2026-01-01;1;2026-02-05;TOWER FUNDO DE INVESTIMENTO IMOBILIÁRIO;2025-12-22;INVESTIDOR PROFISSIONAL;0;3476.0345024;N;N;;Outros;Ativa;Indeterminado;;31/12;N;N;S;N;N;SEFER INVESTIMENTOS DTVM LTDA;00329598000167;AV BRIGADEIRO FARIA LIMA;3900;CJ 601;ITAIM BIBI;SÃO PAULO;SP;04538132;1131130060;;;www.seferinvestimentos.com.br;informeslegais@seferinvestimentos.com.br
Classe;64.145.714/0001-70;2026-01-01;1;2026-02-05;TIERS FUNDO DE INVESTIMENTO IMOBILIÁRIO;2025-12-22;INVESTIDOR PROFISSIONAL;0;5193.99999999;N;N;;Outros;Ativa;Indeterminado;;31/12;N;N;S;N;N;SEFER INVESTIMENTOS DTVM LTDA;00329598000167;AV BRIGADEIRO FARIA LIMA;3900;CJ 601;ITAIM BIBI;SÃO PAULO;SP;04538132;1131130060;;;www.seferinvestimentos.com.br;informeslegais@seferinvestimentos.com.br
Classe;64.145.927/0001-00;2026-01-01;1;2026-02-25;CENTRO LOG RIO C FII;2026-01-30;INVESTIDORES EM GERAL;BR0R5ACTF009;1270000;N;N;;Logística;Ativa;Indeterminado;;31/12;N;N;N;N;N;BTG PACTUAL SERVICOS FINANCEIROS S/A DTVM;59281253000123;Praia de Botafogo;501;6º Andar;Botafogo;Rio de Janeiro;RJ;22.250-040;55 11 3383-3102;;;www.btgpactual.com;ri.fundoslistados@btgpactual.com
Classe;64.156.203/0001-54;2026-01-01;1;2026-02-13;ALFA REAL ESTATE FI IMOBILIÁRIO RESP LIMITADA;2025-12-30;INVESTIDOR PROFISSIONAL;BR0R0YCTF000;21000;N;N;;Multicategoria;Ativa;Indeterminado;;31/12;S;S;N;S;S;ID CORRETORA DE TITULOS E VALORES MOBILIARIOS S.A.;16695922000109;AV PRES JUSCELINO KUBITSCHEK;1726;19 ANDAR;VILA NOVA CONCEICAO;SÃO PAULO;SP;04543000;11 4637 6633;;;WWW.IDSF.COM.BR;administracao@idsf.com.br
Classe;64.280.202/0001-17;2026-02-01;1;2026-03-07;COTINGUIBA FUNDO DE INVESTIMENTO IMOBILIÁRIO - RL;2026-02-04;INVESTIDOR PROFISSIONAL;;10000;S;N;;Multicategoria;Ativa;Indeterminado;;31/12;N;N;S;N;N;HEMERA DISTRIBUIDORA DE TITULOS E VALORES MOBILIARIOS LTDA;39669186000101;AV. AGUA VERDE;1413;CJ 801;AGUA VERDE;CURITIBA;PR;80620-200;+55 (41) 3122-7300;;;https://hemeradtvm.com.br/;atendimentocvm@hemeradtvm.com.br
Classe;64.581.643/0001-59;2026-01-01;1;2026-02-13;SHOPPING PASSO FUNDO-FUNDO DE INVESTIMENTO IMOBILIÁRIO;2026-01-29;INVESTIDOR PROFISSIONAL;BR0RDECTF021;1219600;N;N;;Outros;Ativa;Indeterminado;;30/06;N;N;S;S;N;VÓRTX DTVM LTDA;22610500000188;Rua Gilberto Sabino;215;4º ANDAR;Pinheiros;São Paulo;SP;5425020;11 3030-7177;;;www.vortx.com.br;fundos@vortx.com.br
Classe;97.521.225/0001-25;2026-01-01;2;2026-02-20;FII MAXI RENDA RL;2012-04-13;INVESTIDORES EM GERAL;BRMXRFCTF008;460269531;N;N;;Logística;Ativa;Indeterminado;;31/12;S;N;N;S;N;BTG PACTUAL SERVICOS FINANCEIROS S/A DTVM;59281253000123;Praia de Botafogo;501;6º Andar;Botafogo;Rio de Janeiro;RJ;22.250-040;55 11 3383-3102;;;www.btgpactual.com;ri.fundoslistados@btgpactual.com
