CNPJ_Fundo_Classe;Data_Referencia;Versao;Total_Necessidades_Liquidez;Disponibilidades;Titulos_Publicos;Titulos_Privados;Fundos_Renda_Fixa;Total_Investido;Direitos_Bens_Imoveis;Terrenos;Imoveis_Renda_Acabados;Imoveis_Renda_Construcao;Imoveis_Venda_Acabados;Imoveis_Venda_Construcao;Outros_Direitos_Reais;Acoes;Debentures;Bonus_Subscricao;Certificados_Deposito_Valores_Mobiliarios;Cedulas_Debentures;Fundo_Acoes;FIP;FII;FDIC;Outras_Cotas_FI;Notas_Promissorias;Acoes_Sociedades_Atividades_FII;Cotas_Sociedades_Atividades_FII;CEPAC;CRI;CRI_CRA;Letras_Hipotecarias;LCI;LCI_LCA;LIG;Outros_Valores_Mobliarios;Valores_Receber;Contas_Receber_Aluguel;Contas_Receber_Venda_Imoveis;Outros_Valores_Receber;Rendimentos_Distribuir;Taxa_Administracao_Pagar;Taxa_Performance_Pagar;Obrigacoes_Aquisicao_Imoveis;Adiantamento_Venda_Imoveis;Adiantamento_Alugueis;Obrigacoes_Securitizacao_Recebiveis;Instrumentos_Financeiros_Derivativos;Provisoes_Contigencias;Outros_Valores_Pagar;Total_Passivo
00.332.266/0001-31;2026-01-01;1;3785066.56;2000;;;3783066.56;249100000;249100000;;249100000;;;;;;;;;;;;;;;;;;;;;;;;;;11254716.89;4837541.91;;6417174.98;1132796.07;56647.16;;;;;;;;344176.61;1533619.84
00.613.094/0001-74;2026-01-01;1;569584.13;569584.13;0;0;0;196468851.72;195896624.86;0;0;0;195896624.86;0;0;0;0;0;0;;0;0;0;0;0;0;0;0;0;;0;0;;0;0;572226.86;0;0;0;0;22379.3;0;0;0;0;0;0;0;0;222237322.62;222259701.92
00.762.723/0001-28;2026-01-01;1;2615403.81;5292.15;0;0;2610111.66;94200000;94200000;0;94200000;0;0;0;0;0;0;0;0;;0;0;0;0;0;0;0;0;0;;0;0;;0;0;0;370772.15;0;0;370772.15;15.85;52263.5;0;0;0;0;0;0;0;1557565.75;1609845.1
00.868.235/0001-08;2026-01-01;1;1836876.89;22043.35;0;0;1814833.54;118095000;118095000;0;118095000;0;0;0;0;0;0;0;0;;0;0;0;0;0;0;0;0;0;;0;0;;0;0;0;4324486.41;4210509.03;0;113977.38;855477;63258.76;0;0;0;0;0;0;0;1773614.74;2692350.5
01.201.140/0001-90;2026-01-01;1;10722975.33;5872.87;0;0;10717102.46;508360104.27;508360104.27;0;508360104.27;0;0;0;0;0;0;0;0;;0;0;0;0;0;0;0;0;0;;0;0;;0;0;0;7298208.78;7281330.13;0;16878.65;3225027.79;103235.59;0;0;0;749209.91;0;0;9758.46;375119.95;4462351.7
01.235.622/0001-61;2026-01-01;2;121488136.86;126346.58;;;121361790.28;3469188516.83;2679407206.38;706264689.19;540025382.11;180150495.51;73862984.69;1179103654.88;;;;;;;;;316061578.64;;;;202595679.91;;;;271124051.9;;;;;;1211507937.76;3868788.99;986750347.73;220888801.04;43154498.4;2031445.29;;180764919.03;108600206.1;;;;6990609.09;634483600.17;976025278.08
01.356.517/0001-80;2026-01-01;1;231780066.86;257455.18;0;0;231522611.68;220325570.71;220325570.71;41347987.05;178977583.66;0;0;0;0;0;0;0;0;;0;0;0;0;0;0;0;0;0;;0;0;;0;0;0;15436839.33;13842443.11;0;1594396.22;285222286.23;0;0;604373.47;0;7682356.99;0;0;0;1255516.51;294764533.2
01.497.954/0001-14;2026-01-01;1;59791.45;6818.72;0;0;52972.73;163414875;163414875;0;163414875;0;0;0;0;0;0;0;0;;0;0;0;0;0;0;0;0;0;;0;0;;0;0;0;564574.24;559671.76;0;4902.48;68093.38;22240.1;0;0;0;30968.28;0;0;0;11091.28;132393.04
01.601.918/0001-59;2026-01-01;1;8187817.63;5506.91;0;0;8182310.72;13370409.9;9790000;0;9790000;0;0;0;0;0;0;0;0;;0;0;3580409.9;0;0;0;0;0;0;;0;0;;0;0;0;36706742.98;0;36682630.17;24112.81;0;63643.96;0;0;0;0;0;0;0;21668.73;85312.69
01.601.918/0001-59;2026-02-01;1;8189382.65;5957.23;0;0;8183425.42;13787150.3;9790000;0;9790000;0;0;0;0;0;0;0;0;;0;0;3997150.3;0;0;0;0;0;0;;0;0;;0;0;0;37137783.43;0;37098965.85;38817.58;0;63643.96;0;0;0;0;0;0;0;21668.73;85312.69
01.633.741/0001-72;2026-01-01;1;3676401.62;2000;;;3674401.62;0;0;;;;;;;;;;;;;;;;;;;;;;;;;;;;20212151.77;;20202268.06;9883.71;;21434.03;202022.68;;;;;;;116907.53;340364.24
01.636.325/0001-28;2026-01-01;1;5231175.84;264177.86;4966997.98;0;0;306599588.63;306599588.63;0;306599588.63;0;0;0;0;0;0;0;0;;0;0;0;0;0;0;0;0;0;;0;0;;0;0;0;3706177.41;2512469.95;0;1193707.46;0;22036.07;0;0;0;0;0;0;0;2046111.24;2068147.31
01.657.856/0001-05;2026-01-01;1;496141.5;72019.38;0;0;424122.12;41220000;41220000;0;41220000;0;0;0;0;0;0;0;0;;0;0;0;0;0;0;0;0;0;;0;0;;0;0;0;1285215.4;430889.95;0;854325.45;0;18176.22;0;0;0;0;0;0;0;1458034.97;1476211.19
01.964.775/0001-40;2026-01-01;1;1471818.82;11654.01;0;1460164.81;0;0;0;0;0;0;0;0;0;0;0;0;0;;0;0;0;0;0;0;0;0;0;;0;0;;0;0;0;74652.87;0;0;74652.87;0;982.3;0;0;0;0;0;0;0;3839.34;4821.64
01.964.775/0001-40;2026-02-01;1;1470766.95;36405.89;0;1434361.06;0;0;0;0;0;0;0;0;0;0;0;0;0;;0;0;0;0;0;0;0;0;0;;0;0;;0;0;0;74652.87;0;0;74652.87;0;896.2;0;0;0;0;0;0;0;3839.34;4735.54
02.508.235/0001-14;2026-01-01;1;2637026.47;5070.15;0;0;2631956.32;260000000;260000000;0;260000000;0;0;0;0;0;0;0;0;;0;0;0;0;0;0;0;0;0;;0;0;;0;0;0;1447243.68;1334960.09;0;112283.59;2718900;69286.23;0;0;0;0;0;0;0;27054.23;2815240.46
03.251.720/0001-18;2026-01-01;1;14395633.32;0;12746820.14;0;1648813.18;261841000;261841000;11874693.88;213862313.98;36103992.14;0;0;0;0;0;0;0;;0;0;0;0;0;0;0;0;0;;0;0;;0;0;0;2187510.48;2140010.09;0;47500.39;0;89024.11;0;0;0;0;0;0;0;9572711.15;9661735.26
03.507.519/0001-59;2026-01-01;1;11284514.06;5051.02;0;0;11279463.04;616711886.95;616711886.95;0;616711886.95;0;0;0;0;0;0;0;0;;0;0;0;0;0;0;0;0;0;;0;0;;0;0;0;6601766.28;3932239.5;0;2669526.78;3621357;94769.49;0;0;0;146712.15;0;0;191735.3;329164.81;4383738.75
03.683.056/0001-86;2026-01-01;1;635038.09;4868.7;0;0;630169.39;816830545.96;804636754.71;0;804636754.71;0;0;0;0;0;0;0;0;;0;0;12193791.25;0;0;0;0;0;0;;0;0;;0;0;0;12839382.62;5391318.16;0;7448064.46;4343635.92;289089.24;0;88916485.57;0;125647.18;0;0;0;669308.38;94344166.29
03.855.441/0001-63;2026-01-01;1;138467012.57;5344.69;0;0;138461667.88;0;0;0;0;0;0;0;0;0;0;0;0;;0;0;0;0;0;0;0;0;0;;0;0;;0;0;0;363416155.73;352296334.34;0;11119821.39;0;163419.26;0;0;0;0;340629741.14;0;0;27126144.74;367919305.14
04.066.582/0001-60;2026-01-01;1;1401519.24;198.5;0;0;1401320.74;788.07;0;0;0;0;0;0;0;0;0;0;0;;0;0;788.07;0;0;0;0;0;0;;0;0;;0;0;0;55014946.84;482794.07;0;54532152.77;0;27084.19;0;0;0;0;0;0;0;1148029.31;1175113.5
04.141.645/0001-03;2026-01-01;1;3403760.32;1027.37;0;0;3402732.95;345252169.29;345252169.29;0;345252169.29;0;0;0;0;0;0;0;0;;0;0;0;0;0;0;0;0;0;;0;0;;0;0;0;1696164.54;1626874.98;0;69289.56;2772448.47;45001.66;0;0;0;0;0;0;0;2067223.25;4884673.38
04.644.612/0001-78;2026-01-01;1;104779.78;1225.03;103554.75;0;0;28093370;28093370;0;28093370;0;0;0;0;0;0;0;0;;0;0;0;0;0;0;0;0;0;;0;0;;0;0;0;0;0;0;0;0;17774.62;0;0;0;0;0;0;0;12456.55;30231.17
04.722.883/0001-02;2026-01-01;1;20987371.03;98.5;0;1633031.53;19354241;641310000;641310000;0;641310000;0;0;0;0;0;0;0;0;;0;0;0;0;0;0;0;0;0;;0;0;;0;0;0;13128939.35;11421758.26;0;1707181.09;0;91293.9;0;0;0;0;0;0;0;28575238.38;28666532.28
05.437.916/0001-27;2026-01-01;1;2572782.18;8105.32;1415720.68;0;1148956.18;150955000;150955000;83928700;67026300;0;0;0;0;0;0;0;0;;0;0;0;0;0;0;0;0;0;;0;0;;0;0;0;3255335.65;1098398.71;0;2156936.94;798586.88;62890.81;0;0;0;0;0;0;0;3270422.61;4131900.3
05.562.312/0001-02;2026-01-01;1;6699154.11;1827011.72;0;0;4872142.39;118947000;118947000;0;118947000;0;0;0;0;0;0;0;0;;0;0;0;0;0;0;0;0;0;;0;0;;0;0;0;46432714.34;1678167.43;0;44754546.91;0;35000;0;0;0;0;0;0;0;50451593.01;50486593.01
06.175.262/0001-73;2026-01-01;1;757346.17;1057.02;0;0;756289.15;49700000;49700000;0;49700000;0;0;0;0;0;0;0;0;;0;0;0;0;0;0;0;0;0;;0;0;;0;0;0;488523.94;488523.64;0;0.3;211916.2;12665.54;0;0;0;0;0;0;0;103267.58;327849.32
07.000.400/0001-46;2026-01-01;1;17284908.6;2987.31;0;0;17281921.29;0;0;0;0;0;0;0;0;0;0;0;0;;0;0;0;0;0;0;0;0;0;;0;0;;0;0;0;15592.76;0;0;15592.76;1183506.67;1645095.98;0;0;0;0;0;0;0;10063224.02;12891826.67
07.122.725/0001-00;2026-01-01;1;9763403.9;196.2;0;0;9763207.7;216983610.37;216982000;0;216982000;0;0;0;0;0;0;0;0;;0;0;1610.37;0;0;0;0;0;0;;0;0;;0;0;0;6643225.71;849463.71;0;5793762;0;108206.17;0;0;0;0;0;0;0;3983648.78;4091854.95
07.224.019/0001-60;2026-01-01;1;113637110.47;194;0;0;113636916.47;725883483.01;725883483.01;7486953;718396530.01;0;0;0;0;0;0;0;0;;0;0;0;0;0;0;0;0;0;;0;0;;0;0;0;504398798.79;24195747.04;425081760.75;55121291;0;160547.85;0;0;843621.63;0;0;0;2367039.13;72738123.87;76109332.48
07.583.627/0001-61;2026-01-01;1;17329197.77;147.46;0;0;17329050.31;5020100000;5020100000;0;5020100000;0;0;0;0;0;0;0;0;;0;0;0;0;0;0;0;0;0;;0;0;;0;0;0;51167515.96;29992632.29;0;21174883.67;52521498.65;275236.7;0;0;0;0;0;0;0;26927088.9;79723824.25
07.789.135/0001-27;2026-01-01;1;68370626.41;2000;0;0;68368626.41;4365015223.76;2957672448.49;0;2957672448.49;0;0;0;0;4813352.72;0;0;0;;0;0;317020466.59;0;0;0;665436548.95;0;0;;420072407.01;0;;0;0;0;66100448.39;28934235.54;0;37166212.85;50000000;98863.38;0;233535007.87;0;0;0;0;0;26191905.03;309825776.28
08.014.513/0001-63;2026-01-01;1;7723153.77;0;0;0;7723153.77;215110000;215110000;0;215110000;0;0;0;0;0;0;0;0;;0;0;0;0;0;0;0;0;0;;0;0;;0;0;0;2490259.06;2441934.85;0;48324.21;0;81599.7;0;0;0;0;0;0;0;312410.05;394009.75
08.098.114/0001-28;2026-01-01;1;31452820.68;20752.92;;;31432067.76;699198161.94;699163030.67;;699163030.67;;;;;;;;;;;;;;;;35131.27;;;;;;;;;;58316840.42;5916840.42;52400000;;7563915.4;554763.02;;;;;;;;892414.92;9011093.34
08.417.532/0001-30;2026-01-01;1;24286071.1;5905.99;0;0;24280165.11;201041000;201041000;0;201041000;0;0;0;0;0;0;0;0;;0;0;0;0;0;0;0;0;0;;0;0;;0;0;0;287392647.09;282575692.01;2700000;2116955.08;0;126174.49;0;0;0;301086294.96;0;0;0;21251.42;301233720.87
08.431.747/0001-06;2026-01-01;2;57233158.7;1007628.71;;;56225529.99;3270026838.57;2320752477.38;;2320752477.38;;;;;;;;;;;;590854502.27;;;;;268218400.64;;;84014948.58;;;6186509.7;;;65847063.09;34458942.58;;31388120.51;20661281.6;1290807.42;;620217526.25;;;17323906.67;;;28061859.63;724548221.01
08.693.497/0001-82;2026-01-01;1;3666856.92;8511.2;3658345.72;0;0;336146628.4;294047860.31;0;0;294047860.31;0;0;0;0;0;0;0;;0;0;42645660.7;0;0;0;0;0;0;;0;0;;0;0;-546892.61;3568429.35;3051161.64;0;517267.71;1825032.78;49599.13;0;0;0;0;0;0;0;429584.41;2304216.32
08.696.175/0001-97;2026-01-01;1;4048973.2;8535.81;0;0;4040437.39;180972651.4;180972651.4;0;0;0;180972651.4;0;0;0;0;0;0;;0;0;0;0;0;0;0;0;0;;0;0;;0;0;0;1730012.4;1553675.97;0;176336.43;1355305.26;26377.6;0;0;0;43836.64;0;0;0;231896.65;1657416.15
08.706.065/0001-69;2026-01-01;1;30074370.71;198.5;0;0;30074172.21;414417553.91;414417553.91;0;414417553.91;0;0;0;0;0;0;0;0;;0;0;0;0;0;0;0;0;0;;0;0;;0;0;0;26979.15;0;0;26979.15;10231870.95;467466.11;376366.26;0;0;0;0;0;0;246570.67;11322273.99
08.924.783/0001-01;2026-01-01;2;18790381.12;200;0;78148.65;18712032.47;2372697451.15;2025408100.6;0;2025408100.6;0;0;0;0;0;0;0;0;;0;0;347289350.55;0;0;0;0;0;0;;0;0;;0;0;0;25850627.43;19093931.25;0;6756696.18;0;385769.69;0;90017046.93;0;0;22094480.18;0;0;15626169.3;128123466.1
08.971.868/0001-40;2026-01-01;1;1331985.51;969.27;902005.93;0;429010.31;3101567;2151773;0;0;0;0;0;2151773;949794;0;0;0;;0;0;0;0;0;0;0;0;0;;0;0;;0;0;0;37876.42;0;0;37876.42;0;900;0;0;0;0;0;0;0;1397.6;2297.6
08.971.868/0001-40;2026-02-01;1;825151.55;711.88;802059.72;0;22379.95;3188162;2151773;0;0;0;0;0;2151773;1036389;0;0;0;;0;0;0;0;0;0;0;0;0;;0;0;;0;0;0;37876.42;0;0;37876.42;0;900;0;0;0;0;0;0;0;4601.34;5501.34
09.006.914/0001-34;2026-01-01;1;5194809.34;17498.78;0;0;5177310.56;115260000;115260000;0;115260000;0;0;0;0;0;0;0;0;;0;0;0;0;0;0;0;0;0;;0;0;;0;0;0;1014635.19;985541.3;0;29093.89;867894.38;11691.17;0;0;0;0;0;0;0;535439.11;1415024.66
09.072.017/0001-29;2026-01-01;1;75049459.35;5000.79;11757658.11;0;63286800.45;1676270945.69;1558610712.86;0;1558610712.86;0;0;0;0;0;0;0;0;;0;0;66859061.6;0;0;0;1003.44;500;0;;50799667.79;0;;0;0;0;53766172.15;11383399.42;38664201.58;3718571.15;10071808.45;1229432.31;0;0;3416998.54;0;42403216.84;0;350559.78;2949717.65;60421733.57
09.150.967/0001-24;2026-01-01;1;727737.85;39792.83;687945.02;0;0;4309186.5;0;0;0;0;0;0;0;0;0;0;0;;0;0;4309186.5;0;0;0;0;0;0;;0;0;;0;0;0;13599311.75;0;13598524.46;787.29;0;21603.26;0;0;0;13446571.32;0;0;0;35450.05;13503624.63
09.276.964/0001-31;2026-01-01;1;1029468.04;1029468.04;0;0;0;465021437;465021437;0;465021437;0;0;0;0;0;0;0;0;;0;0;0;0;0;0;0;0;0;;0;0;;0;0;0;327159.76;0;0;327159.76;0;11863.64;0;0;0;0;0;0;0;471531.08;483394.72
09.276.964/0001-31;2026-02-01;1;1009222.97;1009222.97;0;0;0;465021437;465021437;0;465021437;0;0;0;0;0;0;0;0;;0;0;0;0;0;0;0;0;0;;0;0;;0;0;0;504.44;0;0;504.44;0;20863.64;0;0;0;0;0;0;0;75335.26;96198.9
09.326.861/0001-39;2026-01-01;1;1008683.24;2000;;;1006683.24;63303047.71;63303047.71;;63303047.71;;;;;;;;;;;;;;;;;;;;;;;;;;984673.86;984673.86;;;528831.58;27535.14;;;;;;;;64790.43;621157.15
09.517.273/0001-82;2026-01-01;1;3797025.67;5531.1;3791494.57;0;0;160503627.99;149270128;0;149270128;0;0;0;0;0;0;0;0;;0;0;0;0;0;0;11233499.99;0;0;;0;0;;0;0;0;1427971.53;1427971.53;0;0;174100.04;32306.56;0;0;0;3163600;0;0;0;407306.29;3777312.89
09.552.812/0001-14;2026-01-01;1;128541429.4;0;0;0;128541429.4;932549719.61;0;0;0;0;0;0;0;3169.44;0;0;0;;0;0;156499715.16;0;0;0;0;0;0;;776046835.01;0;;0;0;0;2729295.7;0;0;2729295.7;0;811553.7;0;0;0;0;0;0;0;56169198.38;56980752.08
10.347.985/0001-80;2026-01-01;1;528150.58;1999.08;;;526151.5;230777266.05;230777266.05;;230777266.05;;;;;;;;;;;;;;;;;;;;;;;;;;1623181.39;1615603.93;;7577.46;886402.71;135052.19;;;;266974.4;;;;209594.74;1498024.04
10.375.382/0001-91;2026-01-01;1;2127689.78;2000;;;2125689.78;157560598.07;157560598.07;;157560598.07;;;;;;;;;;;;;;;;;;;;;;;;;;2234151.62;2234151.62;;;1269447.89;81647.15;;;;;;;;768760.08;2119855.12
10.427.246/0001-06;2026-01-01;2;604975.91;46140.38;0;-0.02;558835.55;325584847.54;325475435.2;0;325475435.2;0;0;0;0;0;0;0;0;;0;0;109412.34;0;0;0;0;0;0;;0;0;;0;0;0;9058993.62;3565978.85;0;5493014.77;0;49523.39;0;2100000;0;0;171351726.2;0;1571919.21;10146947.25;185220116.05
10.456.799/0001-89;2026-01-01;1;6662547.71;166256.77;0;0;6496290.94;1162381752.68;1121153382.14;107978499.42;1004026900.58;5577966.24;3565554.73;0;4461.17;0;0;0;0;;0;40720986.81;0;0;0;0;507383.73;0;0;;0;0;;0;0;0;15310625.63;8055020.33;0;7255605.3;61168586;91076.22;0;2388352.35;0;0;0;0;0;10693273.99;74341288.56
10.522.648/0001-81;2026-01-01;1;2772066.01;858840.62;;;1913225.39;36224485.5;36224485.5;;36224485.5;;;;;;;;;;;;;;;;;;;;;;;;;;1214121.67;;;1214121.67;356804.73;33872.8;;;;;;;;1381236.98;1771914.51
10.869.155/0001-12;2026-01-01;2;114005684.45;196.94;0;0;114005487.51;624754795.14;624754795.14;2500844.1;622253951.04;0;0;0;0;0;0;0;0;;0;0;0;0;0;0;0;0;0;;0;0;;0;0;0;10879304.93;3177716.37;0;7701588.56;1490018.33;131379.8;0;249550907.95;170470.67;0;0;0;478109.23;2372620.03;254193506.01
10.991.914/0001-15;2026-01-01;1;8111570.82;22272.8;8089298.02;0;0;101000000.01;101000000.01;0;101000000.01;0;0;0;0;0;0;0;0;;0;0;0;0;0;0;0;0;0;;0;0;;0;0;0;4896.3;0;0;4896.3;821710.44;55710.87;0;0;0;0;0;0;0;333627.91;1211049.22
11.044.355/0001-07;2026-01-01;1;2570620.65;2570620.65;0;0;0;243665811.39;243665811.39;0;240281600;0;3384211.39;0;0;0;0;0;0;;0;0;0;0;0;0;0;0;0;;0;0;;0;0;0;1884893.88;1390975.84;0;493918.04;1332307.51;29417.55;0;0;0;0;0;0;0;102817.75;1464542.81
11.160.521/0001-22;2026-01-01;1;54633264.37;5000.15;0;0;54628264.22;1477617296.08;0;0;0;0;0;0;0;0;0;0;0;;0;0;235401724.78;0;0;0;0;0;0;;1242215571.3;0;;0;0;0;1289593.58;0;0;1289593.58;14647316.91;1010282.41;0;0;0;0;0;0;0;224764.27;15882363.59
11.179.118/0001-45;2026-01-01;1;2369447.63;217.84;0;0;2369229.79;7975.79;0;0;0;0;0;0;0;0;0;0;0;;0;0;7975.79;0;0;0;0;0;0;;0;0;;0;0;0;152812032.01;1241646.05;0;151570385.96;0;58539.52;0;0;0;0;0;0;0;1144191.93;1202731.45
11.233.841/0001-65;2026-01-01;1;658301.21;1302.9;0;0;656998.31;403537432.74;403537432.74;0;403537432.74;0;0;0;0;0;0;0;0;;0;0;0;0;0;0;0;0;0;;0;0;;0;0;0;5656626.55;5401327.53;0;255299.02;0;36310.05;0;0;0;0;0;0;0;323693;360003.05
11.260.134/0001-68;2026-01-01;1;2906500.25;376.74;0;0;2906123.51;0;0;0;0;0;0;0;0;0;0;0;0;;0;0;0;0;0;0;0;0;0;;0;0;;0;0;0;270339688;0;270295615;44073;73350;7444831.76;0;0;0;0;0;0;0;681160.72;8199342.48
11.268.335/0001-01;2026-01-01;1;2346642.7;500;0;0;2346142.7;150036576.64;143033088.67;0;143033088.67;0;0;0;0;0;0;0;0;;0;0;0;0;0;0;7003487.97;0;0;;0;0;;0;0;0;412882.33;412882.33;0;0;0;25759.92;0;0;0;0;0;0;0;100688.96;126448.88
11.274.415/0001-70;2026-01-01;2;3936707.29;198.5;0;0;3936508.79;96312000;96312000;0;96312000;0;0;0;0;0;0;0;0;;0;0;0;0;0;0;0;0;0;;0;0;;0;0;0;5417553.39;0;5400000;17553.39;0;73693.22;0;0;0;0;0;0;0;660327.8;734021.02
11.281.322/0001-72;2026-01-01;1;51007.32;2000;;;49007.32;29800000;29800000;;29800000;;;;;;;;;;;;;;;;;;;;;;;;;;1838.01;;;1838.01;;37927.82;;;;;;;;238341.28;276269.1
11.326.746/0001-06;2026-01-01;1;122679670.36;0.36;0;0;122679670;269842331.2;258248370;71517500;186730870;0;0;0;0;0;0;0;0;;0;0;0;0;0;0;6161627.43;0;0;;5432333.77;0;;0;0;0;4873645.85;1369233.17;0;3504412.68;0;23031.74;0;2000000;0;0;0;0;0;234124.64;2257156.38
11.602.654/0001-01;2026-01-01;1;3809046.92;197;0;0;3808849.92;429753393.82;429750000;0;429750000;0;0;0;0;0;0;0;0;;0;0;3393.82;0;0;0;0;0;0;;0;0;;0;0;0;3207643.59;3166673.83;0;40969.76;0;117710.55;0;0;0;0;0;0;0;10855321.18;10973031.73
11.664.201/0001-00;2026-01-01;1;30653607.2;36625.23;30616981.97;;;1325640809.07;0;;;;;;;;;;;;;;129810677.88;;;;;;;;1195830131.19;;;;;;357119.86;;;357119.86;13283214.35;1040850.05;;;;;;;;21082415.56;35406479.96
11.728.688/0001-47;2026-01-01;1;56926238.42;5000.37;0;0;56921238.05;8055930411.46;6745314442.19;0;6745314442.19;0;0;0;0;0;0;0;0;;0;0;316030972.36;0;0;0;983373750.14;0;0;;11211246.77;0;;0;0;0;271766178.31;54460961.08;11666430.96;205638786.27;46644989.6;3329382.07;0;4252256.05;0;0;674472932.44;0;0;599408269.03;1328107829.19
11.769.604/0001-13;2026-01-01;2;101710.33;171.51;0;0;101538.82;1765802017.71;1765802017.71;0;1765802017.71;0;0;0;0;0;0;0;0;;0;0;0;0;0;0;0;0;0;;0;0;;0;0;0;41789490.27;35679733.11;0;6109757.16;0;1011577.81;0;0;0;0;595009070.5;0;0;17510.17;596038158.48
11.827.568/0001-05;2026-01-01;1;37696171.21;346.98;338995.28;0;37356828.95;13153898.88;10714890;562000;10152890;0;0;0;0;0;0;0;0;;0;0;1297932.9;0;0;0;0;0;0;;1141075.98;0;;0;0;0;0;0;0;0;0;63149.05;0;0;0;0;0;0;0;27172.74;90321.79
11.839.593/0001-09;2026-01-01;2;558332209.22;0;-0.01;364027024.17;194305185.06;5719387533.3;4942298243.15;0;4942298243.15;0;0;0;0;0;0;0;0;;0;0;520429198.3;0;0;0;255672100.97;0;0;;987990.88;0;;0;0;0;79683522.31;58114479.39;0;21569042.92;0;3920709.84;0;673333693.85;0;0;158653420.16;0;0;27376879.71;863284703.56
11.945.604/0001-27;2026-01-01;1;379438.52;36070.09;125841.89;0;217526.54;900211.28;0;0;0;0;0;0;0;0;0;0;0;;0;0;0;0;0;0;900211.28;0;0;;0;0;;0;0;0;1206128.5;0;0;1206128.5;14254.59;48826.44;0;0;0;0;0;0;0;39832.97;102914
12.005.956/0001-65;2026-01-01;1;179596550.91;292726.73;179303824.18;;;4540195318.63;4186552046.85;;4186552046.85;;;;;;;;;;;;;;;;-446583.58;55629995.49;;;298459859.87;;;;;;334112430.11;25392732.57;306488794.4;2230903.14;24826278.95;4174087.14;;16886843.53;;20438320.02;277708086.4;;;87375255.45;431408871.49
12.323.955/0001-69;2026-01-01;1;187613.54;186034.28;0;0;1579.26;157474574.44;205370.85;205370.85;0;0;0;0;0;0;0;0;0;;0;0;0;0;0;0;157269203.59;0;0;;0;0;;0;0;0;37218344.04;0;0;37218344.04;0;34251.06;0;0;0;0;0;0;0;5151972.42;5186223.48
12.401.858/0001-47;2026-01-01;1;652038.03;117.34;0;0;651920.69;777913396;777913396;0;777913396;0;0;0;0;0;0;0;0;;0;0;0;0;0;0;0;0;0;;0;0;;0;0;0;102904.23;0;0;102904.23;0;38977.9;0;0;0;0;500019682.6;0;0;36684434.52;536743095.02
12.516.185/0001-70;2026-01-01;1;28114062.71;11705467.94;;;16408594.77;1162010113.4;1162010113.4;;1162010113.4;;;;;;;;;;;;;;;;;;;;;;;;;;55868903.14;6983109.87;35782829.72;13102963.55;3727183.28;438742.51;;;;;421566199.35;;;764153.58;426496278.72
12.681.340/0001-04;2026-01-01;1;17769079.22;599426.42;0;5916496.41;11253156.39;151219076.17;151219076.17;0;151219076.17;0;0;0;0;0;0;0;0;;0;0;0;0;0;0;0;0;0;;0;0;;0;0;0;400901.89;400901.89;0;0;2145810.24;83679.71;0;0;0;0;0;0;0;34364.34;2263854.29
12.804.013/0001-00;2026-01-01;1;1606911.41;14009.64;0;0;1592901.77;186684915.1;186684915.1;900000;185475000;0;309915.1;0;0;0;0;0;0;;0;0;0;0;0;0;0;0;0;;0;0;;0;0;0;1829430.23;1130643.56;243566.58;455220.09;957670.51;47418.19;0;0;0;0;0;0;0;370634.48;1375723.18
12.809.972/0001-00;2026-01-01;1;3420403.9;2000;;;3418403.9;125100000;125100000;;125100000;;;;;;;;;;;;;;;;;;;;;;;;;;1085175.57;1085175.57;;;262671.15;42078.46;;;;;;;;64619.08;369368.69
12.811.222/0001-73;2026-01-01;1;640106.39;551299.63;0;0;88806.76;5628474.24;0;0;0;0;0;0;0;5627999.98;0;0;0;;0;0;474.26;0;0;0;0;0;0;;0;0;;0;0;0;12490309.79;0;0;12490309.79;0;16000;0;0;0;0;0;0;0;3403797.71;3419797.71
12.887.506/0001-43;2026-01-01;2;529042.63;5022.02;524020.61;;;20600000;20600000;;20600000;;;;;;;;;;;;;;;;;;;;;;;;;;3310036.82;207407.47;;3102629.35;33818.95;20397.39;;;;;;;;2135502.57;2189718.91
12.969.125/0001-03;2026-01-01;1;93189586.6;3445.4;93186141.2;0;0;121810405.86;0;0;0;0;0;0;0;0;0;0;0;;0;0;0;0;0;0;0;121810405.86;0;;0;0;;0;0;0;13469922.59;0;0;13469922.59;0;136825.82;0;19025637.03;0;0;0;0;0;16405537.2;35568000.05
12.978.943/0001-72;2026-01-01;1;19139761.23;2000;;;19137761.23;839921891.47;779400000;;779400000;;;;;;;;;;;;;;;;;;;;;;;60521891.47;;;13141.92;;;13141.92;6716148.88;129809.73;;;;76647901.87;;;;52261.89;83546122.37
12.989.974/0001-29;2026-01-01;2;118266005.44;10069.19;118255936.25;0;0;7031737278.88;725596142.18;307683365.68;200000000;160300000;37712776.5;19900000;0;0;0;0;0;;0;0;0;0;0;0;15726358.64;0;6290414778.06;;0;0;;0;0;0;243815650.4;1391852.14;154729652.95;87694145.31;0;1222979.93;0;0;0;0;0;0;0;54292251.14;55515231.07
13.000.836/0001-38;2026-01-01;1;469.31;0;0;0;469.31;91922223.83;0;0;0;0;0;0;0;91922223.83;0;0;0;;0;0;0;0;0;0;0;0;0;;0;0;;0;0;0;500964.66;0;0;500964.66;0;168246.46;0;0;0;0;0;0;0;416423.7;584670.16
13.020.465/0001-56;2026-01-01;1;10093801.64;750.11;10093051.53;0;0;0;0;0;0;0;0;0;0;0;0;0;0;;0;0;0;0;0;0;0;0;0;;0;0;;0;0;0;2849.89;0;0;2849.89;0;23054739.4;0;0;0;0;0;0;0;157033.49;23211772.89
13.022.994/0001-99;2026-01-01;1;3631766.15;5613.12;0;0;3626153.03;1412053100;1412053100;0;1412053100;0;0;0;0;0;0;0;0;;0;0;0;0;0;0;0;0;0;;0;0;;0;0;0;8359245.66;6452209.26;0;1907036.4;2810823.32;79254.17;0;0;0;533047.15;0;0;52778.49;2564687.21;6040590.34
13.125.823/0001-95;2026-01-01;1;35778.52;1972.88;;;33805.64;10034000;10034000;10034000;;;;;;;;;;;;;;;;;;;;;;;;;;;859590.62;759770.49;;99820.13;;12906.6;;;;;8775613.77;;;9753.08;8798273.45
13.320.290/0001-00;2026-01-01;1;1203760.42;197.04;0;0;1203563.38;747.07;0;0;0;0;0;0;0;0;0;0;0;;0;0;747.07;0;0;0;0;0;0;;0;0;;0;0;0;307663542.87;1814560.63;0;305848982.24;0;13500;0;0;0;0;0;0;0;0;13500
13.371.132/0001-71;2026-01-01;1;156770700.33;10000;156760700.33;0;0;2131579899.76;1867210200.63;0;1867210200.63;0;0;0;0;0;0;0;0;;0;0;204034750.07;0;0;0;0;0;0;;60334949.06;0;;0;0;0;11375888.22;11359057.66;0;16830.56;9968317.44;1152670.09;0;135000000;0;0;0;0;0;33222.92;146154210.45
13.500.306/0001-59;2026-01-01;1;5822307.71;5075.35;0;0;5817232.36;67895584.15;67895584.15;0;67895584.15;0;0;0;0;0;0;0;0;;0;0;0;0;0;0;0;0;0;;0;0;;0;0;0;3020579.01;210217.27;2800000;10361.74;1334933.98;69088.04;0;0;0;0;0;0;0;34773.74;1438795.76
13.509.993/0001-73;2026-01-01;1;2366679.86;951322.29;0;0;1415357.57;21635000;1435000;0;0;0;1435000;0;0;0;0;0;0;;0;0;0;0;0;0;0;0;0;;0;0;;0;0;20200000;4903488.23;0;4879098.97;24389.26;0;20000;0;0;0;0;0;0;0;4730263.63;4750263.63
13.551.286/0001-45;2026-01-01;2;13988311.06;213.22;0;0;13988097.84;0;0;0;0;0;0;0;0;0;0;0;0;;0;0;0;0;0;0;0;0;0;;0;0;;0;0;0;206539676.43;2091987.27;0;204447689.16;0;94572.48;0;0;0;0;0;0;0;86559.01;181131.49
13.555.918/0001-49;2026-01-01;1;302570.04;691.1;301871.88;0;7.06;138274040.8;63499000;63499000;0;0;0;0;0;60184798.21;0;0;0;;0;0;4484287.86;0;0;0;0;0;0;;0;0;;0;0;10105954.73;0;0;0;0;0;25000;0;0;0;0;0;0;0;22908862.86;22933862.86
13.584.584/0001-31;2026-01-01;1;4044308.41;952041.68;3092266.73;0;0;245537338.61;245537338.61;0;0;0;0;0;245537338.61;0;0;0;0;;0;0;0;0;0;0;0;0;0;;0;0;;0;0;0;186269.61;0;0;186269.61;0;48872.34;0;0;0;0;0;0;0;488745.66;537618
13.598.226/0001-88;2026-01-01;2;13819311.69;6362156.76;7457154.93;0;0;346906779.49;335183779.49;200632503.04;0;0;134551276.45;0;0;0;0;0;0;;0;0;0;0;0;0;0;0;0;;0;0;;0;0;11723000;87020490.84;0;86995549.17;24941.67;0;5844.98;0;0;0;0;0;0;0;122492.94;128337.92
13.703.596/0001-38;2026-01-01;1;783075.24;3367.11;0;0;779708.13;64428476.54;95718000;0;95718000;0;0;0;0;0;0;0;0;;0;0;1021916.62;0;0;0;0;0;0;;0;0;;0;0;-32311440.08;228606.37;228606.37;0;0;410592.05;25884.59;0;0;0;45000;56556559.92;0;0;12515.82;57050552.38
13.726.079/0001-84;2026-01-01;1;266245578.37;31131.56;150332260.47;0;115882186.34;770064853.29;656549016.24;0;638081156;0;18467860.24;0;0;0;0;0;0;;0;0;0;0;0;0;113515837.05;0;0;;0;0;;0;0;0;6261629.3;0;0;6261629.3;0;54013.53;0;0;0;0;0;0;0;6162736.45;6216749.98
13.842.683/0001-76;2026-01-01;1;3559.16;3559.16;0;0;0;17257101.34;0;0;0;0;0;0;0;0;0;0;0;;0;0;0;0;0;0;0;0;0;;17257101.34;0;;0;0;0;0;0;0;0;0;72575.7;0;0;0;0;0;0;0;420427.98;493003.68
13.920.018/0001-53;2026-01-01;1;741243.89;741193.87;0;0;50.02;83853810.05;83800000;0;0;0;83800000;0;0;0;0;0;0;;0;0;0;0;53810.05;0;0;0;0;;0;0;;0;0;0;24586.1;0;0;24586.1;0;95836.6;0;0;0;0;0;0;0;2696325.06;2792161.66
13.920.018/0001-53;2026-02-01;1;223329.38;223278.95;0;0;50.43;83853897.67;83800000;0;0;0;83800000;0;0;0;0;0;0;;0;0;0;0;53897.67;0;0;0;0;;0;0;;0;0;0;72856.32;0;0;72856.32;0;44538.36;0;0;0;0;0;0;0;2453124.18;2497662.54
13.974.819/0001-00;2026-01-01;1;70046480.53;342.98;66766828.54;0;3279309.01;0;0;0;0;0;0;0;0;0;0;0;0;;0;0;0;0;0;0;0;0;0;;0;0;;0;0;0;478605.43;0;0;478605.43;1.62;54759.28;0;0;0;0;0;0;0;213247.98;268008.88
14.056.001/0001-62;2026-01-01;1;3880979.5;8068.18;2063857.68;0;1809053.64;4192809.88;4192809.88;0;0;4192809.88;0;0;0;0;0;0;0;;0;0;0;0;0;0;0;0;0;;0;0;;0;0;0;2391799.02;0;2388085.26;3713.76;29181.93;0;0;0;0;0;0;0;1964756.91;16916.18;2010855.02
14.074.706/0001-02;2026-01-01;1;3.6;3.6;0;0;0;736244449.28;357862729.24;0;357862729.24;0;0;0;0;1316114.8;0;0;0;;0;7798331.29;81244902.98;0;0;0;0;288022370.97;0;;0;0;;0;0;0;781932.48;0;0;781932.48;0;122705.15;0;0;0;0;0;0;0;823067.21;945772.36
14.080.689/0001-16;2026-01-01;1;316203.21;634.43;0;0;315568.78;13299809.34;0;0;0;0;0;0;0;0;0;0;0;;0;0;0;0;0;0;0;0;0;;13299809.34;0;;0;0;0;338448.61;0;0;338448.61;0;17346.81;0;0;0;0;0;0;0;57575.31;74922.12
14.088.246/0001-71;2026-01-01;1;630503.28;1000.01;629503.27;0;0;93831143.59;93831143.59;0;93831143.59;0;0;0;0;0;0;0;0;;0;0;0;0;0;0;0;0;0;;0;0;;0;0;0;5568.51;0;0;5568.51;0;12454.15;0;0;0;0;0;0;0;30391.65;42845.8
14.149.745/0001-21;2026-01-01;1;21825371.16;1125940.47;0;0;20699430.69;652442885.84;652442885.84;0;652442885.84;0;0;0;0;0;0;0;0;;0;0;0;0;0;0;0;0;0;;0;0;;0;0;0;569791.55;0;0;569791.55;0;208475.2;0;0;0;0;0;0;0;644963.44;853438.64
14.217.108/0001-45;2026-01-01;1;2219071.43;276408.28;1942663.15;0;0;400504789.98;400504789.98;56970168.65;333295621.33;0;10239000;0;0;0;0;0;0;;0;0;0;0;0;0;0;0;0;;0;0;;0;0;0;4431318.08;2741435.14;0;1689882.94;2123500;643245.87;0;0;0;0;0;0;0;554945.26;3321691.13
14.376.247/0001-11;2026-01-01;1;5506385.17;198.5;0;0;5506186.67;107519836.63;107483000;0;107483000;0;0;0;0;0;0;0;0;;0;0;36836.63;0;0;0;0;0;0;;0;0;;0;0;0;331018.09;329416.18;0;1601.91;0;62651.85;0;0;0;0;0;0;0;212807.96;275459.81
14.410.722/0001-29;2026-01-01;1;57882792.26;2000;0;0;57880792.26;1568465626.67;1538945154.12;0;1538945154.12;0;0;0;0;0;0;0;0;;0;0;26055981.99;0;0;0;0;0;0;;3464490.56;0;;0;0;0;69976336.38;16531217.56;53442560.17;2558.65;18031508.61;369257.41;0;13187755.92;0;0;0;0;0;3732472.93;35320994.87
14.413.342/0001-48;2026-01-01;1;25143627.83;291521.56;;;24852106.27;338592042.36;317650000;;317650000;;;;;;;;;;;;187388.57;;;;;;;;;;;20754653.79;;;1055137.61;1053620.46;;1517.15;19976880;240867.05;;;;;;;;1941208.2;22158955.25
14.423.780/0001-97;2026-01-01;1;3932899.24;14918.41;3917980.83;;;7848594.45;0;;;;;;;;;;;;;;;;;;;7848594.45;;;;;;;;;6515.08;;;6515.08;;22391.72;;;;;;;;30359.6;52751.32
14.609.653/0001-87;2026-01-01;1;272838.53;1000;0;0;271838.53;55770000;0;0;0;0;0;0;0;0;0;0;0;;0;0;0;0;0;0;55770000;0;0;;0;0;;0;0;0;5253603.94;0;0;5253603.94;7812.47;32490.36;0;0;0;0;0;0;0;2085257.58;2125560.41
14.631.148/0001-39;2026-01-01;1;609123.37;494.96;608628.41;0;0;63255096;59891000;59891000;0;0;0;0;0;0;0;0;0;;0;0;0;0;3364096;0;0;0;0;;0;0;;0;0;0;0;0;0;0;0;12600;0;0;0;0;0;0;0;454524.7;467124.7
14.721.889/0001-00;2026-01-01;1;2504925.74;100;;;2504825.74;271122217.75;271122217.75;;271122217.75;;;;;;;;;;;;;;;;;;;;;;;;;;359.58;;;359.58;2337676.23;32489.13;;;;;;;;25701.91;2395867.27
14.788.492/0001-36;2026-01-01;2;15381461.56;197.5;12515909.69;0;2865354.37;1065947166.91;1057300000;0;1057300000;0;0;0;0;0;0;0;0;;0;8695418.42;0;0;0;0;-48251.51;0;0;;0;0;;0;0;0;6384460.53;7107602.78;0;-723142.25;0;355448.5;0;223075451.79;0;0;-98681.15;0;0;13706874.21;237039093.35
14.793.782/0001-78;2026-01-01;1;683644.71;636514.08;0;0;47130.63;46041440;36100000;0;36100000;0;0;0;0;0;0;0;0;;0;0;9941440;0;0;0;0;0;0;;0;0;;0;0;0;14852935.16;253698.77;14599139.15;97.24;185500;107844.63;0;0;0;0;0;0;240190.78;7293.5;540828.91
15.006.267/0001-63;2026-01-01;1;624207.93;196.2;0;0;624011.73;149928263.73;93415000.01;0;93415000.01;0;0;0;0;0;0;0;0;;0;0;56513263.72;0;0;0;0;0;0;;0;0;;0;0;0;587737.99;534399.13;0;53338.86;0;157393.67;0;0;0;0;0;0;0;106279.76;263673.43
15.006.286/0001-90;2026-01-01;1;2832434.32;5840.61;0;0;2826593.71;219900000;219900000;0;219900000;0;0;0;0;0;0;0;0;;0;0;0;0;0;0;0;0;0;;0;0;;0;0;0;1773832.64;1677878.06;0;95954.58;1284505.06;65683.21;0;0;0;0;0;0;0;121468.67;1471656.94
15.098.422/0001-19;2026-01-01;1;806602;0;0;0;806602;180225000;180225000;0;180225000;0;0;0;0;0;0;0;0;;0;0;0;0;0;0;0;0;0;;0;0;;0;0;0;1637917.29;1337721.56;0;300195.73;0;40111.39;0;0;0;0;0;0;0;16660043.77;16700155.16
15.333.306/0001-37;2026-01-01;1;1699789.83;200;0;0;1699589.83;169248134.66;169240000;0;169240000;0;0;0;0;0;0;0;0;;0;0;8134.66;0;0;0;0;0;0;;0;0;;0;0;0;2196388.48;1749505.68;0;446882.8;0;41771.77;0;0;0;0;0;0;0;1061126.03;1102897.8
15.348.117/0001-38;2026-01-01;1;95015.57;95015.57;0;0;0;119847813.47;119796000;0;119796000;0;0;0;0;0;0;0;0;;0;0;0;0;51813.47;0;0;0;0;;0;0;;0;0;0;106156.06;0;0;106156.06;0;36488.62;0;0;0;0;0;0;0;35192507.44;35228996.06
15.447.108/0001-02;2026-01-01;1;52591938.41;0;52591938.41;0;0;2691101616.91;2347267690.65;0;2347267690.65;0;0;0;0;0;0;0;0;;0;0;343833926.26;0;0;0;0;0;0;;0;0;;0;0;0;63085740.06;31794147.28;587577;30704015.78;0;76208.19;0;0;0;0;812649147.34;0;38589.61;8511133.39;821275078.53
15.447.110/0001-73;2026-01-01;1;4597335.99;231017.17;4366318.82;0;0;1044133342.17;1044133342.17;0;1044133342.17;0;0;0;0;0;0;0;0;;0;0;0;0;0;0;0;0;0;;0;0;;0;0;0;4669532.34;2841898.76;0;1827633.58;5699999.54;304201.16;0;0;0;0;8540377.27;0;0;2269824.38;16814402.35
15.461.076/0001-91;2026-01-01;1;713136.54;953.38;712183.16;0;0;111225057.59;104850717;0;104850717;0;0;0;0;0;0;0;0;;0;0;0;0;6374340.59;0;0;0;0;;0;0;;0;0;0;501009.8;0;0;501009.8;0;25000;0;0;0;0;0;0;0;0;25000
15.463.207/0001-70;2026-01-01;1;6542695.15;100;;;6542595.15;843700000;843700000;;843700000;;;;;;;;;;;;;;;;;;;;;;;;;;7408386.85;7362057.41;;46329.44;5575830;104899.06;;;;;;;;14560689.8;20241418.86
15.489.509/0001-17;2026-01-01;1;5655108.19;424.41;5654683.78;0;0;827322890;827322890;86769546;740553344;0;0;0;0;0;0;0;0;;0;0;0;0;0;0;0;0;0;;0;0;;0;0;0;4392204.04;4349512.07;0;42691.97;4144952.63;62461.91;0;0;0;0;0;0;0;110350.81;4317765.35
15.538.445/0001-05;2026-01-01;1;7123882.95;64.92;4191976.04;0;2931841.99;90346000;90346000;0;90346000;0;0;0;0;0;0;0;0;;0;0;0;0;0;0;0;0;0;;0;0;;0;0;0;890721.15;851331.07;0;39390.08;809100;33116.78;0;0;0;0;0;0;0;107271.81;949488.59
15.570.431/0001-60;2026-01-01;1;3916618.55;18023.4;3898595.15;0;0;44859000;44859000;0;44859000;0;0;0;0;0;0;0;0;;0;0;0;0;0;0;0;0;0;;0;0;;0;0;0;555967.25;555967.25;0;0;490000;27190.78;0;0;0;0;0;0;0;85496.32;602687.1
15.576.907/0001-70;2026-01-01;1;37520855.47;5701.9;0;0;37515153.57;1822571936.44;1562450125.73;0;1481050000;0;0;0;81400125.73;0;0;0;0;;0;0;64423712.77;0;0;0;195698097.94;0;0;;0;0;;0;0;0;56368377.28;20771109.3;25925652;9671615.98;14503971.75;844817.18;0;5385093.83;0;0;187140665.78;0;0;33591731.31;241466279.85
15.798.220/0001-80;2026-01-01;1;1295.99;1295.99;0;0;0;125000474.26;125000000;0;0;0;125000000;0;0;0;0;0;0;;0;0;474.26;0;0;0;0;0;0;;0;0;;0;0;0;52;0;0;52;0;253193.62;0;0;0;0;0;0;0;326634.48;579828.1
15.799.397/0001-09;2026-01-01;1;2144201.2;198.5;0;0;2144002.7;15282.11;0;0;0;0;0;0;0;0;0;0;0;;0;0;15282.11;0;0;0;0;0;0;;0;0;;0;0;0;123351109.27;945569.63;0;122405539.64;0;67215.19;0;0;0;0;0;0;0;2217301.58;2284516.77
16.543.270/0001-89;2026-01-01;1;1900418.89;8417.88;1892001.01;0;0;61736285.92;50000000;50000000;0;0;0;0;0;0;0;0;0;;0;0;4036285.92;0;0;0;7700000;0;0;;0;0;;0;0;0;0;0;0;0;0;83573.32;0;0;0;0;0;0;0;14523189.05;14606762.37
16.671.412/0001-93;2026-01-01;1;43397472.5;9333.87;0;0;43388138.63;618827583.26;512461084.45;0;424600000;0;0;0;87861084.45;0;0;0;0;;0;0;0;0;0;0;0;106366498.81;0;;0;0;;0;0;0;95597960.25;3239140.52;0;92358819.73;5448876.03;366714.3;0;912913.1;0;0;113299998.13;0;0;673775.07;120702276.63
16.685.929/0001-31;2026-01-01;1;108.55;108.55;0;0;0;494233101.66;0;0;0;0;0;0;0;0;0;0;0;;0;0;0;0;0;0;494233101.66;0;0;;0;0;;0;0;0;0;0;0;0;0;16463866.64;0;0;0;0;0;0;0;6071325.36;22535192
16.706.958/0001-32;2026-01-01;1;1177386580.57;271747.78;1177114832.79;;;9352546799.26;0;;;;;;;;;;;;;;155316525.16;;;;;;;;8216671594.68;;;980558679.42;;;52120.63;;;52120.63;121861897.25;8652449.86;;;;;;;;18420945.63;148935292.74
16.802.320/0001-03;2026-01-01;2;607354.42;739.07;0;0;606615.35;50630063.68;50630063.68;0;50630063.68;0;0;0;0;0;0;0;0;;0;0;0;0;0;0;0;0;0;;0;0;;0;0;0;284035.33;260380.28;0;23655.05;0;476958.08;0;0;0;0;0;0;0;1857728.13;2334686.21
16.802.360/0001-47;2026-01-01;1;0;0;0;0;0;12110549.61;0;0;0;0;0;0;0;12110549.61;0;0;0;;0;0;0;0;0;0;0;0;0;;0;0;;0;0;0;0;0;0;0;0;677845.98;0;0;0;0;0;0;0;358985.46;1036831.44
16.841.067/0001-99;2026-01-01;1;985902.42;3234.15;982668.27;0;0;7026864.92;0;0;0;0;0;0;0;0;0;0;0;;0;0;0;0;0;0;0;0;0;;7026864.92;0;;0;0;0;1147.6;0;0;1147.6;0;14519.72;0;0;0;0;0;0;0;82603.41;97123.13
16.915.968/0001-88;2026-01-01;1;3687678.21;322.77;3664892.32;0;22463.12;623780844.16;33613924.37;692155.57;0;32921768.8;0;0;0;0;0;0;0;;0;0;148326298;0;0;0;0;441840621.79;0;;0;0;;0;0;0;40563754.43;0;363084.15;40200670.28;6638482.2;800085.26;0;0;0;0;0;0;0;496.95;7439064.41
16.924.913/0001-34;2026-01-01;1;15727.25;4713.29;0;0;11013.96;5378000;5378000;0;5378000;0;0;0;0;0;0;0;0;;0;0;0;0;0;0;0;0;0;;0;0;;0;0;0;33.75;0;0;33.75;0;20224.35;0;0;0;0;0;0;0;0;20224.35
16.929.519/0001-99;2026-01-01;1;1311440.66;2000;;;1309440.66;11810453.64;0;;;;;;;;;;;;;;;;;;11810453.64;;;;;;;;;;127594.97;;;127594.97;;8253.38;;;;;;;;36198.31;44451.69
17.007.443/0001-07;2026-01-01;1;5522584.59;0;0;0;5522584.59;81258750.24;68500000;0;68500000;0;0;0;0;0;0;0;0;;0;0;12758750.24;0;0;0;0;0;0;;0;0;;0;0;0;590817.12;0;0;590817.12;0;54595.19;0;0;0;0;0;0;0;855279.24;909874.43
17.025.970/0001-44;2026-01-01;1;8048965.98;9927.97;0;0;8039038.01;681850000;681850000;0;681850000;0;0;0;0;0;0;0;0;;0;0;0;0;0;0;0;0;0;;0;0;;0;0;0;3973201.75;3972960.8;0;240.95;3717521.77;57351.72;0;0;0;0;0;0;0;3499033.19;7273906.68
17.098.794/0001-70;2026-01-01;1;11295643.02;20390.15;11275252.87;0;0;127313552.21;0;0;0;0;0;0;0;0;0;0;0;;0;0;127313552.21;0;0;0;0;0;0;;0;0;;0;0;0;5980.7;0;0;5980.7;976971.2;137052.87;0;0;0;0;0;0;0;70672.71;1184696.78
17.144.039/0001-85;2026-01-01;1;1454043.46;5000.98;0;0;1449042.48;100901292.6;100901292.6;0;100901292.6;0;0;0;0;0;0;0;0;;0;0;0;0;0;0;0;0;0;;0;0;;0;0;0;537734.66;421567.45;0;116167.21;226400.1;70233.25;0;0;0;0;0;0;0;574221.17;870854.52
17.156.502/0001-09;2026-01-01;1;79601946.62;2464.96;78046119.06;0;1553362.6;265963007.88;0;0;0;0;0;0;0;0;9029254.98;0;0;;0;0;33474553.98;0;0;0;0;0;0;;223459198.92;0;;0;0;0;14921472.96;0;0;14921472.96;3728375;29778.53;340343.26;0;0;0;0;0;0;279705.17;4378201.96
17.161.979/0001-82;2026-01-01;1;24255101.17;637.6;0;0;24254463.57;726087500;721279000;0;721279000;0;0;0;0;0;0;0;0;;0;0;4808500;0;0;0;0;0;0;;0;0;;0;0;0;8854773.34;7997891.17;0;856882.17;17376023.08;112129.26;0;0;0;266281.38;0;0;0;92731608.2;110486041.92
17.282.011/0001-04;2026-01-01;2;9141531.3;-1868.55;0;0;9143399.85;703603597.83;703603597.83;0;703603597.83;0;0;0;0;0;0;0;0;;0;0;0;0;0;0;0;0;0;;0;0;;0;0;0;3489737.85;3381634.12;0;108103.73;0;546403.62;0;140000000;0;0;37093532.44;0;0;805364.07;178445300.13
17.308.805/0001-08;2026-01-01;1;751564.32;199.45;751364.87;0;0;27823912.95;27823912.95;0;27823912.95;0;0;0;0;0;0;0;0;;0;0;0;0;0;0;0;0;0;;0;0;;0;0;0;11879601.53;1312836.96;0;10566764.57;0;29062.9;0;0;0;0;0;0;0;40825.45;69888.35
17.311.079/0001-74;2026-01-01;1;176171.32;31544.26;0;0;144627.06;74688000.02;74688000.02;0;74688000.02;0;0;0;0;0;0;0;0;;0;0;0;0;0;0;0;0;0;;0;0;;0;0;0;48809.77;48792.34;0;17.43;0;2052532;0;0;0;0;0;0;0;177206.9;2229738.9
17.329.029/0001-14;2026-01-01;1;14695422.99;0;0;0;14695422.99;234037769.44;0;0;0;0;0;0;0;0;0;0;0;;0;0;234037769.44;0;0;0;0;0;0;;0;0;;0;0;0;440130.85;0;0;440130.85;2029732.21;124336.9;165653.43;0;0;0;0;0;0;28902.22;2348624.76
17.374.696/0001-19;2026-01-01;1;6588597.19;6588597.19;0;0;0;582866762.5;240350000;0;240350000;0;0;0;0;0;0;0;0;;0;0;319044444.77;0;2607512.25;0;450000;0;0;;20414805.48;0;;0;0;0;8660369.44;0;0;8660369.44;4353256.26;479633.54;0;0;0;0;0;0;0;16806700.97;21639590.77
17.554.274/0001-25;2026-01-01;1;177549511.9;104837406.99;;;72712104.91;3949273277.97;3730220081.58;;3730220081.58;;;;;;;;;;;;117576299.34;;;;3040120.27;;;;98436776.78;;;;;;51347033.48;34546889.43;;16800144.05;16800144.05;3129443.96;;7668181.64;9000000;;602146795.72;;;136103187.64;774847753.01
17.568.605/0001-86;2026-01-01;1;5681893.41;199.42;5681693.99;0;0;324741854.44;324741854.44;0;324741854.44;0;0;0;0;0;0;0;0;;0;0;0;0;0;0;0;0;0;;0;0;;0;0;0;13690629.18;9594619.09;0;4096010.09;0;31888.64;0;0;0;0;0;0;174434.65;880218.35;1086541.64
17.590.518/0001-25;2026-01-01;1;1203996.93;2000;;;1201996.93;197426434.56;190703229;;190703229;;;;;;;;;;;;;;;;;;;;6723205.56;;;;;;2802966.39;2802966.39;;;1368000;55736.73;;;;;;;;73127.45;1496864.18
17.655.102/0001-48;2026-01-01;1;1094915.3;1100;;;1093815.3;200324193.46;0;;;;;;;;;;;;;;;;;;200324193.46;;;;;;;;;;52372299.52;;2652723.48;49719576.04;;182701.45;;100220;;;;;;24162550.03;24445471.48
17.655.115/0001-17;2026-01-01;1;6919464.53;1100;;;6918364.53;559308381.8;559308381.8;;559308381.8;;;;;;;;;;;;;;;;;;;;;;;;;;2761264.9;2761264.9;;;;18892.39;;;;;;;;865666.38;884558.77
17.786.606/0001-05;2026-01-01;1;622.27;13.59;0;0;608.68;-1681667.32;0;0;0;0;0;0;0;0;0;0;0;;0;0;-1681667.32;0;0;0;0;0;0;;0;0;;0;0;0;0;0;0;0;0;261468.2;0;0;0;0;0;0;0;658620.9;920089.1
17.854.016/0001-64;2026-01-01;1;14546.44;14546.44;0;0;0;61660000;61660000;0;61660000;0;0;0;0;0;0;0;0;;0;0;0;0;0;0;0;0;0;;0;0;;0;0;0;38596.8;24527.88;0;14068.92;0;1501320.87;0;0;3500000;0;0;0;0;1556320.16;6557641.03
17.870.926/0001-30;2026-01-01;1;5815099.79;1000;0;0;5814099.79;72512183.15;0;0;0;0;0;0;0;0;0;0;0;;0;0;23797891.66;0;0;0;0;0;0;;48714291.49;0;;0;0;0;0;0;0;0;587818.23;64565.44;0;0;0;0;0;0;0;54602.5;706986.17
18.085.673/0001-57;2026-01-01;1;7928102.8;0;5889444.32;0;2038658.48;143564435.33;0;0;0;0;0;0;0;0;0;0;0;;0;0;18928.06;0;0;0;0;0;0;;143545507.27;0;;0;0;0;16099.18;0;0;16099.18;0;138283.55;0;0;0;0;0;0;0;34324.15;172607.7
18.259.637/0001-62;2026-01-01;1;84442.75;200;0;0;84242.75;28492000;28492000;0;28492000;0;0;0;0;0;0;0;0;;0;0;0;0;0;0;0;0;0;;0;0;;0;0;0;40942.59;39870.05;0;1072.54;0;21796.16;0;0;0;0;0;0;0;57456.28;79252.44
18.265.829/0001-81;2026-01-01;1;0;;;;;54050000;54050000;5200000;48850000;;;;;;;;;;;;;;;;;;;;;;;;;;43475.3;;;43475.3;;2424163.15;;16850000;;;;;;37356553.24;56630716.39
18.289.950/0001-43;2026-01-01;1;19768818.96;10000;0;0;19758818.96;73840000;73840000;0;73840000;0;0;0;0;0;0;0;0;;0;0;0;0;0;0;0;0;0;;0;0;;0;0;0;446862.21;442612.21;0;4250;0;10255.62;0;0;0;0;0;0;0;177179.19;187434.81
18.307.582/0001-19;2026-01-01;1;25418058.28;2000;5999202.63;;19416855.65;1766164187.3;0;;;;;;;;;;;;;;1766164187.3;;;;;;;;;;;;;;20334073.65;;;20334073.65;13547100;748739.54;;;;;;;;568517.87;14864357.41
18.308.516/0001-63;2026-01-01;1;9645052.34;0;0;0;9645052.34;590777950.73;590735621.12;0;0;590735621.12;0;0;0;0;0;0;0;;0;0;42329.61;0;0;0;0;0;0;;0;0;;0;0;0;7083.5;0;0;7083.5;0;291622.46;0;0;0;0;0;0;0;102412.19;394034.65
18.311.024/0001-27;2026-01-01;1;383992.46;0.01;0;0;383992.45;10837315.76;0;0;0;0;0;0;0;0;0;0;0;;0;0;0;0;0;0;10837315.76;0;0;;0;0;;0;0;0;0;0;0;0;48081.45;6500;0;0;0;0;0;0;0;0;54581.45
18.312.285/0001-61;2026-01-01;1;6121364.68;0;0;0;6121364.68;971200000;971200000;0;971200000;0;0;0;0;0;0;0;0;;0;0;0;0;0;0;0;0;0;;0;0;;0;0;0;5086603.08;3879861.63;0;1206741.45;0;29995.92;0;0;0;0;587821136.21;0;0;15268403.27;603119535.4
18.330.535/0001-96;2026-01-01;1;9328272.03;0;9328272.03;0;0;120317;120317;0;120317;0;0;0;0;0;0;0;0;;0;0;0;0;0;0;0;0;0;;0;0;;0;0;0;267860871.44;1001664.39;0;266859207.05;0;174665.77;0;0;0;0;0;0;0;159046.16;333711.93
18.369.510/0001-04;2026-01-01;1;1052997.42;0;0;0;1052997.42;90218632.4;90218632.4;77968000;0;0;0;0;12250632.4;0;0;0;0;;0;0;0;0;0;0;0;0;0;;0;0;;0;0;0;25876.15;0;0;25876.15;167376.99;19550.58;0;0;0;0;0;0;0;363739.96;550667.53
18.497.672/0001-10;2026-01-01;1;956777.16;1522.68;955254.48;0;0;0;0;0;0;0;0;0;0;0;0;0;0;;0;0;0;0;0;0;0;0;0;;0;0;;0;0;0;14.14;0;0;14.14;0;0;0;0;0;0;0;0;0;634.5;634.5
18.647.268/0001-85;2026-01-01;1;0;0;0;0;0;17192863.77;0;0;0;0;0;0;0;0;0;0;0;;0;0;0;0;0;0;0;17192863.77;0;;0;0;;0;0;0;1721.41;0;0;1721.41;0;0;0;0;0;0;0;0;0;56699.1;56699.1
18.730.914/0001-73;2026-01-01;1;2324100.61;0;0;0;2324100.61;55325830;0;0;0;0;0;0;0;0;0;0;0;;0;0;55325830;0;0;0;0;0;0;;0;0;;0;0;0;18816447.37;0;18714390.16;102057.21;0;4000;0;0;0;0;0;0;0;151489.49;155489.49
18.874.954/0001-99;2026-01-01;1;752.14;752.14;0;0;0;0;0;0;0;0;0;0;0;0;0;0;0;;0;0;0;0;0;0;0;0;0;;0;0;;0;0;0;237000000;0;237000000;0;0;280188.15;0;0;0;0;0;0;0;237005115;237285303.15
18.874.965/0001-79;2026-01-01;1;254668.1;254668.1;0;0;0;168300000;168300000;0;168300000;0;0;0;0;0;0;0;0;;0;0;0;0;0;0;0;0;0;;0;0;;0;0;0;2696717.36;2696717.36;0;0;0;37572.47;0;0;0;0;0;0;0;36943.89;74516.36
18.874.965/0001-79;2026-02-01;1;238665.86;238665.86;0;0;0;168300000;168300000;0;168300000;0;0;0;0;0;0;0;0;;0;0;0;0;0;0;0;0;0;;0;0;;0;0;0;1788831.12;1788831.12;0;0;0;37572.47;0;0;0;0;0;0;0;24629.81;62202.28
18.929.353/0001-36;2026-01-01;1;678880.06;437773.39;;;241106.67;136122855;136122855;136122855;;;;;;;;;;;;;;;;;;;;;;;;;;;780597.93;689141.9;;91456.03;;18377.44;;;;;92731908.34;;;14002.59;92764288.37
18.950.957/0001-64;2026-01-01;1;21777465.66;0;0;0;21777465.66;3423883728.89;3423883728.89;0;3423883728.89;0;0;0;0;0;0;0;0;;0;0;0;0;0;0;0;0;0;;0;0;;0;0;0;20784860.78;20709256.37;0;75604.41;0;364794.82;0;100300966.02;0;0;0;0;0;12858324.8;113524085.64
18.979.895/0001-13;2026-01-01;1;89191237.85;0;0;0;89191237.85;3708864848.71;0;0;0;0;0;0;0;0;0;0;0;;0;0;2793746680.49;0;0;0;0;0;0;;915118168.22;0;;0;0;0;83325775.2;0;0;83325775.2;0;1735287.46;0;0;0;0;0;0;0;661811681.77;663546969.23
19.026.454/0001-60;2026-01-01;1;2843537.48;4913.71;;;2838623.77;220340110.46;161900000;;161900000;;;;;;;;;;;;;;;;58440110.46;;;;;;;;;;3093371.78;3093371.78;;;;10681.7;;;;;;;;5090.19;15771.89
19.107.604/0001-60;2026-01-01;1;0;0;0;0;0;41632372.61;0;0;0;0;0;0;0;0;0;0;0;;0;0;0;0;0;0;41632372.61;0;0;;0;0;;0;0;0;3874230.19;0;0;3874230.19;0;3826685.7;0;0;0;0;0;0;0;832425.48;4659111.18
19.131.224/0001-60;2026-01-01;1;952187.36;18301.34;0;0;933886.02;52436698.97;52436698.97;0;52436698.97;0;0;0;0;0;0;0;0;;0;0;0;0;0;0;0;0;0;;0;0;;0;0;0;414622.05;414622.05;0;0;0;25013.58;0;0;0;2838.19;0;0;362313.94;12000;402165.71
19.239.245/0001-02;2026-01-01;1;7112.92;7112.92;0;0;0;4445955.05;0;0;0;0;0;0;0;0;0;0;0;;0;0;0;0;4445955.05;0;0;0;0;;0;0;;0;0;0;243277.78;0;0;243277.78;0;12842.55;0;0;0;0;0;0;0;5200;18042.55
19.249.956/0001-50;2026-01-01;1;402163.42;8316.32;0;0;393847.1;14854000;14854000;0;14854000;0;0;0;0;0;0;0;0;;0;0;0;0;0;0;0;0;0;;0;0;;0;0;0;57218.73;57218.73;0;0;0;9142.07;0;0;0;0;0;0;0;7641.18;16783.25
19.249.989/0001-08;2026-01-01;1;14804506.28;3063.55;14801442.73;0;0;81691058.99;2059822.11;0;2059822.11;0;0;0;0;0;0;0;0;;0;0;0;0;0;0;79631236.88;0;0;;0;0;;0;0;0;43581487.78;0;1542384.25;42039103.53;8481831.61;181913.98;0;0;0;0;0;0;0;14016041.1;22679786.69
19.267.845/0001-76;2026-01-01;1;1475620.31;1100;;;1474520.31;5395577.04;5395577.04;5300300;95277.04;;;;;;;;;;;;;;;;;;;;;;;;;;631677.73;631677.73;;;325498.63;17345.76;;;;;;;;70242.5;413086.89
19.419.994/0001-03;2026-01-01;1;8879010.17;781.2;0;0;8878228.97;3495840881.58;3495665881.58;0;3495665881.58;0;0;0;0;0;0;0;0;;0;0;0;0;0;0;175000;0;0;;0;0;;0;0;0;27822593.03;27098894.26;0;723698.77;0;0;0;0;0;21536.61;0;0;0;2215571.53;2237108.14
19.628.741/0001-40;2026-01-01;1;1359228.56;853.04;0;0;1358375.52;43946000;43946000;0;43946000;0;0;0;0;0;0;0;0;;0;0;0;0;0;0;0;0;0;;0;0;;0;0;0;12552331.45;872961.55;0;11679369.9;0;31888.64;0;0;0;0;0;0;0;9311876.46;9343765.1
19.722.048/0001-31;2026-01-01;1;269603.09;0;269603.09;0;0;0;0;0;0;0;0;0;0;0;0;0;0;;0;0;0;0;0;0;0;0;0;;0;0;;0;0;0;3534819.11;0;0;3534819.11;0;50858.4;0;0;0;0;0;0;0;3563994.55;3614852.95
19.872.996/0001-53;2026-01-01;1;2778.75;2778.75;0;0;0;753430897.22;749900000;0;0;0;749900000;0;0;0;0;0;0;;0;0;0;0;3530897.22;0;0;0;0;;0;0;;0;0;0;12882250.35;423688.48;0;12458561.87;0;46021.63;0;0;0;0;482908224.26;0;0;2406987.99;485361233.88
19.878.616/0001-98;2026-01-01;1;1768.77;1768.77;0;0;0;1056040965.84;1054134686.52;0;1054134686.52;0;0;0;0;0;0;0;0;;0;0;0;0;1906279.32;0;0;0;0;;0;0;;0;0;0;11199591.83;7144581.58;0;4055010.25;0;54219.25;0;0;0;0;302123954.61;0;0;32722142.13;334900315.99
20.019.120/0001-48;2026-01-01;1;184956.08;0;0;0;184956.08;528756003.58;0;0;0;0;0;0;0;0;0;0;0;;0;0;0;0;0;0;528756003.58;0;0;;0;0;;0;0;0;5724.22;0;0;5724.22;0;44077.29;0;0;0;0;0;0;0;23841.67;67918.96
20.118.470/0001-61;2026-01-01;1;26696803.09;6826.99;0;0;26689976.1;364824739.6;363049037.8;0;0;0;0;0;363049037.8;0;0;0;1687424.27;;0;0;0;0;0;0;0;0;0;;0;0;;0;0;88277.53;14664702;3000000;0;11664702;0;8000;0;0;0;0;0;0;0;403564758.86;403572758.86
20.118.492/0001-21;2026-01-01;1;1046252.02;892050.14;0;0;154201.88;695000000;695000000;0;695000000;0;0;0;0;0;0;0;0;;0;0;0;0;0;0;0;0;0;;0;0;;0;0;0;0;0;0;0;0;15000;0;0;0;0;0;0;0;144223.58;159223.58
20.118.507/0001-51;2026-01-01;1;162940.28;162940.28;0;0;0;101840000;101840000;23547600;78292400;0;0;0;0;0;0;0;0;;0;0;0;0;0;0;0;0;0;;0;0;;0;0;0;0;0;0;0;0;10500;0;2037081.07;0;0;0;0;0;192454.38;2240035.45
20.118.507/0001-51;2026-02-01;1;114033.28;114033.28;0;0;0;101840000;101840000;23547600;78292400;0;0;0;0;0;0;0;0;;0;0;0;0;0;0;0;0;0;;0;0;;0;0;0;600.7;0;0;600.7;0;10500;0;2023194.65;0;0;0;0;0;247103.55;2280798.2
20.132.453/0001-89;2026-01-01;1;384879.31;10698.21;374181.1;0;0;95363114.12;94560000;0;94560000;0;0;0;0;0;0;0;0;;0;0;0;803114.12;0;0;0;0;0;;0;0;;0;0;0;977231.98;977231.98;0;0;485701.05;13000;0;0;0;107894.71;0;0;0;22430.06;629025.82
20.216.935/0001-17;2026-01-01;1;250266.83;30916.97;219349.86;0;0;393124068.73;0;0;0;0;0;0;0;0;0;0;0;;0;0;379350845.19;0;0;0;0;0;0;;13773223.54;0;;0;0;0;153188.03;0;0;153188.03;3198502.04;161180.07;0;0;0;0;0;0;0;52535.07;3412217.18
20.265.467/0001-70;2026-01-01;1;0.99;0.99;0;0;0;19498300;19498300;0;11859000;0;4168000;3471300;0;0;0;0;0;;0;0;0;0;0;0;0;0;0;;0;0;;0;0;0;0;0;0;0;4.12;215069.61;0;0;0;0;0;0;0;177376.49;392450.22
20.680.775/0001-62;2026-01-01;1;114861426.74;197;0;92141987.69;22719242.05;2284602044.8;1856002652.13;0;1817169319.13;38833333;0;0;0;0;0;0;0;;0;0;0;0;0;0;365704173.66;0;0;;0;0;;62895219.01;0;0;73347449.8;10500387.11;58291276.6;4555786.09;0;243371.77;0;13433333;0;0;0;0;0;13578772.43;27255477.2
20.717.355/0001-03;2026-01-01;1;0;0;0;0;0;57008001;0;0;0;0;0;0;0;0;0;0;0;;0;0;0;0;0;0;57008001;0;0;;0;0;;0;0;0;0;0;0;0;0;25632.07;0;0;0;0;0;0;0;1340987.24;1366619.31
20.717.355/0001-03;2026-02-01;1;0;0;0;0;0;57008001;0;0;0;0;0;0;0;0;0;0;0;;0;0;0;0;0;0;57008001;0;0;;0;0;;0;0;0;0;0;0;0;0;25632.07;0;0;0;0;0;0;0;1376573;1402205.07
20.748.515/0001-81;2026-01-01;2;72889965.48;380.14;0;0;72889585.34;2294130473.18;2209029885.53;0;2209029885.53;0;0;0;0;0;0;0;0;;0;0;0;0;0;0;85100587.65;0;0;;0;0;;0;0;0;200811151.55;16496064.72;83467845.92;100847240.91;15683470.14;0;0;94306510.76;0;535.41;270773475.7;0;0;84577579.58;465341571.59
20.990.694/0001-69;2026-01-01;1;0;0;0;0;0;183000000;0;0;0;0;0;0;0;183000000;0;0;0;;0;0;0;0;0;0;0;0;0;;0;0;;0;0;0;0;0;0;0;0;6897711.7;0;0;0;0;0;0;0;185375977.76;192273689.46
21.044.600/0001-21;2026-01-01;1;3843.63;3843.63;0;0;0;485111670.61;478900000;0;478900000;0;0;0;0;0;0;0;0;;0;0;0;0;6211670.61;0;0;0;0;;0;0;;0;0;0;5205433.66;5174921.21;0;30512.45;0;47848.68;0;0;0;0;0;0;0;39159.89;87008.57
21.067.825/0001-01;2026-01-01;1;3371688.49;1042375.13;0;0;2329313.36;307045588.79;297150456.04;0;297150456.04;0;0;0;0;0;0;0;0;;0;0;0;0;9895132.75;0;0;0;0;;0;0;;0;0;0;165095113.72;4823197.89;0;160271915.83;0;59249.7;0;0;0;0;87174305.76;0;81404674.94;2125052.94;170763283.34
21.085.863/0001-89;2026-01-01;1;2954.19;2954.19;0;0;0;813766446.4;803459682.37;0;803459682.37;0;0;0;0;0;0;0;0;;0;0;0;0;10306764.03;0;0;0;0;;0;0;;0;0;0;10768090.98;4330914.18;0;6437176.8;0;52975.32;0;0;0;0;440303945.64;0;0;336407.18;440693328.14
21.126.204/0001-43;2026-01-01;1;1283556.45;5946.92;0;0;1277609.53;374036691.7;316671000;0;316671000;0;0;0;0;0;0;0;0;;0;0;57365691.7;0;0;0;0;0;0;;0;0;;0;0;0;113542376.3;2412340.63;111048651.5;81384.17;0;88790.47;0;0;0;0;0;0;0;1409396.46;1498186.93
21.156.164/0001-82;2026-01-01;1;4050739.98;1066.55;4049673.43;0;0;441556241.77;0;0;0;0;0;0;0;0;0;0;0;;0;0;0;0;0;0;441556241.77;0;0;;0;0;;0;0;0;0;0;0;0;0;18655.6;0;8260091.62;0;0;0;0;0;80832.3;8359579.52
21.408.063/0001-51;2026-01-01;1;15712150.12;2097.51;12684540.77;;3025511.84;982907094.41;644003656.95;;644003656.95;;;;;;;;;;;;203348528.47;;;;85536053.29;;;;37560949.91;;;12457905.79;;;11275030.79;4510472.65;6356540.48;408017.66;4871674.86;511750.73;;2604000;;;;;;2553706.97;10541132.56
21.500.481/0001-74;2026-01-01;1;690455.72;0;0;0;690455.72;69001000;69001000;0;69001000;0;0;0;0;0;0;0;0;;0;0;0;0;0;0;0;0;0;;0;0;;0;0;0;188000;188000;0;0;0;0;0;0;0;0;0;0;0;731938.5;731938.5
21.500.500/0001-62;2026-01-01;1;19872325.78;0;0;0;19872325.78;594280324.4;594280324.4;0;594280324.4;0;0;0;0;0;0;0;0;;0;0;0;0;0;0;0;0;0;;0;0;;0;0;0;15036872.46;14807595.09;0;229277.37;22884032.91;30054.93;0;78302301.6;0;0;0;0;0;4585256.43;105801645.87
21.500.514/0001-86;2026-01-01;1;930038.27;1000;0;0;929038.27;38198308;38198308;0;38198308;0;0;0;0;0;0;0;0;;0;0;0;0;0;0;0;0;0;;0;0;;0;0;0;294039;294039;0;0;124668.88;36979.07;0;0;0;0;0;0;0;18638.28;180286.23
21.826.249/0001-20;2026-01-01;1;4847.37;4847.37;0;0;0;7194179.56;0;0;0;0;0;0;0;0;0;0;0;;0;0;0;0;12079.59;0;7182099.97;0;0;;0;0;;0;0;0;112908.83;0;0;112908.83;0;20000;0;0;0;0;0;0;0;36060.85;56060.85
21.862.783/0001-92;2026-01-01;1;2338165.18;8821.98;0;0;2329343.2;1110196.52;1110196.52;1110196.52;0;0;0;0;0;0;0;0;0;;0;0;0;0;0;0;0;0;0;;0;0;;0;0;0;425248.42;0;0;425248.42;0;0;0;0;0;0;0;0;0;1178446.22;1178446.22
21.917.235/0001-12;2026-01-01;1;22756647.24;68542.14;;;22688105.1;236690654.36;236690654.36;;236690654.36;;;;;;;;;;;;;;;;;;;;;;;;;;2236220.28;1688570;;547650.28;;200661.6;;38034587.01;;;;;;14032.04;38249280.65
22.003.469/0001-17;2026-01-01;1;4407646.93;100;8302.82;;4399244.11;183721000;183721000;;183721000;;;;;;;;;;;;;;;;;;;;;;;;;;15386718.93;3014469.87;;12372249.06;300000;39467.9;;;;;88092597.09;;;37554.68;88469619.67
22.081.808/0001-83;2026-01-01;1;3422.37;438.08;0;0;2984.29;54049999.76;54049999.76;0;54049999.76;0;0;0;0;0;0;0;0;;0;0;0;0;0;0;0;0;0;;0;0;;0;0;0;198905.96;198905.96;0;0;0;9716.63;0;0;0;0;0;0;0;497030;506746.63
22.169.671/0001-13;2026-01-01;1;226939.42;2475.37;0;0;224464.05;60000000;60000000;0;60000000;0;0;0;0;0;0;0;0;;0;0;0;0;0;0;0;0;0;;0;0;;0;0;0;0;0;0;0;0;43828.23;0;0;0;0;0;0;0;5155.79;48984.02
22.169.716/0001-50;2026-01-01;1;555303.64;100;;;555203.64;316004.05;0;;;;;;;;;;;;;;;;;;316004.05;;;;;;;;;;0;;;;;25930.04;;;;;;;;17403.14;43333.18
22.211.522/0001-75;2026-01-01;1;26316135.97;10551.97;26305584;0;0;56398999.97;0;0;0;0;0;0;0;0;0;0;0;;0;0;0;0;0;0;56398999.97;0;0;;0;0;;0;0;0;0;0;0;0;0;9107863.06;0;0;0;0;0;0;0;44209.78;9152072.84
22.219.335/0001-38;2026-01-01;1;26400823.99;100;;;26400723.99;512084494.88;0;;;;;;;;;;;;;;15799766.65;;;;;;;;496284728.23;;;;;;815184.62;;;815184.62;4729963.89;362534.41;;;;;;;;1857110.62;6949608.92
22.340.978/0001-35;2026-01-01;1;12914494.7;21177.09;0;0;12893317.61;339169285.66;311213870;32819618;253394252;0;25000000;0;0;0;0;0;0;;0;0;0;0;0;0;0;0;0;;0;0;;0;0;27955415.66;2197126.11;2135308.01;0;61818.1;0;18321.44;0;0;0;0;0;0;0;572245.82;590567.26
22.459.737/0001-00;2026-01-01;1;106738.29;6068.57;0;0;100669.72;71494000.01;71494000.01;0;71202247.41;291752.6;0;0;0;0;0;0;0;;0;0;0;0;0;0;0;0;0;;0;0;;0;0;0;5336734.06;970643.66;0;4366090.4;0;33730.72;0;0;0;0;0;0;0;24218.6;57949.32
22.503.991/0001-68;2026-01-01;1;124.95;100;0;0;24.95;8224118.7;1360000;0;1360000;0;0;0;0;0;0;0;0;;0;0;6864118.7;0;0;0;0;0;0;;0;0;;0;0;0;17500;0;0;17500;0;20354.55;0;0;0;0;0;0;0;8900;29254.55
22.503.991/0001-68;2026-02-01;1;125.08;125.08;0;0;0;8203751.62;1360000;0;1360000;0;0;0;0;0;0;0;0;;0;0;6843751.62;0;0;0;0;0;0;;0;0;;0;0;0;17500;0;0;17500;0;20654.55;0;0;0;0;0;0;0;9100;29754.55
22.646.161/0001-90;2026-01-01;1;898723.72;14098.69;0;0;884625.03;274749002.52;190022994.98;0;190022994.98;0;0;0;0;0;0;0;0;;0;0;0;0;0;0;84726007.54;0;0;;0;0;;0;0;0;23441387.8;805415.95;2297000;20338971.85;0;0;0;0;0;0;0;0;0;46675094.55;46675094.55
22.862.226/0001-34;2026-01-01;1;831921.45;803.54;0;0;831117.91;124032000.01;124032000.01;0;124032000.01;0;0;0;0;0;0;0;0;;0;0;0;0;0;0;0;0;0;;0;0;;0;0;0;67358803.73;280339.74;0;67078463.99;0;0;0;0;0;0;0;0;84049212.16;2247049.16;86296261.32
23.120.006/0001-06;2026-01-01;1;65.62;0;0;0;65.62;14373358.85;14373358.85;0;0;0;0;0;14373358.85;0;0;0;0;;0;0;0;0;0;0;0;0;0;;0;0;;0;0;0;0;0;0;0;0;17289.67;0;0;0;0;0;0;0;1685477.15;1702766.82
23.120.006/0001-06;2026-02-01;1;66.15;0;0;0;66.15;14373358.85;14373358.85;0;0;0;0;0;14373358.85;0;0;0;0;;0;0;0;0;0;0;0;0;0;;0;0;;0;0;0;0;0;0;0;0;17289.67;0;0;0;0;0;0;0;1712980.99;1730270.66
23.120.027/0001-13;2026-01-01;1;26269494.01;0;0;0;26269494.01;164998959.01;0;0;0;0;0;0;0;471840;0;0;0;;0;0;23831402.78;0;0;0;0;0;0;;140695716.23;0;;0;0;0;14147.34;0;0;14147.34;0;81165.7;0;0;0;0;0;0;0;47910.7;129076.4
23.179.381/0001-13;2026-01-01;1;179472.7;15513.1;163959.6;0;0;27839278.39;0;0;0;0;0;0;0;0;0;0;0;;0;0;0;0;0;0;27839278.39;0;0;;0;0;;0;0;0;0;0;0;0;0;18318.62;0;0;0;0;0;0;0;76127.74;94446.36
23.426.470/0001-17;2026-01-01;1;90095367.87;4845.4;90030688.57;0;59833.9;802878762.05;532492710.46;0;532492710.46;0;0;0;0;0;0;0;0;;0;0;-200;0;0;0;270386251.59;0;0;;0;0;;0;0;0;11859532.97;3727277.85;0;8132255.12;2384516.64;10945.03;0;0;0;0;396006658.07;0;0;350331.46;398752451.2
23.532.837/0001-87;2026-01-01;1;-184257425.17;1856.32;5224740.72;-189484022.21;0;1110605999.81;1045122512;0;1045122512;0;0;0;0;0;0;0;0;;0;0;0;0;0;0;65483487.81;0;0;;0;0;;0;0;0;116695607.73;8747148.71;0;107948459.02;0;34498.27;0;0;0;0;0;0;0;81551448.05;81585946.32
23.533.796/0001-43;2026-01-01;1;-71772159.03;2299.48;2711519.73;-74841361.65;355383.41;660176000;620106496;0;620106496;0;0;0;0;0;0;0;0;;0;0;0;0;0;0;40069504;0;0;;0;0;;0;0;0;50339744.56;3762554.63;0;46577189.93;0;18846.86;0;0;0;0;0;0;0;19496132.41;19514979.27
23.537.203/0001-17;2026-01-01;2;16232093.98;0;0;0;16232093.98;95771000;95771000;0;95771000;0;0;0;0;0;0;0;0;;0;0;0;0;0;0;0;0;0;;0;0;;0;0;0;1569530.34;897626.72;0;671903.62;0;31089.91;0;0;0;0;0;0;0;69417.82;100507.73
23.538.112/0001-04;2026-01-01;1;378.37;378.37;0;0;0;60142788.01;55572222.21;0;55572222.21;0;0;0;0;0;0;0;0;;0;0;0;0;4570565.8;0;0;0;0;;0;0;;0;0;0;434148.34;373548.7;0;60599.64;0;20142.09;0;0;0;0;0;0;0;36543.15;56685.24
23.570.871/0001-46;2026-01-01;1;4901459.99;0;0;0;4901459.99;637500000;637500000;0;637500000;0;0;0;0;0;0;0;0;;0;0;0;0;0;0;0;0;0;;0;0;;0;0;0;7351291.88;7267651.11;0;83640.77;0;80857.94;0;0;0;0;0;0;0;647425.01;728282.95
23.648.935/0001-84;2026-01-01;1;131967313.26;0;125793844.43;0;6173468.83;1491749923.84;0;0;0;0;0;0;0;0;0;0;0;;0;0;271965735.55;0;0;0;0;0;0;;1219784188.29;0;;0;0;0;253514.01;0;0;253514.01;0;1300759.81;0;0;0;0;0;0;0;45604.61;1346364.42
23.740.527/0001-58;2026-01-01;1;24979665.26;38507.89;0;0;24941157.37;1192667000;1192667000;0;1192667000;0;0;0;0;0;0;0;0;;0;0;0;0;0;0;0;0;0;;0;0;;0;0;0;10990448.5;10990448.5;0;0;10975726.4;376102.48;0;0;0;0;0;0;0;304231.85;11656060.73
23.740.595/0001-17;2026-01-01;1;2655464.6;2992.36;0;0;2652472.24;234862671.1;234862671.1;0;234862671.1;0;0;0;0;0;0;0;0;;0;0;0;0;0;0;0;0;0;;0;0;;0;0;0;4665014.15;4657728.24;0;7285.91;1431479.02;151201.14;0;13956.72;0;0;0;0;152087.52;371690.44;2120414.84
23.768.027/0001-24;2026-01-01;1;7381235.37;199.45;7381035.92;0;0;313987666.22;249335675;0;249335675;0;0;0;0;0;0;0;0;;0;0;64651991.22;0;0;0;0;0;0;;0;0;;0;0;0;97764939.96;3108266.25;0;94656673.71;0;31888.64;0;0;0;0;0;0;0;905045.13;936933.77
23.781.211/0001-04;2026-01-01;1;4692047.82;4188289.99;193987.89;0;309769.94;2689820228.11;2525505000;0;286642000;0;0;0;2238863000;0;0;0;0;;0;0;0;0;0;0;164315228.11;0;0;;0;0;;0;0;0;8056402.63;3687228.22;0;4369174.41;4100949.9;96876.81;0;0;0;0;0;0;0;492056663.46;496254490.17
23.876.086/0001-16;2026-01-01;1;4141277.91;0;914796.64;0;3226481.27;10340854.88;0;0;0;0;0;0;0;0;0;0;0;;0;0;0;0;0;0;0;10340854.88;0;;0;0;;0;0;0;171160.72;0;0;171160.72;0;252862.65;0;0;0;0;0;0;0;570343.8;823206.45
23.964.843/0001-03;2026-01-01;1;4304851.89;2000;;;4302851.89;0;0;;;;;;;;;;;;;;;;;;;;;;;;;;;;8295480.05;;7636854.28;658625.77;50725.23;17046.96;;978812.5;;;;;;699861.14;1746445.83
23.964.908/0001-10;2026-01-01;1;96392.62;96392.62;0;0;0;0;0;0;0;0;0;0;0;0;0;0;0;;0;0;0;0;0;0;0;0;0;;0;0;;0;0;0;21231406.84;0;21231406.84;0;0;96392.62;0;0;0;0;0;0;0;0;96392.62
24.514.406/0001-50;2026-01-01;1;234806.2;232285.36;0;;2520.84;158464268.03;158464268.03;158464268.03;0;0;0;0;;0;;;;;;;;;;;;;0;;;;;;;;110964324.9;;105335508.05;5628816.85;0;90000;0;6412045.19;0;0;0;0;0;361381.37;6863426.56
24.774.904/0001-32;2026-01-01;1;7015.71;0.41;0;0;7015.3;-1870254.01;0;0;0;0;0;0;0;0;0;0;0;;0;0;-1870254.01;0;0;0;0;0;0;;0;0;;0;0;0;0;0;0;0;0;1726310.48;0;0;0;0;0;0;0;1402455.34;3128765.82
24.796.967/0001-90;2026-01-01;1;3656704.04;0;3656704.04;0;0;29748046.43;29748046.43;0;29748046.43;0;0;0;0;0;0;0;0;;0;0;0;0;0;0;0;0;0;;0;0;;0;0;0;224709.18;0;0;224709.18;0;16008.6;0;0;0;0;0;0;0;2636316.86;2652325.46
24.853.044/0001-22;2026-01-01;1;45037333.74;4616193.36;;;40421140.38;1823593543.69;1258136022.4;;1093576022.4;164560000;;;;;;;;;;;565457521.29;;;;;;;;;;;;;;85499262.45;8747096.45;72529815.61;4222350.39;11998168;1070661.26;;2314569.89;;;234145646.79;;;8196034.88;257725080.82
24.853.060/0001-15;2026-01-01;1;-25122450.29;7427608.39;0;-37469621.29;4919562.61;63342790.7;51600000;0;51600000;0;0;0;0;0;0;0;0;;0;0;0;0;0;0;11742790.7;0;0;;0;0;;0;0;0;1787423.92;0;0;1787423.92;0;16570.92;0;0;0;0;0;0;0;1529677.62;1546248.54
24.960.430/0001-13;2026-01-01;1;516255469.43;159514.53;516095954.9;;;7787097142.46;0;;;;;;;;;;;;;;4131059;;;;;;;;7782966083.46;;;;;;1980628.72;;;1980628.72;56054947.6;6188995.45;;;;;;;;788263753.97;850507697.02
24.976.492/0001-13;2026-01-01;1;0;0;0;0;0;484170525;484170525;484170525;0;0;0;0;0;0;0;0;0;;0;0;0;0;0;0;0;0;0;;0;0;;0;0;0;300311.83;0;0;300311.83;0;18000;0;0;0;0;0;0;0;792023.9;810023.9
25.032.881/0001-53;2026-01-01;1;2445339.68;5024.92;2439936.67;0;378.09;2601288959.13;4831385.51;0;0;0;4831385.51;0;0;1539222.5;0;0;0;;0;0;59925712.08;0;110288563.48;0;0;2372746579.95;0;;55492389.7;0;;0;0;-3534894.09;119695414.6;0;80487104.51;39208310.09;16734383.39;211761.52;0;4998670.5;13724449.96;0;0;0;0;23307054.85;58976320.22
26.091.656/0001-50;2026-01-01;1;29391100.48;251.46;29390849.02;0;0;305774723.8;0;0;0;0;0;0;0;0;0;0;0;;0;0;1190941.6;0;0;0;0;0;0;;304583782.2;0;;0;0;0;0;0;0;0;3447527.04;232472.35;0;0;0;0;0;0;1599568.97;38476.15;5318044.51
26.191.053/0001-20;2026-01-01;1;2681221;-525538.33;0;0;3206759.33;61854165.64;61854165.64;0;61854165.64;0;0;0;0;0;0;0;0;;0;0;0;0;0;0;0;0;0;;0;0;;0;0;0;237104.39;55977.38;0;181127.01;0;22487.68;0;0;0;0;3474156.94;0;0;22157.67;3518802.29
26.269.251/0001-60;2026-01-01;1;0;0;0;0;0;49841000;49841000;0;16800000;0;0;0;33041000;0;0;0;0;;0;0;0;0;0;0;0;0;0;;0;0;;0;0;0;33311.56;0;0;33311.56;0;0;0;0;0;0;0;0;0;39168067.51;39168067.51
26.452.053/0001-37;2026-01-01;1;14060512.12;215557.46;0;0;13844954.66;344961032.99;341661032.99;66450000;274619999.99;0;0;0;591033;0;0;0;0;;0;0;0;0;0;0;0;3300000;0;;0;0;;0;0;0;81828388.06;759908.58;0;81068479.48;0;20738.93;0;0;0;0;0;0;0;53087.96;73826.89
26.499.833/0001-32;2026-01-01;1;89857544.52;0;0;0;89857544.52;1718205164.55;1553470440.43;0;1553470440.43;0;0;0;0;0;0;0;0;;0;0;159402840.55;0;0;0;5331883.57;0;0;;0;0;;0;0;0;28578087.44;17760608.17;229464.35;10588014.92;13982093;610015.96;0;0;0;0;168537850.6;0;0;698120.05;183828079.61
26.502.794/0001-85;2026-01-01;1;50995839.55;50995839.55;0;0;0;4824743653.79;4379451444.49;0;4379451444.49;0;0;0;0;0;0;0;0;;0;0;445291209.3;0;0;0;1000;0;0;;0;0;;0;0;0;24645303.59;22849618;0;1795685.59;32812865.8;2781927.61;0;57321185.24;0;0;0;0;0;577138420.91;670054399.56
26.502.810/0001-30;2026-01-01;1;-95015952;1474992.98;0;-96490944.98;0;142000000;142000000;0;142000000;0;0;0;0;0;0;0;0;;0;0;0;0;0;0;0;0;0;;0;0;;0;0;0;5713337.28;5713337.28;0;0;0;243856.96;0;0;0;0;0;0;0;4452186.72;4696043.68
26.545.627/0001-11;2026-01-01;1;1235077.61;430276.65;;;804800.96;256325435.84;235199000;;235199000;;;;;;;;;;;;21121294.34;;;;5141.5;;;;;;;;;;4000686.65;668145.61;;3332541.04;;30994.69;;;;;112093743.94;;;25755.8;112150494.43
26.614.291/0001-00;2026-01-01;1;125862801.9;2624.34;1877010.84;35452447.73;88530718.99;2545912307;1935931908.39;17898000;1918033908.39;0;0;0;0;67999999.32;0;0;0;;0;0;541980399.29;0;0;0;0;0;0;;0;0;;0;0;0;33202936.07;17187388.03;0;16015548.04;21424966.4;1988357.64;0;5940786.74;0;0;272186301.84;0;0;2503051.01;304043463.63
26.642.727/0001-66;2026-01-01;1;15827933.31;0;15827933.31;0;0;244550000;244550000;0;244550000;0;0;0;0;0;0;0;0;;0;0;0;0;0;0;0;0;0;;0;0;;0;0;0;3248542.31;18646102.5;0;-15397560.19;0;31921.78;0;0;0;0;0;0;0;6175711.45;6207633.23
26.642.834/0001-94;2026-01-01;1;5627655.02;1126.14;;;5626528.88;66669144.66;4332301;;;;4332301;;;;;;;;;;;;;;;62336843.66;;;;;;;;;3781577.45;;2903144.66;878432.79;;;;;;;;;;468389.14;468389.14
26.681.370/0001-25;2026-01-01;1;7281402.64;29726.47;0;0;7251676.17;540521449.49;539614996.99;0;539614996.99;0;0;0;0;0;0;0;0;;0;0;906452.5;0;0;0;0;0;0;;0;0;;0;0;0;76615769.62;5715457.8;70935000;-34688.18;0;396358.14;0;49039279.94;0;0;97846821.71;0;0;2853967.94;150136427.73
26.813.118/0001-22;2026-01-01;1;2416249.86;100;;;2416149.86;0;0;;;;;;;;;;;;;;;;;;;;;;;;;;;;30317140.68;;30317140.68;;;40066.37;;;;;;;;493.6;40559.97
26.846.134/0001-11;2026-01-01;1;52629.38;214.53;0;0;52414.85;24010400;0;0;0;0;0;0;0;0;0;0;0;;0;0;0;0;0;0;24010400;0;0;;0;0;;0;0;0;1189.33;0;0;1189.33;0;2122.74;0;0;0;0;0;0;0;24053.01;26175.75
26.846.280/0001-47;2026-01-01;1;613058.35;1780.93;611277.42;0;0;11020151.71;0;0;0;0;0;0;0;0;0;0;0;;0;0;91161.25;0;0;0;10928990.46;0;0;;0;0;;0;0;0;0;0;0;0;0;14900.3;0;0;0;0;0;0;0;661.04;15561.34
26.990.011/0001-50;2026-01-01;1;1710517.43;532.2;0;0;1709985.23;28621919.36;0;0;0;0;0;0;0;0;0;0;0;;0;0;0;0;0;0;28621919.36;0;0;;0;0;;0;0;0;15531.59;0;0;15531.59;0;13761.24;0;0;0;0;0;0;0;60343.31;74104.55
27.368.617/0001-10;2026-01-01;1;725660.66;469105.57;256555.09;0;0;241490000;241490000;241490000;0;0;0;0;0;0;0;0;0;;0;0;0;0;0;0;0;0;0;;0;0;;0;0;0;1575975.82;1575975.82;0;0;346987.95;30338.15;0;0;0;0;0;0;0;311468.11;688794.21
27.368.863/0001-72;2026-01-01;1;61150.08;61150.08;0;0;0;42216332.64;0;0;0;0;0;0;0;0;0;0;0;;0;0;0;0;0;0;42216332.64;0;0;;0;0;;0;0;0;1802.93;0;0;1802.93;0;285101.67;0;0;0;0;0;0;0;10450;295551.67
27.445.482/0001-40;2026-01-01;1;5017803.43;2000;;;5015803.43;415028747.41;415028747.41;;415028747.41;;;;;;;;;;;;;;;;;;;;;;;;;;1590027.23;1581942.56;;8084.67;4802450;56134.07;;147489339.13;;;43910605.45;;;522842.54;196781371.19
27.486.542/0001-72;2026-01-01;1;22532167.11;2000;;;22530167.11;636058134.69;537205413.08;;185049079.58;;;;352156333.5;;;;;;;;55366617.68;;;;;43486103.93;;;;;;;;;2840732.27;2827876.95;;12855.32;2975000;339592.19;;120243965.74;;;28341980.41;;;85205.9;151985744.24
27.538.422/0001-71;2026-01-01;1;39023402.33;3340109.21;0;0;35683293.12;113315786.82;108999999;108999999;0;0;0;0;0;0;0;0;0;;0;0;0;0;0;0;545842.25;0;0;;3769945.57;0;;0;0;0;14287780.42;407980.42;0;13879800;755567.28;32115.36;0;0;0;0;0;0;0;11981274.45;12768957.09
27.538.477/0001-81;2026-01-01;1;1237442.58;8150.25;270967.91;0;958324.42;41277743.91;33159268.33;15184161.84;1019679.03;0;3818580.54;13136846.92;0;1800000;0;0;0;;0;0;1447951.2;0;0;0;4326493.29;0;0;;544031.09;0;;0;0;0;3940674.59;0;3053667.19;887007.4;0;15372.57;0;521552.63;1220056.64;0;0;0;0;595819.16;2352801
27.539.651/0001-00;2026-01-01;1;166.53;166.53;0;0;0;180032998.82;180000000;0;180000000;0;0;0;0;0;0;0;0;;0;0;0;0;32998.82;0;0;0;0;;0;0;;0;0;0;0;0;0;0;0;265803.53;0;0;0;0;0;0;0;43436;309239.53
27.539.651/0001-00;2026-02-01;1;166.53;166.53;0;0;0;180033023.57;180000000;0;180000000;0;0;0;0;0;0;0;0;;0;0;0;0;33023.57;0;0;0;0;;0;0;;0;0;0;0;0;0;0;0;277803.53;0;0;0;0;0;0;0;46436;324239.53
27.590.950/0001-70;2026-01-01;1;871.5;871.5;0;0;0;772815.85;772815.85;772815.85;0;0;0;0;0;0;0;0;0;;0;0;0;0;0;0;0;0;0;;0;0;;0;0;0;1250000;0;0;1250000;0;312200;0;0;0;0;0;0;0;140600;452800
27.771.547/0001-47;2026-01-01;1;2985818.58;991.46;2984827.12;0;0;8975791.01;0;0;0;0;0;0;0;0;0;0;0;;0;0;0;0;0;0;8975791.01;0;0;;0;0;;0;0;0;0;0;0;0;0;69885.21;0;0;0;0;0;0;0;59334.94;129220.15
27.771.586/0001-44;2026-01-01;1;0;0;0;0;0;12477242.56;12477242.56;0;0;0;12477242.56;0;0;0;0;0;0;;0;0;0;0;0;0;0;0;0;;0;0;;0;0;0;0;0;0;0;0;14168.87;0;0;0;0;0;0;0;1711277.54;1725446.41
27.771.586/0001-44;2026-02-01;1;0;0;0;0;0;12477242.56;12477242.56;0;0;0;12477242.56;0;0;0;0;0;0;;0;0;0;0;0;0;0;0;0;;0;0;;0;0;0;4436.43;0;0;4436.43;0;14168.87;0;0;0;0;0;0;0;1748938.78;1763107.65
27.773.327/0001-52;2026-01-01;1;521970.55;521970.55;0;0;0;481614700;481614700;0;481614700;0;0;0;0;0;0;0;0;;0;0;0;0;0;0;0;0;0;;0;0;;0;0;0;0;0;0;0;0;92797.12;0;0;0;0;0;0;0;155995903.96;156088701.08
27.882.272/0001-19;2026-01-01;1;0;0;0;0;0;10528454.54;10279288.49;0;10279288.49;0;0;0;0;0;0;0;0;;0;0;0;0;249166.05;0;0;0;0;;0;0;;0;0;0;0;0;0;0;0;5000;0;0;0;0;0;0;0;9024.29;14024.29
27.882.272/0001-19;2026-02-01;1;0;0;0;0;0;10519577.64;10279290.49;0;10279290.49;0;0;0;0;0;0;0;0;;0;0;0;0;240287.15;0;0;0;0;;0;0;;0;0;0;0;0;0;0;0;8043.48;0;0;0;0;0;0;0;5353.1;13396.58
28.108.193/0001-18;2026-01-01;1;107806.28;107806.28;0;0;0;5992998.3;5992998.3;0;0;0;0;0;5992998.3;0;0;0;0;;0;0;0;0;0;0;0;0;0;;0;0;;0;0;0;832688;0;827510.49;5177.51;0;6650;0;0;0;0;0;0;0;125456.29;132106.29
28.152.272/0001-26;2026-01-01;1;53422813.77;768.56;;;53422045.21;2385678023.42;75920000.03;;75920000.03;;;;;;;;;;;;90184027.47;;;;;;;;2219573995.92;;;;;;3886531.6;;;3886531.6;21883981.77;362535.91;;;;;;;;74090142.31;96336659.99
28.216.384/0001-01;2026-01-01;1;2000;2000;0;0;0;8982200;8982200;0;8982200;0;0;0;0;0;0;0;0;;0;0;0;0;0;0;0;0;0;;0;0;;0;0;0;12750863.5;51113.96;12699681.12;68.42;26384.74;20000;0;0;0;0;0;0;0;3554.22;49938.96
28.267.530/0001-10;2026-01-01;1;61575.74;808.42;0;0;60767.32;7320474.26;7320000;0;7320000;0;0;0;0;0;0;0;0;;0;0;474.26;0;0;0;0;0;0;;0;0;;0;0;0;16689.11;0;0;16689.11;0;308453.87;0;0;0;0;0;0;0;226640.8;535094.67
28.267.530/0001-10;2026-02-01;1;44545.43;44545.43;0;0;0;7320468.18;7320000;0;7320000;0;0;0;0;0;0;0;0;;0;0;468.18;0;0;0;0;0;0;;0;0;;0;0;0;0;0;0;0;0;295087.15;0;0;0;0;0;0;0;226643.02;521730.17
28.267.555/0001-13;2026-01-01;1;1178966.22;182.96;0;0;1178783.26;321712023.82;321712023.82;0;321712023.82;0;0;0;0;0;0;0;0;;0;0;0;0;0;0;0;0;0;;0;0;;0;0;0;333609.72;0;0;333609.72;0;183920.56;0;0;0;0;0;0;0;57310.52;241231.08
28.267.696/0001-36;2026-01-01;1;4579162.97;0;2492642.98;0;2086519.99;309239512.46;263558600;0;263558600;0;0;0;0;0;0;0;0;;0;0;15678013.53;0;0;0;0;0;0;;0;0;;30002898.93;0;0;152657596.34;2635675.48;150000000;21920.86;0;331833.18;92831.19;11500000;0;0;0;25000000;0;2191213.08;39115877.45
28.516.301/0001-91;2026-01-01;1;13930014.07;0.03;0;0;13930014.04;771484566.69;0;0;0;0;0;0;0;0;3470178.17;0;0;;0;0;69239824.42;0;0;0;0;0;0;;698774564.1;0;;0;0;0;839700.47;0;0;839700.47;7683369.97;648022.18;0;0;0;0;0;0;0;25368.02;8356760.17
28.516.325/0001-40;2026-01-01;1;13448409.79;46216.69;0;0;13402193.1;765472756.53;760443625.08;0;760443625.08;0;0;0;0;0;0;0;0;;0;0;5029131.45;0;0;0;0;0;0;;0;0;;0;0;0;87934853.74;39797002.82;0;48137850.92;10645.03;456682.78;0;0;0;0;130349358.03;0;0;206776.87;131023462.71
28.548.288/0001-52;2026-01-01;1;248635022.96;7571406.27;;;241063616.69;8408983618.49;5242986119.6;99785845.7;3959884319.93;1093020953.97;90295000;;;;;;;;;;1922667350.4;;;;795780468.7;;;;447549679.79;;;;;;432638112.06;36253889.3;17657392.86;378726829.9;58063065.72;4224514.25;;470928519.42;;;2010985646.5;;;230764581.55;2774966327.44
28.693.595/0001-27;2026-01-01;1;650835.31;168.18;0;0;650667.13;115650000;115650000;0;115650000;0;0;0;0;0;0;0;0;;0;0;0;0;0;0;0;0;0;;0;0;;0;0;0;515146.72;360180;0;154966.72;235328.68;79133.99;0;0;0;0;0;0;0;184866.11;499328.78
28.729.197/0001-13;2026-01-01;1;73696393.18;1100;;;73695293.18;1521754041.06;0;;;;;;;;;;;;;;269142677.75;;;;;;;;1240355391.88;;;12255971.43;;;658332.89;;;658332.89;14119800.5;1210767.64;;;;;;;;129740.04;15460308.18
28.737.771/0001-85;2026-01-01;1;48810528.23;185.63;0;22410013.6;26400329;1601416191.09;1153530076.26;0;1153530076.26;0;0;0;0;0;0;0;0;;0;0;360403887.99;0;0;0;36995306.76;0;0;;50486920.08;0;;0;0;0;82470192.59;7898988.52;49624999.98;24946204.09;0;1039522.69;0;68232000;100000;0;350238916.85;0;281505.09;12951858.82;432843803.45
28.757.546/0001-00;2026-01-01;1;48332030.03;160.1;0;0;48331869.93;6660608506.09;3809767657.01;0;3809763457.01;0;4200;0;0;0;0;0;0;;0;0;1860647507.6;0;0;0;869330446.81;0;0;;120862894.67;0;;0;0;0;499414487.6;125153689.95;203587222.25;170673575.4;66874627.03;3930372.76;0;75934663.94;0;0;537196511.67;0;0;30648280.87;714584456.27
28.851.767/0001-43;2026-01-01;1;2570312.47;1660348.08;909964.39;0;0;124700000;124700000;0;124700000;0;0;0;0;0;0;0;0;;0;0;0;0;0;0;0;0;0;;0;0;;0;0;0;4634416.81;0;0;4634416.81;0;20258.14;0;0;0;0;0;0;0;3472144.83;3492402.97
28.893.734/0001-66;2026-01-01;1;1196687.26;1000;0;0;1195687.26;930000;930000;0;0;0;930000;0;0;0;0;0;0;;0;0;0;0;0;0;0;0;0;;0;0;;0;0;0;0;0;0;0;0;78837.23;0;0;230000;0;0;0;0;12755.34;321592.57
28.899.178/0001-35;2026-01-01;1;7259772.66;270.01;0;0;7259502.65;0;0;0;0;0;0;0;0;0;0;0;0;;0;0;0;0;0;0;0;0;0;;0;0;;0;0;0;13305.06;0;0;13305.06;0.75;23327.31;919915.51;0;0;0;0;0;0;2448162.67;3391406.24
29.242.809/0001-01;2026-01-01;1;45516.27;3995.08;41521.19;0;0;13817947;13817947;0;13817947;0;0;0;0;0;0;0;0;;0;0;0;0;0;0;0;0;0;;0;0;;0;0;0;1771780.57;0;0;1771780.57;0;3906.48;0;7586080.45;0;0;0;0;0;21395.16;7611382.09
29.242.844/0001-20;2026-01-01;1;78289.04;70008.16;0;0;8280.88;60426877;60426877;27594600;32832277;0;0;0;0;0;0;0;0;;0;0;0;0;0;0;0;0;0;;0;0;;0;0;0;341570.55;50000;0;291570.55;0;2663.45;0;41722235.9;0;0;0;0;0;368170.28;42093069.63
29.299.737/0001-39;2026-01-01;1;2691749.24;2792.07;2688957.17;0;0;29306.32;0;0;0;0;0;0;0;0;0;0;0;;0;0;0;0;0;0;29306.32;0;0;;0;0;;0;0;0;15612705.27;0;0;15612705.27;201596.17;0;0;0;0;0;0;0;0;2316697.83;2518294
29.467.977/0001-03;2026-01-01;1;5927021.16;0;5927021.16;0;0;1666918859.51;0;0;0;0;0;0;0;0;0;0;0;;0;0;49228024.87;0;0;0;0;0;0;;1617690834.64;0;;0;0;0;191611.42;0;0;191611.42;0;1207966.87;0;0;0;0;0;0;0;159288929.02;160496895.89
29.641.226/0001-53;2026-01-01;1;18173662.01;5000.99;0;0;18168661.02;3180441136.21;2803431777.86;0;2803431777.86;0;0;0;0;0;0;0;0;;0;0;282999485.8;0;0;0;0;3999.65;0;;94005872.9;0;;0;0;0;174660097.12;22003813.5;137460919.47;15195364.15;22076764.65;1728295.77;9158830.23;90309369.59;0;0;214350689.03;0;0;31775185.37;369399134.64
29.852.732/0001-91;2026-01-01;1;-51841.01;0;0;0;-51841.01;1423761717.29;0;0;0;0;0;0;0;0;0;0;0;;0;0;64918673.92;0;0;0;110000;0;0;;1358733043.37;0;;0;0;0;14498040.75;0;0;14498040.75;0;1265057.42;1207900.18;0;0;0;0;0;0;64254.94;2537212.54
30.017.492/0001-99;2026-01-01;1;3309578.79;168302.88;3141275.91;0;0;141850000;141850000;0;141850000;0;0;0;0;0;0;0;0;;0;0;0;0;0;0;0;0;0;;0;0;;0;0;0;1452640.81;1126313.63;0;326327.18;1010545.84;26624.39;0;0;0;0;0;0;0;33476.62;1070646.85
30.048.651/0001-12;2026-01-01;1;853840.6;457856.78;;;395983.82;119050000;119050000;;119050000;;;;;;;;;;;;;;;;;;;;;;;;;;436855.88;435172.22;;1683.66;173871.7;226449.72;;;;;;;;411196.59;1104619.64
30.091.444/0001-40;2026-01-01;1;74900494.62;71431.08;74829063.54;;;605081220.67;0;;;;;;;;;;;;;;555170197.08;;;;;;;;29824221.82;;;20086801.77;;;10262115.01;;;10262115.01;5612384.54;460193.98;;;;;;;;23883482.15;29956060.67
30.091.506/0001-14;2026-01-01;2;1305539.97;0;0;0;1305539.97;312566079.06;312566079.06;0;312566079.06;0;0;0;0;0;0;0;0;;0;0;0;0;0;0;0;0;0;;0;0;;0;0;0;2567670;1990439.37;0;577230.63;0;15135.96;0;0;0;0;0;0;17941.78;651631.26;684709
30.130.708/0001-28;2026-01-01;1;94479999.5;84634.01;94395365.49;;;3227064553.64;0;;;;;;;;;;;;;;47394677.37;;;;;;;;3179669876.27;;;;;;318620.63;;;318620.63;29927661.33;4080954.23;;;;;;;;200350404.48;234359020.04
30.166.700/0001-11;2026-01-01;2;11954841.86;0;11954841.86;0;0;1385412816.02;0;0;0;0;0;0;0;0;0;0;0;;0;0;228162779.94;0;0;0;0;0;0;;1157250036.08;0;;0;0;0;87144.38;0;0;87144.38;0;1370220.68;0;0;0;0;0;0;0;120327506.22;121697726.9
30.178.506/0001-56;2026-01-01;1;118636.11;1000;0;0;117636.11;121834507.21;119032193.78;0;105552678;0;13479515.78;0;0;0;0;0;0;;0;0;2211222.37;0;0;0;591091.06;0;0;;0;0;;0;0;0;2291195.34;800000;1415000;76195.34;0;11054.37;0;12800000;0;0;0;0;0;42343.14;12853397.51
30.230.870/0001-18;2026-01-01;1;9138493.74;6545019.86;0;0;2593473.88;201709027.22;0;0;0;0;0;0;0;0;0;0;0;;0;0;65248794.93;0;0;0;46819349;0;0;;89683838.33;0;;0;0;-42955.04;2060045.85;0;0;2060045.85;2889;265945.28;0;0;0;0;0;0;0;55558.19;324392.47
30.248.129/0001-84;2026-01-01;1;225570.33;0;0;0;225570.33;475000000;475000000;0;475000000;0;0;0;0;0;0;0;0;;0;0;0;0;0;0;0;0;0;;0;0;;0;0;0;7883192.31;0;0;7883192.31;0;12627.27;0;0;0;0;0;0;0;372504883.49;372517510.76
30.248.158/0001-46;2026-01-01;1;4341206.5;0;0;0;4341206.5;386518157.18;384451457.17;0;384451457.17;0;0;0;0;0;0;0;0;;0;0;2066700.01;0;0;0;0;0;0;;0;0;;0;0;0;8432.23;0;0;8432.23;2496770.25;333086.45;0;0;0;0;0;0;0;67333.99;2897190.69
30.248.180/0001-96;2026-01-01;1;20862391.62;1.02;0;0;20862390.6;2232157007.38;0;0;0;0;0;0;0;0;0;0;0;;0;0;164762423.01;0;0;0;0;0;0;;2069754549.83;0;;0;0;-2359965.46;83977137.54;0;0;83977137.54;102.02;23723.7;0;0;0;0;0;0;0;523906.45;547732.17
30.258.790/0001-70;2026-01-01;1;9526.7;9526.7;0;0;0;101580000;101580000;0;0;101580000;0;0;0;0;0;0;0;;0;0;0;0;0;0;0;0;0;;0;0;;0;0;0;4896.45;0;0;4896.45;0;12000;0;9428119.89;0;0;0;0;0;32230.42;9472350.31
30.492.505/0001-81;2026-01-01;1;12976401.76;22700.24;0;0;12953701.52;154014890.03;154014890.03;56046000;46245000.03;0;51723890;0;0;0;0;0;0;;0;0;0;0;0;0;0;0;0;;0;0;;0;0;0;86652463.98;174850.6;86472519.61;5093.77;0;30912.14;0;0;0;0;0;0;0;752232.96;783145.1
30.495.165/0001-42;2026-01-01;1;145900222.09;10.99;0;0;145900211.1;281127178.22;281127178.22;0;281127178.22;0;0;0;0;0;0;0;0;;0;0;0;0;0;0;0;0;0;;0;0;;0;0;0;2174096.07;2129783.29;39996.88;4315.9;0;30962;0;0;0;0;37875404.59;0;0;60853.56;37967220.15
30.567.216/0001-02;2026-01-01;1;9213549.61;1712.23;0;0;9211837.38;653366215.49;629322383.33;0;629322383.33;0;0;0;0;0;0;0;0;;0;0;24043832.16;0;0;0;0;0;0;;0;0;;0;0;0;5042334.98;2916056.41;0;2126278.57;4719121.53;209033.7;0;74102855.46;0;804708.89;15800380.9;0;0;8929487.27;104565587.75
30.578.275/0001-78;2026-01-01;1;905823.94;905823.94;0;0;0;8578965.13;0;0;0;0;0;0;0;0;0;0;0;;0;0;0;0;0;0;8578965.13;0;0;;0;0;;0;0;0;0;0;0;0;0;35155.74;0;0;0;0;0;0;0;83762.29;118918.03
30.578.351/0001-45;2026-01-01;1;15.76;15.76;0;0;0;76427633.61;0;0;0;0;0;0;0;0;0;0;0;;0;0;0;0;0;0;76427633.61;0;0;;0;0;;0;0;0;0;0;0;0;0;461006.41;0;0;0;0;0;0;0;51248.46;512254.87
30.578.417/0001-05;2026-01-01;1;18752589.21;945.39;0;0;18751643.82;761971185.29;1152188.2;0;1152188.2;0;0;0;0;0;0;0;0;;0;0;79196634.14;0;0;0;0;0;0;;681622362.95;0;;0;0;0;3267004.25;0;0;3267004.25;8015046.86;119043.57;0;0;0;0;0;0;0;605631.69;8739722.12
30.629.603/0001-18;2026-01-01;1;15097683.47;194.95;0;1975433.35;13122055.17;1929527337.06;1360014445.07;0;1360014445.07;0;0;0;0;0;0;0;0;;0;0;335292213.59;0;0;0;234220678.4;0;0;;0;0;;0;0;0;12204130.21;10132603.24;0;2071526.97;12088923.75;1533784.35;0;916010.27;0;0;0;0;0;2532029.69;17070748.06
30.642.032/0001-51;2026-01-01;1;27020.03;0;0;0;27020.03;157960000;149960000;0;149960000;0;0;0;0;0;0;0;0;;0;0;0;0;0;0;0;0;0;;0;0;;0;0;0;0;0;0;0;0;418055.3;0;15836000;0;0;0;0;0;0;16254055.3
30.647.758/0001-87;2026-01-01;1;7617366.46;100;;;7617266.46;182013632.42;0;;;;;;;;485224.4;;;;;;6482465.81;;;;;;;;175045942.21;;;;;;92140.62;;;92140.62;1734365.6;125551.48;;;;;;;;22014.87;1881931.95
30.654.849/0001-40;2026-01-01;1;9933925.08;4932;0;0;9928993.08;475800000.87;475799999.87;0;475799999.87;0;0;0;0;0;0;0;0;;0;0;0;0;0;0;1;0;0;;0;0;;0;0;0;27209356.88;1721605.05;7980000;17507751.83;0;240568.84;0;0;0;0;208074795.36;0;0;1336248.34;209651612.54
30.816.679/0001-52;2026-01-01;1;19098052.34;20949.36;19077102.98;;;46812800.79;0;;;;;;;;;;;;;;40890600.9;;;;;5922199.89;;;;;;;;;11582.35;;;11582.35;;84718.92;;;;;;;;758262.46;842981.38
30.846.692/0001-54;2026-01-01;1;1022552.65;1595.13;1020957.52;0;0;154073000;154073000;1820000;152253000;0;0;0;0;0;0;0;0;;0;0;0;0;0;0;0;0;0;;0;0;;0;0;0;1142441.38;1142159.97;0;281.41;0;8750;0;1288623.35;0;6232434.55;0;0;0;17186.97;7546994.87
30.871.660/0001-09;2026-01-01;1;4833461.18;19745.74;;;4813715.44;561642487.9;561642487.9;;561642487.9;;;;;;;;;;;;;;;;;;;;;;;;;;0;;;;;1983651.19;;;;;;;;7583795.13;9567446.32
30.871.698/0001-81;2026-01-01;1;2589474.85;1919.04;;;2587555.81;249911042.19;231092000.08;;231092000.08;;;;;;;;;;;;18819042.11;;;;;;;;;;;;;;908749.76;558179.76;350570;;;189015.91;;;;;;;;32449.81;627806.12
30.871.716/0001-25;2026-01-01;1;407927.62;117.54;0;0;407810.08;3285.6;0;0;0;0;0;0;0;0;0;0;0;;0;0;3285.6;0;0;0;0;0;0;;0;0;;0;0;0;168484282.61;875435.35;0;167608847.26;0;27959.56;0;0;0;0;0;0;0;1325429.4;1353388.96
30.982.880/0001-00;2026-01-01;1;2097343.89;334.84;2097009.05;0;0;89695011.01;0;0;0;0;0;0;0;0;0;0;0;;0;0;0;0;0;0;0;0;0;;89695011.01;0;;0;0;0;0;0;0;0;958293;17558.92;0;0;0;0;0;0;202743.35;80815.85;1259411.12
30.982.923/0001-57;2026-01-01;1;188304.78;0.99;0;0;188303.79;61701190.07;0;0;0;0;0;0;0;0;0;0;0;;0;0;0;0;0;0;88000439.39;0;0;;0;0;;0;0;-26299249.32;36706813.7;0;0;36706813.7;0;25900.47;0;0;0;0;0;0;0;9766254.16;9792154.63
30.982.974/0001-89;2026-01-01;1;322004.61;100;;;321904.61;247663498.11;5468262;;5468262;;;;;;;;;;;;44767545.35;;;;197427690.76;;;;;;;;;;0;;;;;165096.81;;754350;;;;;;370261.67;1289708.48
30.983.020/0001-90;2026-01-01;1;11346839.73;0;0;0;11346839.73;344657537;0;0;0;0;0;0;0;0;0;0;0;;0;0;306159463.64;0;0;0;0;0;0;;38498073.36;0;;0;0;0;1768805.97;0;0;1768805.97;3053097.77;240086.32;0;0;0;0;0;0;0;1132649.2;4425833.29
31.145.875/0001-05;2026-01-01;1;8479636.44;10418.46;0;0;8469217.98;787720829.34;756502900.94;0;756502900.94;0;0;0;0;0;0;0;0;;0;0;0;0;31217928.4;0;0;0;0;;0;0;;0;0;0;33160879.96;8558974.84;0;24601905.12;0;47677.79;0;0;0;0;0;0;7526871.25;6258510.58;13833059.62
31.152.015/0001-07;2026-01-01;2;7902.4;15.15;0;0;7887.25;57236911.25;37776911.14;512753;37264158.14;0;0;0;0;0;0;0;0;;0;0;0;0;0;0;19460000.11;0;0;;0;0;;0;0;0;418;0;0;418;0;49928.34;0;0;0;0;0;0;0;393509.01;443437.35
31.161.410/0001-48;2026-01-01;1;4819339.4;2436.34;4816903.06;0;0;89165132.1;1586512.55;0;1586512.55;0;0;0;0;0;0;0;0;;0;0;0;0;0;0;87578619.55;0;0;;0;0;;0;0;0;43172460.29;0;1163370.71;42009089.58;1370.4;377373.34;0;0;0;0;0;0;0;4011652.69;4390396.43
31.373.514/0001-16;2026-01-01;1;0;0;0;0;0;4154072.9;4154072.9;0;0;0;0;0;4154072.9;0;0;0;0;;0;0;0;0;0;0;0;0;0;;0;0;;0;0;0;6343.71;0;0;6343.71;0;0;0;0;0;0;0;0;0;1620886.19;1620886.19
31.469.385/0001-64;2026-01-01;1;832491.58;29777.43;802714.15;0;0;81608977;81608977;0;81608977;0;0;0;0;0;0;0;0;;0;0;0;0;0;0;0;0;0;;0;0;;0;0;0;507965.81;507965.81;0;0;2488.08;0;0;0;0;0;0;0;0;39918.43;42406.51
31.508.219/0001-20;2026-01-01;1;638205.18;1148.55;0;0;637056.63;280580000.01;280580000.01;0;280580000.01;0;0;0;0;0;0;0;0;;0;0;0;0;0;0;0;0;0;;0;0;;0;0;0;16240616.67;1730930.28;7500000;7009686.39;0;0;0;0;0;0;0;0;186086705.31;69195869.64;255282574.95
31.524.769/0001-32;2026-01-01;2;1704116;159557.1;0;0;1544558.9;235900000;235900000;0;235900000;0;0;0;0;0;0;0;0;;0;0;0;0;0;0;0;0;0;;0;0;;0;0;0;0;0;0;0;0;22595;0;0;0;0;0;0;0;61910.56;84505.56
31.524.789/0001-03;2026-01-01;1;843284.09;804256.76;0;0;39027.33;408452000;408452000;0;9000000;0;0;0;399452000;0;0;0;0;;0;0;0;0;0;0;0;0;0;;0;0;;0;0;0;0;0;0;0;0;22760.03;0;0;0;0;0;0;0;62659.78;85419.81
31.544.493/0001-54;2026-01-01;1;235805.39;235805.39;0;0;0;579240814.91;415400000;336000000;0;0;0;0;79400000;0;0;0;0;;0;0;0;0;0;0;163840814.91;0;0;;0;0;;0;0;0;0;0;0;0;0;22222.55;0;0;0;0;0;0;0;67651.63;89874.18
31.544.514/0001-31;2026-01-01;1;0;0;0;0;0;0;0;0;0;0;0;0;0;0;0;0;0;;0;0;0;0;0;0;0;0;0;;0;0;;0;0;0;0;0;0;0;0;0;0;0;0;0;0;0;0;0;0
31.547.782/0001-07;2026-01-01;1;46688.85;100;;;46588.85;167537579.6;135285000.01;87540000.01;47745000;;;;;;;;;;;;;;;;32252579.59;;;;;;;;;;3241710.92;3202710.92;;39000;;46189.52;;5300000;;;;;;8038218.78;13384408.3
31.547.989/0001-81;2026-01-01;2;112849.91;112849.91;0;0;0;150658694.45;150658694.45;128900000;0;0;0;0;21758694.45;0;0;0;0;;0;0;0;0;0;0;0;0;0;;0;0;;0;0;0;1555.68;0;0;1555.68;0;15229.15;0;0;0;0;0;0;0;45026.65;60255.8
31.713.934/0001-02;2026-01-01;1;28.4;28.4;0;0;0;44449022.62;9465022.62;0;0;0;0;0;9465022.62;0;0;0;0;;0;0;0;0;0;0;7984000;0;0;;0;0;;0;0;27000000;860.24;0;0;860.24;0;20144.68;0;0;0;0;0;0;0;26137295.65;26157440.33
31.772.231/0001-47;2026-01-01;1;1061699.66;100;;;1061599.66;440705180.99;0;;;;;;;;;;;;;;;;;;440705180.99;;;;;;;;;;0;;;;;86252.89;;;;;;;;43980.93;130233.82
31.887.401/0001-39;2026-01-01;1;3251345.73;67221.16;3184124.57;0;0;57349189.39;0;0;0;0;0;0;0;0;0;0;0;;0;0;57349189.39;0;0;0;0;0;0;;0;0;;0;0;0;77005.89;0;0;77005.89;434725.2;57364.41;0;0;0;0;0;0;0;47210.39;539300
31.894.369/0001-19;2026-01-01;1;4600827.64;2000;;;4598827.64;230358327.33;98019278.91;;98019278.91;;;;;;;;;;;;64055356.07;;;;;53245154.09;;;;;;15038538.26;;;36050196.82;7324151.08;28718075.47;7970.27;;78203.92;;30285657.25;;;22685116.88;;;75687.75;53124665.8
31.907.591/0001-09;2026-01-01;1;2654595.48;1269.41;;;2653326.07;287500000;287500000;;287500000;;;;;;;;;;;;;;;;;;;;;;;;;;2150683.54;2150683.54;;;1973710.2;24294.69;;;;;;;;3661898.39;5659903.28
31.962.875/0001-06;2026-01-01;1;338416999.01;5730032.63;;332686966.38;;7659590848.87;6771052089.18;;6322187460.13;448864629.05;;;;;;;;;;;;;;;888538759.69;;;;;;;;;;187106571.63;100279615.81;;86826955.82;;91666.67;;;;;;;;245995777.85;246087444.52
32.000.013/0001-57;2026-01-01;1;18338624.88;825.63;0;0;18337799.25;89184106.54;17457410.26;0;17457410.26;0;0;0;0;0;0;0;0;;0;0;0;0;0;0;71726696.28;0;0;;0;0;;0;0;0;87605586.3;0;0;87605586.3;0;4600.7;0;0;0;0;0;0;0;11318170.09;11322770.79
32.006.821/0001-21;2026-01-01;1;2807518.46;838.22;2806680.24;0;0;171245705.35;0;0;0;0;0;0;0;0;5137592.53;0;0;;0;0;5428113.9;5949753.83;20556980.58;0;0;0;0;;134173264.51;0;;0;0;0;4695788.11;0;0;4695788.11;1865427.57;0;318863.16;0;0;0;0;0;0;2795465.98;4979756.71
32.065.364/0001-46;2026-01-01;1;25179544.54;100;;;25179444.54;439783416.59;0;;;;;;;;;;;;;;;;;;;;;;439783416.59;;;;;;22200000;;;22200000;5803588.8;326656.97;;;;;;;;22223057.12;28353302.89
32.140.405/0001-11;2026-01-01;1;13170884.29;4090.72;2906078.1;0;10260715.47;104501947.26;0;0;0;0;0;0;0;0;0;0;0;;0;0;35946848.36;14238057.1;0;0;0;0;0;;53836120.77;0;;0;0;480921.03;484301.59;0;0;484301.59;0;18000;0;0;0;0;0;0;0;106570.2;124570.2
32.177.294/0001-18;2026-01-01;2;799645.06;0;0;720552.77;79092.29;41726636.77;0;0;0;0;0;0;0;0;0;0;0;;0;0;0;0;0;0;41726636.77;0;0;;0;0;;0;0;0;0;0;0;0;0;56248.46;0;0;0;0;0;0;0;80255.37;136503.83
32.222.912/0001-02;2026-01-01;1;15615.87;15615.87;0;0;0;38180763.16;38180763.16;0;38180763.16;0;0;0;0;0;0;0;0;;0;0;0;0;0;0;0;0;0;;0;0;;0;0;0;7.55;0;0;7.55;0;210591.56;0;12452248.07;0;0;0;0;0;170000;12832839.63
32.274.163/0001-59;2026-01-01;1;2284444.02;95443.81;;;2189000.21;800425514.16;789474454.1;;789474454.1;;;;;;;;;;;;;;;;;;;;10951060.06;;;;;;117124126.31;4791502.6;108563072.42;3769551.29;3844571.85;49884.12;;;;128916.43;146134568.63;;;3101943.82;153259884.85
32.274.197/0001-43;2026-01-01;1;53279106.6;1505674.41;;;51773432.19;886540469.99;706123305.77;706123305.77;;;;;;;;;;;;;;;;;180417164.22;;;;;;;;;;49323138.31;;49226478.31;96660;;68769.96;;160210894.35;;;;;;46921751.88;207201416.19
32.274.553/0001-29;2026-01-01;1;2397543.85;8047.9;;;2389495.95;493050626.42;274564385.74;;274564385.74;;;;;;;;;;;;;;;;218486240.68;;;;;;;;;;68788895.81;273947.38;;68514948.43;;29535.61;;;;;;;;27625326.08;27654861.69
32.275.196/0001-13;2026-01-01;1;138.75;100;0;0;38.75;-14126.02;0;0;0;0;0;0;0;0;0;0;0;;0;0;-14126.02;0;0;0;0;0;0;;0;0;;0;0;0;22230;0;0;22230;0;79555;0;0;0;0;0;0;0;138564.58;218119.58
32.275.252/0001-10;2026-01-01;1;261.79;261.79;0;0;0;27600474.26;27600000;0;0;0;27600000;0;0;0;0;0;0;;0;0;474.26;0;0;0;0;0;0;;0;0;;0;0;0;0;0;0;0;0;228000;0;0;0;0;0;0;0;65849.22;293849.22
32.287.811/0001-01;2026-01-01;1;1990.53;1990.53;0;0;0;118686920.1;0;0;0;0;0;0;0;0;0;0;0;;0;0;0;0;0;0;0;118686920.1;0;;0;0;;0;0;0;0;0;0;0;0;72954.43;0;0;0;0;0;0;0;72028.63;144983.06
32.317.313/0001-64;2026-01-01;1;11681566.7;17589.33;11663977.37;;;27145865.5;0;;;;;;;;;;;;;;;;;;;935289.11;;;15823808.06;;;10386768.33;;;20732740.6;;;20732740.6;;70895.98;;;;;;;;39060.57;109956.55
32.388.168/0001-02;2026-01-01;1;1084657.55;13694.88;0;0;1070962.67;62985416.66;62985416.66;12737000;0;0;34035464.69;16212951.97;0;0;0;0;0;;0;0;0;0;0;0;0;0;0;;0;0;;0;0;0;451821;450000;0;1821;0;48299.4;0;39689947.91;0;0;0;0;0;26987.36;39765234.67
32.400.250/0001-05;2026-01-01;1;159806799.13;10589.44;159796209.69;;;1247990862.54;0;;;;;;;;;;;;;;21299991.23;;;;;;;;1196105218.4;;;30585652.91;;;52120.63;;;52120.63;12957093.6;1853809.31;;;;;;;;208268.43;15019171.34
32.441.656/0001-36;2026-01-01;1;911097.4;0;0;0;911097.4;59245000;0;0;0;0;0;0;0;0;0;0;0;;0;0;0;0;0;0;59245000;0;0;;0;0;;0;0;0;8020022.08;0;0;8020022.08;0;137405.64;0;0;0;0;0;0;0;275250;412655.64
32.527.552/0001-49;2026-01-01;1;7814797.55;2534494.31;5280303.24;0;0;65099935.52;0;0;0;0;0;0;0;20917501.43;0;0;0;;0;0;42987257.05;0;0;0;1195177.04;0;0;;0;0;;0;0;0;2696659.86;0;0;2696659.86;0;97589.96;0;0;0;0;0;0;0;0;97589.96
32.527.626/0001-47;2026-01-01;1;59761981.78;153690.72;59608291.06;0;0;480754502.96;448766193.96;0;448766193.96;0;0;0;0;0;0;0;0;;0;0;31988309;0;0;0;0;0;0;;0;0;;0;0;0;3324336.47;3287274.43;0;37062.04;2810193;254667.66;0;0;0;0;171762412.4;0;0;1532427.16;176359700.22
32.667.306/0001-92;2026-01-01;1;10266580.63;0;0;0;10266580.63;21741461.1;0;0;0;0;0;0;0;0;0;0;0;;0;0;21741461.1;0;0;0;0;0;0;;0;0;;0;0;0;274690.56;0;0;274690.56;0;82335.94;0;0;0;0;0;0;0;34870.73;117206.67
32.754.734/0001-52;2026-01-01;1;57954983.52;0;0;0;57954983.52;223106810.95;218480505;0;218480505;0;0;0;0;0;0;0;0;;0;0;4626305.95;0;0;0;0;0;0;;0;0;;0;0;0;107460276.89;2658214.87;104800000;2062.02;2617264.32;280544.8;0;0;0;0;0;0;0;22288210.78;25186019.9
32.892.018/0001-31;2026-01-01;2;123859932.67;26529950.52;0;55736010.51;41593971.64;2550338946.38;2526888127.82;6510000;2520378127.82;0;0;0;0;0;0;0;0;;0;0;0;0;0;0;19324119.59;0;0;;4126698.97;0;;0;0;0;201256908.74;20442738.56;146203584;34610586.18;15001486.04;1754647.25;279498.06;0;0;0;628822822.35;0;0;13570458.71;659428912.41
32.903.621/0001-71;2026-01-01;1;66968823.45;12902395.71;;;54066427.74;1728554267.34;1727907664.62;;1727907664.62;;;;;;;;;;;;565996.76;;;;80605.96;;;;;;;;;;16382389.6;13229165.54;;3153224.06;9115248.24;820966.16;;;;1920977.19;407340126.98;;;2190797.26;421388115.83
32.903.661/0001-13;2026-01-01;1;3858387.07;2100;;;3856287.07;311100000;311100000;;311100000;;;;;;;;;;;;;;;;;;;;;;;;;;1341764.04;1341764.04;;;1310316.66;171774.25;;;;;;;;30634.19;1512725.1
33.046.142/0001-49;2026-01-01;2;105712689.15;0;0;0;105712689.15;973195364.19;636726403.38;0;636726403.38;0;0;0;0;0;0;0;0;;0;0;76627653.09;0;0;0;259841307.72;0;0;;0;0;;0;0;0;18792013.77;16804754.69;0;1987259.08;0;62995.87;0;173226691.82;0;0;0;0;0;1086723.11;174376410.8
33.354.650/0001-94;2026-01-01;2;2297.46;2297.46;0;0;0;342371942.18;0;0;0;0;0;0;0;0;0;0;0;;0;0;0;0;0;0;0;342371942.18;0;;0;0;;0;0;0;38453.37;0;0;38453.37;0;57055.87;0;0;0;0;0;0;0;48647.41;105703.28
33.554.611/0001-30;2026-01-01;1;55.77;55.77;0;0;0;8140316.56;0;0;0;0;0;0;0;0;0;0;0;;0;0;0;0;0;0;8140316.56;0;0;;0;0;;0;0;0;0;0;0;0;0;5000;0;0;0;0;0;0;0;142456.41;147456.41
33.554.611/0001-30;2026-02-01;1;55.77;55.77;0;0;0;8140316.56;0;0;0;0;0;0;0;0;0;0;0;;0;0;0;0;0;0;8140316.56;0;0;;0;0;;0;0;0;0;0;0;0;0;5000;0;0;0;0;0;0;0;147456.41;152456.41
33.701.455/0001-93;2026-01-01;1;321144.77;26726.89;0;0;294417.88;103830000;103830000;0;103830000;0;0;0;0;0;0;0;0;;0;0;0;0;0;0;0;0;0;;0;0;;0;0;0;3149.68;0;0;3149.68;0;26236.16;0;29616886.53;0;0;0;0;0;63156.43;29706279.12
33.701.485/0001-08;2026-01-01;1;91692.56;1797.38;0;0;89895.18;318930.62;0;0;0;0;0;0;0;0;0;0;0;;0;0;318930.62;0;0;0;0;0;0;;0;0;;0;0;0;5362.18;0;0;5362.18;0;6213.8;0;0;0;0;0;0;0;10027.29;16241.09
33.701.501/0001-54;2026-01-01;1;20281.62;20281.62;0;0;0;114530807.37;0;0;0;0;0;0;0;0;0;0;0;;0;0;0;0;0;0;114530807.37;0;0;;0;0;;0;0;0;0;0;0;0;0;84254.09;0;0;0;0;0;0;0;384348.14;468602.23
33.701.887/0001-02;2026-01-01;1;802.37;11.09;0;0;791.28;37585500.02;37585500.02;0;37585500.02;0;0;0;0;0;0;0;0;;0;0;0;0;0;0;0;0;0;;0;0;;0;0;0;150002.46;0;150000;2.46;0;12001;0;0;0;0;0;0;0;17900.83;29901.83
33.842.871/0001-01;2026-01-01;1;11981031.24;4104228.35;;;7876802.89;215401805.08;215401805.08;69684254.04;71584999.19;74132551.85;;;;;;;;;;;;;;;;;;;;;;;;;7336735.31;2661600.85;;4675134.46;;27985.42;;19073250;;;179891061.96;;;28074.81;199020372.19
33.884.145/0001-51;2026-01-01;1;13856109.72;1113;;;13854996.72;59482391.89;0;;;;;;;;;;;;;;8135897.49;;;;;;;;51346494.4;;;;;;72;;;72;827178.7;59581.95;1290798.88;;;;;;;38598.22;2216157.75
33.884.197/0001-28;2026-01-01;1;76.74;0;0;0;76.74;36524285.94;36524285.94;0;7340285.94;0;0;29184000;0;0;0;0;0;;0;0;0;0;0;0;0;0;0;;0;0;;0;0;0;35000;35000;0;0;1083.91;4000;0;1000;0;0;0;0;0;1332.8;7416.71
34.027.774/0001-28;2026-01-01;1;3082265.75;100;;;3082165.75;53873703.55;0;;;;;;;;;;;;;;53873703.55;;;;;;;;;;;;;;0;;;;498684.55;37474.41;;;;;;;;48558.56;584717.52
34.081.631/0001-02;2026-01-01;1;1153144.89;894894.98;257752.6;0;497.31;47903591.05;12755628.7;0;0;0;12755628.7;0;0;0;0;0;0;;0;0;0;0;0;0;35147962.35;0;0;;0;0;;0;0;0;21645473.12;0;21645189.93;283.19;148799.75;100493.44;0;0;0;0;0;0;0;975551.57;1224844.76
34.081.637/0001-71;2026-01-01;2;2180155.75;6717.68;2109272.57;0;64165.5;216317810.15;38086367.39;0;38086367.39;0;0;0;0;0;0;0;0;;0;0;104265592.48;0;0;0;73965850.28;0;0;;0;0;;0;0;0;762079.55;367375.55;0;394704;159556.87;127969.65;0;0;0;0;0;0;0;37830.13;325356.65
34.197.700/0001-30;2026-01-01;1;34604.77;2310.51;32294.26;0;0;36829690.08;0;0;0;0;0;0;0;0;0;0;0;;0;0;0;0;0;0;0;36829690.08;0;;0;0;;0;0;0;4590.42;0;0;4590.42;0;20517.02;0;0;0;0;0;0;0;35036.76;55553.78
34.197.776/0001-65;2026-01-01;1;3966747.33;0;0;0;3966747.33;24686688.36;0;0;0;0;0;0;0;0;0;0;0;;0;0;13123.61;0;0;0;24672109.78;0;0;;1454.97;0;;0;0;0;4248383.7;0;3988683.69;259700.01;0;55418.07;0;2500000;0;0;0;0;0;47833.37;2603251.44
34.197.811/0001-46;2026-01-01;1;40457750.81;0;0;0;40457750.81;1032249361.14;0;0;0;0;0;0;0;0;0;0;0;;0;0;44196.46;0;0;0;0;0;0;;1032205164.68;0;;0;0;0;32099.88;0;0;32099.88;0;839453.36;0;0;0;0;0;0;0;43317.28;882770.64
34.508.872/0001-87;2026-01-01;1;10183452.23;1265484.13;8917968.1;0;0;1015053153.4;0;0;0;0;0;0;0;0;227142628.98;0;0;;0;0;2123663.86;188680220.39;0;0;158264440.93;0;0;;441456562.5;0;;0;0;-2614363.26;189730935.78;0;0;189730935.78;4124629.15;88582.74;0;0;0;0;0;0;0;-837628.05;3375583.84
34.508.959/0001-54;2026-01-01;2;139354.56;987.4;0;0;138367.16;106415530.48;0;0;0;0;0;0;0;0;0;0;0;;0;0;106415530.48;0;0;0;0;0;0;;0;0;;0;0;0;0;0;0;0;0;18870.33;0;0;0;0;0;0;0;89570.8;108441.13
34.509.007/0001-55;2026-01-01;1;4660852.22;2575858.66;0;0;2084993.56;78530994.63;74835911.54;0;74835911.54;0;0;0;0;0;0;0;0;;0;0;0;0;3695083.09;0;0;0;0;;0;0;;0;0;0;25824288.86;0;11349197.18;14475091.68;0;102933.7;0;0;0;0;0;0;0;3734829.49;3837763.19
34.547.078/0001-42;2026-01-01;1;13.3;13.3;0;0;0;75514982.15;75514507.89;55014507.89;20500000;0;0;0;0;0;0;0;0;;0;0;474.26;0;0;0;0;0;0;;0;0;;0;0;0;19439.63;0;0;19439.63;0;255352.08;0;0;0;0;0;0;0;1168167.29;1423519.37
34.598.181/0001-11;2026-01-01;1;4139649.96;2879048.37;1260601.59;0;0;474177628.67;474177628.67;0;474177628.67;0;0;0;0;0;0;0;0;;0;0;0;0;0;0;0;0;0;;0;0;;0;0;0;3315853.89;3260383.31;0;55470.58;2707261.8;183447.31;0;0;0;0;0;0;0;156526.91;3047236.02
34.691.520/0001-00;2026-01-01;1;418097.72;395;0;0;417702.72;1064353335.51;890016934.29;0;890016934.29;0;0;0;0;0;0;0;0;;0;0;174336401.22;0;0;0;0;0;0;;0;0;;0;0;0;11012873.65;5583238.49;0;5429635.16;0;581607.21;0;156336723.79;0;0;255037327.11;0;0;703741.36;412659399.47
34.691.925/0001-48;2026-01-01;1;29551807.33;1000;0;0;29550807.33;172347961.14;172347961.14;0;0;0;172347961.14;0;0;0;0;0;0;;0;0;0;0;0;0;0;0;0;;0;0;;0;0;0;1305547.47;183716.97;0;1121830.5;0;234852.7;0;0;1811374.26;0;0;0;0;27767.61;2073994.57
34.736.474/0001-18;2026-01-01;1;5440428.06;100;4539779.22;;900548.84;279573479.67;0;;;;;;;;;;;;;;;;;;277149647.05;;;;;;;2423832.62;;;169470.19;;;169470.19;;341457.83;;26168616;7380000;;;;;108904.08;33998977.91
34.736.510/0001-43;2026-01-01;1;231937.92;100;;;231837.92;31696182.39;0;;;;;;;;;;;;;;;;;;;;;;31696182.39;;;;;;0;;;;170926.8;6824.36;;;;;;;;11166.96;188918.12
34.835.191/0001-23;2026-01-01;1;1901146.71;1901146.71;0;0;0;130583280;130583280;0;130583280;0;0;0;0;0;0;0;0;;0;0;0;0;0;0;0;0;0;;0;0;;0;0;0;3216410.59;2275289.24;0;941121.35;757157.62;111731.5;0;0;0;0;0;0;0;236236.82;1105125.94
34.847.042/0001-84;2026-01-01;1;7490423.86;62752.88;;;7427670.98;256100000;256100000;;256100000;;;;;;;;;;;;;;;;;;;;;;;;;;1886240.18;1886240.18;;;1500359.04;56608.84;;;;;119974165.29;;;134749.91;121665883.08
34.867.728/0001-37;2026-01-01;1;16237793.98;97148.59;0;0;16140645.39;69868943.34;7969800;0;0;7969800;0;0;0;0;0;0;0;;0;0;61899143.34;0;0;0;0;0;0;;0;0;;0;0;0;52604059.63;620376.34;49316050;2667633.29;0.4;19053.95;0;0;0;0;0;0;0;211419.07;230473.42
34.895.711/0001-93;2026-01-01;1;517112.19;2176.5;;;514935.69;8869000;8869000;;;;4392000;4477000;;;;;;;;;;;;;;;;;;;;;;;28247203.06;;400000;27847203.06;;56116.17;;;;;;;;27874718.23;27930834.4
34.895.752/0001-80;2026-01-01;1;6651737.99;2535.12;;;6649202.87;0;0;;;;;;;;;;;;;;;;;;;;;;;;;;;;117743964.93;;116715127.76;1028837.17;;199910.67;;408071.7;;;;;;4035333.05;4643315.42
34.895.894/0001-47;2026-01-01;1;1526394.34;2100;;;1524294.34;94114000;94114000;;94114000;;;;;;;;;;;;;;;;;;;;;;;;;;3146869.91;1019233.91;;2127636;397925.6;81724.1;;;;;;;;49109.85;528759.55
35.360.651/0001-77;2026-01-01;1;19576405.58;23009.76;;;19553395.82;168179422.88;168179422.88;40748425.69;;;;127430997.19;;;;;;;;;;;;;;;;;;;;;;;54325063.68;;51258103.06;3066960.62;5668701.42;14075.25;;8793571.21;16023294.26;;;;;79828713.34;110328355.48
35.360.687/0001-50;2026-01-01;1;29273859.44;100;;;29273759.44;199062698.12;0;;;;;;;;;;;;;;54742107.95;;;;;;;;144320590.17;;;;;;0;;;;2400042;164821;;;;;;;;34982.59;2599845.59
35.449.574/0001-26;2026-01-01;1;1017262.99;6579.43;0;0;1010683.56;62052327.58;0;0;0;0;0;0;0;0;0;0;0;;0;0;14894671.11;0;0;0;47157656.47;0;0;;0;0;;0;0;0;0;0;0;0;0;10000;0;0;0;0;0;0;0;67657.94;77657.94
35.507.262/0001-21;2026-01-01;1;6379692.05;2000;;;6377692.05;463587186.18;0;;;;;;;;;;;;;;;;;;;;;;463587186.18;;;;;;0;;;;4134873.36;305572.36;493865.12;;;;;;;61336.42;10908424.11
35.507.457/0001-71;2026-01-01;1;47671936.42;1100;;;47670836.42;1350037674.2;0;;;;;;;;;;;;;;1132676155.98;;;;;;;;217361518.22;;;;;;16015994.54;;;16015994.54;11960797.13;913747.14;;;;;;;;635596.28;13510140.55
35.507.610/0001-60;2026-01-01;1;298152.02;255.64;0;0;297896.38;525724871.56;0;0;0;0;0;0;0;0;0;0;0;;0;0;0;0;0;0;525724871.56;0;0;;0;0;;0;0;0;91629.37;0;0;91629.37;0;61664.27;0;0;0;0;0;0;0;119748.78;181413.05
35.586.415/0001-73;2026-01-01;1;29546239.92;2000;;;29544239.92;297690744.78;297690744.78;;297690744.78;;;;;;;;;;;;;;;;;;;;;;;;;;150200599.35;3879298.9;;146321300.45;2021903.4;132854.11;;;;;;;;157285349.41;159440106.92
35.652.081/0001-99;2026-01-01;2;1643946.63;0;0;0;1643946.63;417860501.83;0;0;0;0;0;0;0;0;0;0;0;;0;0;153171049.29;0;0;0;264689452.54;0;0;;0;0;;0;0;0;1616787.72;0;1482023.37;134764.35;0;73121.4;0;0;0;0;0;0;0;20855915.4;20929036.8
35.652.102/0001-76;2026-01-01;1;37039178.51;198.1;0;0;37038980.41;2893173693.39;2379316496.98;0;2379316496.98;0;0;0;0;35242.12;0;0;0;;0;0;513821954.29;0;0;0;0;0;0;;0;0;;0;0;0;12731576.59;12293300.86;0;438275.73;12208530.15;1688267.19;0;0;0;0;0;0;0;723475;14620272.34
35.652.174/0001-13;2026-01-01;1;2033914.34;0;2033914.34;0;0;16265937.21;16265937.21;0;16265937.21;0;0;0;0;0;0;0;0;;0;0;0;0;0;0;0;0;0;;0;0;;0;0;0;2959197.67;0;2959197.67;0;0;21290.71;0;0;0;0;0;0;0;2004810.43;2026101.14
35.652.227/0001-04;2026-01-01;1;19985088.3;0;0;0;19985088.3;25823.62;0;0;0;0;0;0;0;0;0;0;0;;0;0;25823.62;0;0;0;0;0;0;;0;0;;0;0;0;22770617.42;443553.92;0;22327063.5;0;41691.83;0;0;0;0;0;0;0;620396.28;662088.11
35.652.252/0001-80;2026-01-01;1;3847599.1;0;3765031.1;0;82568;58358680.18;0;0;0;0;0;0;0;0;0;0;0;;0;0;47137714.46;0;0;0;0;0;0;;11220965.72;0;;0;0;0;5668.25;0;0;5668.25;0;50564.58;0;0;0;0;0;0;0;6952190.13;7002754.71
35.652.278/0001-28;2026-01-01;1;10530363.21;0.77;0;0;10530362.44;962585251.24;849745588.24;0;849745588.24;0;0;0;0;0;0;0;0;;0;0;0;0;0;0;112839663;0;0;;0;0;;0;0;0;7857706.81;6736136.1;0;1121570.71;0;204170.04;0;0;0;0;0;0;0;631749.97;835920.01
35.688.460/0001-39;2026-01-01;1;57186.71;2000;;;55186.71;416627574.36;0;;;;;;;;;;;;;;;;;;385966739.07;;;;;;;30660835.29;;;142333.46;;;142333.46;;223670.69;;;;;;;;102503819.49;102727490.18
35.689.497/0001-81;2026-01-01;1;749265.8;2000;;;747265.8;148181904.93;0;;;;;;;;;;;;;;133348623.2;;6304200;;;;;;8529081.73;;;;;;409.3;;;409.3;1094700;24354.32;;;;;;;;24373.19;1143427.51
35.689.670/0001-41;2026-01-01;1;2231726.23;100;;;2231626.23;29601030.34;0;;;;;;;;;;;;;;28389114.03;;;;;;;;;;;1211916.31;;;35331.04;;;35331.04;;24376.85;;;;;;;;30112.32;54489.17
35.689.733/0001-60;2026-01-01;1;4814073.09;100;;;4813973.09;34270633.02;0;;;;;;;;;;;;;;22974349.6;;;;;;;;11296283.42;;;;;;0;;;;250778.76;18184.59;;;;;;;;37959.64;306922.99
35.704.849/0001-20;2026-01-01;1;3428843.52;100.1;;;3428743.42;328722021.34;328722021.34;;328722021.34;;;;;;;;;;;;;;;;;;;;;;;;;;29938468.77;4353333.64;;25585135.13;;24012.7;;;;;163794375.63;;;1689345.6;165507733.93
35.705.463/0001-33;2026-01-01;1;50346126.28;7910.03;47329247.09;;3008969.16;655215527.43;0;;;;;;;;;;;;;;617859690.71;;;;7879579.86;;;;28264340.55;;;1211916.31;;;4985212.84;4924582.55;;60630.29;5015276.25;619092.07;;;;;;;;21091905.01;26726273.33
35.705.542/0001-44;2026-01-01;1;1140122.27;100;;;1140022.27;259689000;0;;;;;;;;;;;;;259689000;;;;;;;;;;;;;;;0;;;;;187501.3;9080764.5;;;;;;;40265.19;9308530.99
35.725.659/0001-90;2026-01-01;2;114944.38;3468.12;110723.18;0;753.08;43271296.6;43271296.6;816023.59;40662445;1792828.01;0;0;0;0;0;0;0;;0;0;0;0;0;0;0;0;0;;0;0;;0;0;0;209829.17;206768.89;0;3060.28;140000;6557.42;0;0;0;0;0;0;0;31302.1;177859.52
35.754.164/0001-99;2026-01-01;1;7343953;6309.62;7337643.38;0;0;437736652.65;430859000;0;430859000;0;0;0;0;0;0;0;0;;0;0;6877652.65;0;0;0;0;0;0;;0;0;;0;0;0;4238329.39;3562856.67;0;675472.72;2845174.95;56113.94;0;0;0;0;0;0;0;1076572.19;3977861.08
35.755.044/0001-06;2026-01-01;1;39416139.97;38175582.44;1240557.53;0;0;0;0;0;0;0;0;0;0;0;0;0;0;;0;0;0;0;0;0;0;0;0;;0;0;;0;0;0;39341911.31;0;0;39341911.31;0;0;0;0;0;0;0;0;0;297817.81;297817.81
35.755.232/0001-34;2026-01-01;1;26280075.68;685.04;0;0;26279390.64;32843126.69;0;0;0;0;0;0;0;0;0;0;0;;0;0;27365883;0;0;0;5477243.69;0;0;;0;0;;0;0;0;11869846.4;0;0;11869846.4;785205.24;1720.89;0;0;0;0;0;0;0;1115408.65;1902334.78
35.765.826/0001-26;2026-01-01;1;35130251.1;17761.38;;;35112489.72;334197938.08;334197938.08;;334197938.08;;;;;;;;;;;;;;;;;;;;;;;;;;7873779.47;1489217.73;;6384561.74;1640495.58;227791.64;;;;;;;;6461312.09;8329599.31
35.765.889/0001-82;2026-01-01;1;3115587.83;0;0;0;3115587.83;485300166.31;151120023.06;0;151120023.06;0;0;0;0;270781094.75;0;0;0;;0;0;62185882.5;0;0;0;0;0;0;;0;0;;0;0;1213166;631135.11;602054.14;0;29080.97;0;18262.31;0;0;0;0;0;0;0;64189803.82;64208066.13
35.765.907/0001-26;2026-01-01;1;8464139.95;4278490.81;;769203.98;3416445.16;3330186532.1;3330144106.86;;3330144106.86;;;;;;;;;;;;;;;;42425.24;;;;;;;;;;97492728.03;14151589.04;;83341138.99;225197.66;420078.46;;188264393.96;;;;;;40120882.01;229030552.09
35.819.314/0001-03;2026-01-01;1;38546849.88;546950.32;;;37999899.56;34216568;34216568;;;;34216568;;;;;;;;;;;;;;;;;;;;;;;;29196569.7;;18919690.47;10276879.23;;;;;;;;;;5481331.46;5481331.46
35.820.768/0001-96;2026-01-01;1;0;0;0;0;0;84526250.03;0;0;0;0;0;0;0;0;0;0;0;;0;0;0;0;0;0;84526250.03;0;0;;0;0;;0;0;0;23713.28;0;0;23713.28;0;716198.99;0;0;0;0;0;0;0;371355.18;1087554.17
35.864.448/0001-38;2026-01-01;1;95519031.99;61214.65;95457817.34;;;1887471659.98;0;;;;;;;;;;;;;;1588868.84;;;;;;;;1842701475.27;;;43181315.87;;;4952120.63;;;4952120.63;18198374.01;1792861.15;;;;;;;;189736203.61;209727438.77
35.880.201/0001-05;2026-01-01;1;603479.03;762.63;;;602716.4;192115790.84;188859252.79;;;;188859252.79;;;;;;;;;;;3256538.05;;;;;;;;;;;;;16013660.87;;15813088.72;200572.15;;;;;;;;;;997187.79;997187.79
36.098.375/0001-83;2026-01-01;2;924610.49;924610.49;0;0;0;120050000;120050000;0;120050000;0;0;0;0;0;0;0;0;;0;0;0;0;0;0;0;0;0;;0;0;;0;0;0;873836.04;837592.13;0;36243.91;775015;50127.76;0;0;0;0;0;0;0;72924.4;898067.16
36.200.654/0001-06;2026-01-01;1;10252768.51;291555.25;;;9961213.26;304098760;123300000;123300000;;;;;;;;;;;;;;;;;180798760;;;;;;;;;;121356491.79;870000;;120486491.79;1586.72;518648.88;;1159369.13;;;;;;405013.2;2084617.93
36.200.701/0001-11;2026-01-01;1;1940965.65;89.08;;;1940876.57;9271691.65;0;;;;;;;;;;;;;;;;;;9271691.65;;;;;;;;;;2195109.91;;;2195109.91;;3137.85;;;;;;;;2017498.4;2020636.25
36.244.015/0001-42;2026-01-01;1;13127101.55;15000;0;0;13112101.55;269691309.19;0;0;0;0;0;0;0;0;0;0;0;;0;0;9985796.95;0;16895802.95;0;0;0;0;;242908197.94;0;;0;0;-98488.65;23358442.26;0;0;23358442.26;873.1;721289.86;0;0;0;0;0;0;0;89122.48;811285.44
36.258.924/0001-30;2026-01-01;1;2669962.86;115598.32;0;0;2554364.54;194711993.08;194711993.08;45211993.08;149500000;0;0;0;0;0;0;0;0;;0;0;0;0;0;0;0;0;0;;0;0;;0;0;0;96667300.53;2293008.95;0;94374291.58;0;19500;0;0;0;0;0;0;0;289589315.83;289608815.83
36.258.924/0001-30;2026-02-01;1;3628990.31;927.9;0;0;3628062.41;199710598.53;199710598.53;50210598.53;149500000;0;0;0;0;0;0;0;0;;0;0;0;0;0;0;0;0;0;;0;0;;0;0;0;96667300.53;2293008.95;0;94374291.58;0;19000;0;0;0;0;0;0;0;297272321.78;297291321.78
36.293.425/0001-83;2026-01-01;2;1021697.37;1021697.37;0;0;0;72854328.81;0;0;0;0;0;0;0;0;0;0;0;;0;0;72854328.81;0;0;0;0;0;0;;0;0;;0;0;0;22326.43;0;0;22326.43;549301.34;18237.5;0;0;0;0;0;0;0;53905.42;621444.26
36.312.025/0001-78;2026-01-01;1;278235.67;0;0;0;278235.67;136306663;136306663;0;136306663;0;0;0;0;0;0;0;0;;0;0;0;0;0;0;0;0;0;;0;0;;0;0;0;3709111.27;990009.09;0;2719102.18;0;12000;0;0;0;0;0;0;0;9376835.33;9388835.33
36.312.772/0001-06;2026-01-01;2;1031500.14;1031500.14;0;0;0;51932070.13;0;0;0;0;0;0;0;0;0;0;0;;0;0;51932070.13;0;0;0;0;0;0;;0;0;;0;0;0;19373.16;0;0;19373.16;516224.19;13024.08;0;0;0;0;0;0;0;50801.63;580049.9
36.368.925/0001-37;2026-01-01;1;5441216.4;3275154.24;;;2166062.16;688245983.41;311614478.78;;311614478.78;;;;;;;;;;;;14305389.7;;;;362326114.93;;;;;;;;;;65542666.59;4813536.79;29337033.71;31392096.09;12198066;68046.54;;314809592;;;;;;19521571.45;346597275.99
36.420.742/0001-13;2026-01-01;1;73337436.08;392.18;0;0;73337043.9;1057833865.13;1057833865.13;0;1057833865.13;0;0;0;0;0;0;0;0;;0;0;0;0;0;0;0;0;0;;0;0;;0;0;0;66276720.89;8317807.74;0;57958913.15;0;908296.5;0;0;0;0;0;0;0;975755.73;1884052.23
36.445.551/0001-06;2026-01-01;1;839045.01;140611.97;;;698433.04;21603295.33;8841340;;990000;;7851340;;;;;;;;;;;;;;12761955.33;;;;;;;;;;69591.01;;20000;49591.01;5958.88;20473.1;;;;;;;;57987.4;84419.38
36.445.587/0001-90;2026-01-01;1;27246105.21;2010;0;0;27244095.21;197903553.14;48000000;0;48000000;0;0;0;0;0;0;0;0;;0;0;149903553.14;0;0;0;0;0;0;;0;0;;0;0;0;2249019.87;741604;0;1507415.87;5569783.67;100525.56;0;2264000;0;0;0;0;0;9856227.18;17790536.41
36.501.128/0001-86;2026-01-01;1;71725612.08;16662.08;0;70465481.31;1243468.69;2483965162;2318618566.76;0;2318618566.76;0;0;0;0;0;0;0;0;;0;0;0;0;0;0;165346595.24;0;0;;0;0;;0;0;0;469193.33;468952.38;0;240.95;18851720;1913225.15;0;451854551.04;254417617.9;24032667.78;0;0;0;39274292.81;790344074.68
36.501.159/0001-37;2026-01-01;2;88152.03;0;0;0;88152.03;192862367.43;110541367.43;0;110541367.43;0;0;0;0;0;0;0;0;;0;0;0;0;0;0;82321000;0;0;;0;0;;0;0;0;47005004.14;1279158.94;33974908.29;11750936.91;0;23576.12;1102333.81;0;0;0;38854314.38;0;0;11980351.82;51960576.13
36.501.181/0001-87;2026-01-01;1;3668838.67;-0.01;0;0;3668838.68;142310103.9;142310103.9;0;142310103.9;0;0;0;0;0;0;0;0;;0;0;0;0;0;0;0;0;0;;0;0;;0;0;0;937546.4;836000;0;101546.4;1665854.41;42082.45;0;0;4048082.83;0;0;0;0;451346.86;6207366.55
36.501.198/0001-34;2026-01-01;1;1550675.35;5923.53;0;0;1544751.82;79796916.8;79750000;0;79750000;0;0;0;0;0;0;0;0;;0;0;46916.8;0;0;0;0;0;0;;0;0;;0;0;0;639684.75;451736.67;0;187948.08;307500;56924.18;0;0;0;0;0;0;0;33.47;364457.65
36.501.210/0001-00;2026-01-01;1;5120343.67;1221.9;5119121.77;0;0;140600000;140600000;0;140600000;0;0;0;0;0;0;0;0;;0;0;0;0;0;0;0;0;0;;0;0;;0;0;0;0;0;0;0;0;11624.39;0;0;0;0;0;0;0;1123724.7;1135349.09
36.501.233/0001-15;2026-01-01;1;30681296.26;10258.99;0;0;30671037.27;319428705.77;0;0;0;0;0;0;0;0;0;0;0;;0;0;11875853.61;0;0;0;0;11549599;0;;296003253.16;0;;0;0;0;6385000;0;0;6385000;3874241.17;256377.68;911773.13;0;0;0;0;0;0;6385000;11427391.98
36.501.249/0001-28;2026-01-01;1;661724.01;62.48;35245.15;0;626416.38;705022761.02;685428195.16;0;685428195.16;0;0;0;0;0;15024739.4;0;0;;0;0;0;0;0;0;0;0;0;;0;0;;0;0;4569826.46;190769.82;0;0;190769.82;0;67755;0;0;0;0;97193862.09;0;0;1821918.66;99083535.75
36.517.660/0001-91;2026-01-01;1;2893612.27;5367.9;0;0;2888244.37;70330000;70330000;0;70330000;0;0;0;0;0;0;0;0;;0;0;0;0;0;0;0;0;0;;0;0;;0;0;0;88361.3;69829.58;0;18531.72;84089.72;60943.35;0;0;0;0;0;0;0;91274.16;236307.23
36.532.530/0001-28;2026-01-01;1;25602.55;0;8318.36;0;17284.19;81650766.7;0;0;0;0;0;0;0;0;0;0;0;;0;0;81650766.7;0;0;0;0;0;0;;0;0;;0;0;0;18.16;0;0;18.16;0;6721.77;0;0;0;0;0;0;0;641302.9;648024.67
36.642.219/0001-31;2026-01-01;1;20177391.26;0;20177391.26;0;0;832126256.22;0;0;0;0;0;0;0;0;0;0;0;;0;0;181180340.33;0;0;0;0;0;0;;650885166.22;0;;0;0;60749.67;651107.85;0;0;651107.85;0;773971.04;0;0;0;0;0;0;0;75342837.25;76116808.29
36.642.244/0001-15;2026-01-01;1;137354325.29;0;0;0;137354325.29;607452532.29;462800000;0;462800000;0;0;0;0;0;0;0;0;;0;0;0;0;0;0;119120375.48;0;0;;0;0;;0;0;25532156.81;3908607.14;3835098.61;0;73508.53;0;473124.97;0;0;0;0;0;44620507.44;0;9856806.74;54950439.15
36.642.275/0001-76;2026-01-01;1;663729.16;5210.31;0.01;0;658518.84;222569158.88;0;0;0;0;0;0;0;0;0;0;0;;0;0;0;0;0;0;222569158.88;0;0;;0;0;;0;0;0;307514.1;0;0;307514.1;0;315269.26;0;0;0;0;0;0;0;1313835.01;1629104.27
36.642.293/0001-58;2026-01-01;2;34841640.26;0;0;0;34841640.26;420947945.09;0;0;0;0;0;0;0;0;0;0;0;;0;0;0;0;0;0;0;0;0;;420947945.09;0;;0;0;0;32106.84;0;0;32106.84;0;381601.22;0;0;0;0;0;0;0;64699.3;446300.52
36.642.311/0001-00;2026-01-01;1;9037511.89;0;9082495.26;0;-44983.37;227271471.27;0;0;0;0;0;0;0;0;0;0;0;;0;0;227271471.27;0;0;0;0;0;0;;0;0;;0;0;0;136815.98;0;0;136815.98;0;13184.59;0;0;0;0;0;0;0;119703.26;132887.85
36.655.973/0001-06;2026-01-01;1;73164061.91;0;0;0;73164061.91;924566681.94;25500000;25500000;0;0;0;0;0;0;0;0;0;;0;0;395301328.84;0;0;0;0;0;0;;503765353.1;0;;0;0;0;165795664.34;3373683.14;0;162421981.2;0;1162240.76;0;0;0;0;0;0;0;630989.91;1793230.67
36.669.535/0001-05;2026-01-01;1;477885.73;6181.59;471704.14;0;0;6962000;6962000;0;6962000;0;0;0;0;0;0;0;0;;0;0;0;0;0;0;0;0;0;;0;0;;0;0;0;131980.08;131980.08;0;0;25733.3;37600.51;0;0;0;0;0;0;0;14609.22;77943.03
36.669.660/0001-07;2026-01-01;1;11166046.58;100;;;11165946.58;364631466.42;0;;;;;;;;;;;;;;364631466.42;;;;;;;;;;;;;;101083.53;;;101083.53;3093723.5;141814.94;;;;;;;;67434.14;3302972.58
36.673.421/0001-20;2026-01-01;1;14850.79;464.29;0;0;14386.5;19479248.56;19479248.56;0;19479248.56;0;0;0;0;0;0;0;0;;0;0;0;0;0;0;0;0;0;;0;0;;0;0;0;2186336.97;384536.97;0;1801800;0;15000;0;0;0;0;13068005.05;0;0;115387.21;13198392.26
36.731.458/0001-68;2026-01-01;1;2864010.94;100;0;0;2863910.94;76412818.07;28479209.89;0;28479209.89;0;0;0;0;0;0;0;0;;0;0;0;0;0;0;0;0;0;;4695473.35;0;;0;0;43238134.83;31826.09;0;0;31826.09;0;21949.63;0;0;0;0;0;0;0;13092273.98;13114223.61
36.741.215/0001-00;2026-01-01;1;3464.3;3464.3;0;0;0;86708445.11;0;0;0;0;0;0;0;86636533;0;0;0;;0;0;71912.11;0;0;0;0;0;0;;0;0;;0;0;0;6844.71;0;0;6844.71;0;497872.56;0;0;0;0;0;0;0;302822.08;800694.64
36.771.692/0001-19;2026-01-01;1;17057891.25;1000;0;0;17056891.25;1497581078.22;0;0;0;0;0;0;0;2013970.16;0;0;0;;0;0;868561533.31;14919498.89;0;0;261799105.11;0;0;;350286970.75;0;;0;0;0;22830951.09;0;0;22830951.09;11530637.23;1833090.04;0;0;0;0;51559413.75;0;0;44741637.77;109664778.79
36.814.809/0001-02;2026-01-01;1;6380.45;6380.45;0;0;0;26815560.58;0;0;0;0;0;0;0;0;0;0;0;;0;17966465.92;0;0;8820640.69;0;0;0;0;;28453.97;0;;0;0;0;3072.41;0;0;3072.41;0;59167.34;0;0;0;0;0;0;0;557205.74;616373.08
36.846.817/0001-22;2026-01-01;1;1126591.26;216.19;0;0;1126375.07;7200999;0;0;0;0;0;0;0;0;0;0;0;;0;0;0;0;0;0;7200999;0;0;;0;0;;0;0;0;72353.46;0;0;72353.46;0;3835.56;0;0;0;0;0;0;0;2228771.46;2232607.02
36.885.948/0001-19;2026-01-01;1;30964.41;0.69;0;0;30963.72;141423481.96;141423481.96;0;141423481.96;0;0;0;0;0;0;0;0;;0;0;0;0;0;0;0;0;0;;0;0;;0;0;0;10087413.58;0;0;10087413.58;0;25000;0;0;0;0;0;0;0;5401171.88;5426171.88
36.885.989/0001-05;2026-01-01;1;288336.51;0;0;0;288336.51;147172221.59;136662221.59;0;136662221.59;0;0;0;0;0;0;0;0;;0;0;0;0;0;0;0;0;0;;0;0;;0;0;10510000;0;0;0;0;0;12000;0;0;0;0;0;0;0;11227371;11239371
36.930.464/0001-44;2026-01-01;2;562323.17;562323.17;0;0;0;782754315;782754315;0;782754315;0;0;0;0;0;0;0;0;;0;0;0;0;0;0;0;0;0;;0;0;;0;0;0;5120902.82;4975439.04;0;145463.78;0;240246.86;0;0;0;0;0;0;0;127209.34;367456.2
36.969.658/0001-53;2026-01-01;1;525.45;525.45;0;0;0;114000000;114000000;0;114000000;0;0;0;0;0;0;0;0;;0;0;0;0;0;0;0;0;0;;0;0;;0;0;0;0;0;0;0;0;707694.97;0;0;0;0;0;0;0;137171.24;844866.21
37.087.810/0001-37;2026-01-01;1;75728536.68;6296.75;16404355.11;0;59317884.82;1229052233.05;0;0;0;0;0;0;0;0;0;0;0;;0;0;55846783.41;0;0;0;0;0;0;;1176659979.05;0;;0;0;-3454529.41;73727000.17;0;0;73727000.17;497.28;60927.02;0;0;0;0;0;0;0;932987.09;994411.39
37.112.770/0001-36;2026-01-01;1;713859.99;524.9;;;713335.09;114500072.05;0;;;;;;;;;;;;;;114500072.05;;;;;;;;;;;;;;0;;;;1067649.6;116150.8;;;;;;;;16680.5;1200480.9
37.180.091/0001-02;2026-01-01;1;12826456.91;283631.66;12542825.25;0;0;302403032.99;0;0;0;0;0;0;0;0;0;194029.63;0;;0;0;302209003.36;0;0;0;0;0;0;;0;0;;0;0;0;52439.92;0;0;52439.92;3483393;129307.78;0;0;0;0;0;0;0;55386.89;3668087.67
37.262.531/0001-62;2026-01-01;1;13874653.39;2005.05;13872648.34;0;0;75160869.4;0;0;0;0;0;0;0;0;0;0;0;;0;0;0;0;0;0;75160869.4;0;0;;0;0;;0;0;0;761648.44;0;0;761648.44;0;0;0;0;0;0;0;0;0;2877419.76;2877419.76
37.262.752/0001-30;2026-01-01;1;78229.01;288.23;77940.78;0;0;189837000;0;0;0;0;0;0;0;0;0;0;0;;0;0;0;0;0;0;189837000;0;0;;0;0;;0;0;0;68334525.52;0;0;68334525.52;0;0;0;0;0;0;0;0;0;26368476.74;26368476.74
37.266.902/0001-84;2026-01-01;1;226914.22;8301.41;218612.81;0;0;10263297.22;0;0;0;0;0;0;0;0;0;0;0;;0;0;0;0;0;0;10263297.22;0;0;;0;0;;0;0;0;16912648.96;0;0;16912648.96;0;20487.47;0;0;0;0;0;0;0;55954.48;76441.95
37.295.919/0001-60;2026-01-01;1;133358954.97;999.95;0;0;133357955.02;2380016923.94;429100000;0;429100000;0;0;0;0;0;0;0;0;;0;0;1709272416.58;0;0;0;0;0;0;;241644507.36;0;;0;0;0;320893206.45;0;0;320893206.45;24073354.75;2187272.41;0;0;0;0;35242554.99;0;0;19176777.87;80679960.02
37.295.952/0001-90;2026-01-01;1;21.69;0.96;0;0;20.73;26075935.49;0;0;0;0;0;0;0;26075935.49;0;0;0;;0;0;0;0;0;0;0;0;0;;0;0;;0;0;0;0;0;0;0;0;9000;0;0;0;0;0;0;0;6045370.62;6054370.62
37.433.832/0001-01;2026-01-01;1;93367.74;7553.86;0;0;85813.88;17795079.16;17795079.16;0;17795079.16;0;0;0;0;0;0;0;0;;0;0;0;0;0;0;0;0;0;;0;0;;0;0;0;0;0;0;0;0;20744.98;0;0;0;0;0;0;0;0;20744.98
37.899.356/0001-19;2026-01-01;1;840783.03;0;0;0;840783.03;2551.21;0;0;0;0;0;0;0;0;0;0;0;;0;0;2551.21;0;0;0;0;0;0;;0;0;;0;0;0;112821132.91;849749.79;0;111971383.12;0;76622.2;0;0;0;0;0;0;0;207013.51;283635.71
37.899.400/0001-90;2026-01-01;1;9276022.26;100;;;9275922.26;142848228.15;0;;;;;;;;;;;;;;;;;;142848228.15;;;;;;;;;;0;;;;;108776.2;;;;;;;;6994227.13;7103003.33
37.899.479/0001-50;2026-01-01;1;14332503.52;100;;;14332403.52;163479863.77;0;;;;;;;;;;;;;;9253087.66;;;;;;;;154226776.11;;;;;;22215.93;;;22215.93;1988180.25;138775.75;56079.58;;;;;;;23559.66;2206595.24
37.931.298/0001-63;2026-01-01;1;189278.23;12554.79;0;0;176723.44;88057233.6;88057233.6;0;0;0;88057233.6;0;0;0;0;0;0;;0;0;0;0;0;0;0;0;0;;0;0;;0;0;0;5319.81;0;0;5319.81;0;25000;0;6504049.65;0;0;0;0;0;0;6529049.65
37.950.819/0001-20;2026-01-01;1;696444.03;69.5;0;0;696374.53;566345000;566345000;0;566345000;0;0;0;0;0;0;0;0;;0;0;0;0;0;0;0;0;0;;0;0;;0;0;0;5509272.17;4187373.15;0;1321899.02;0.33;323951.7;0;0;0;0;0;0;0;2062975.84;2386927.87
38.293.862/0001-22;2026-01-01;1;1001544.14;0;0;0;1001544.14;206625647.26;206625647.26;0;206625647.26;0;0;0;0;0;0;0;0;;0;0;0;0;0;0;0;0;0;;0;0;;0;0;0;4497148.55;1602140.27;0;2895008.28;0;21390.82;0;0;0;0;83944396.77;0;0;41282.5;84007070.09
38.293.897/0001-61;2026-01-01;1;1699104.9;0;0;0;1699104.9;119391572.68;0;0;0;0;0;0;0;0;0;0;0;;0;0;18002766.9;0;0;0;0;0;0;;101388805.78;0;;0;0;0;15187694.3;0;0;15187694.3;0;116733.41;0;0;0;0;0;0;0;4411683.39;4528416.8
38.293.921/0001-62;2026-01-01;1;8854297.71;1000;8326334.35;526963.36;0;207621158.74;142907000;0;142907000;0;0;0;0;0;0;0;0;;0;0;64714158.74;0;0;0;0;0;0;;0;0;;0;0;0;5895428.4;1151261.97;3473867.35;1270299.08;0;170143.51;0;0;0;0;0;0;0;52220414.26;52390557.77
38.294.086/0001-85;2026-01-01;1;2645687.03;0;2569192.35;0;76494.68;632863228.34;534639999.96;0;534639999.96;0;0;0;0;0;0;0;0;;0;0;98223228.38;0;0;0;0;0;0;;0;0;;0;0;0;5275662.13;3244220.78;0;2031441.35;0;49865.63;0;0;0;0;150785667;0;0;2534631.1;153370163.73
38.294.329/0001-85;2026-01-01;1;5816623.66;0;5816623.66;0;0;57650981.82;0;0;0;0;0;0;0;1600594.28;0;0;0;;0;0;8817476.52;0;0;0;0;0;0;;47232911.02;0;;0;0;0;16071.33;0;0;16071.33;0;60682.71;0;0;0;0;0;0;0;27778.2;88460.91
38.376.805/0001-07;2026-01-01;1;13655112.63;1000;0;0;13654112.63;0;0;0;0;0;0;0;0;0;0;0;0;;0;0;0;0;0;0;0;0;0;;0;0;;0;0;0;0;0;0;0;0;30495.9;0;0;0;0;0;0;0;14979.22;45475.12
38.456.508/0001-71;2026-01-01;1;2477039.28;1753.7;2475285.58;0;0;45654124.26;14384682.58;0;0;0;14384682.58;0;0;0;0;0;0;;0;0;11912376.04;5898176.49;0;0;0;0;0;;13458889.15;0;;0;0;0;2952987.01;0;2085386.27;867600.74;53.61;17708.99;0;0;0;0;0;0;0;364256.3;382018.9
38.456.598/0001-09;2026-01-01;1;1775360.12;3830.97;1771529.15;0;0;23820486.75;23820486.75;917899.8;0;0;22902586.95;0;0;0;0;0;0;;0;0;0;0;0;0;0;0;0;;0;0;;0;0;0;1523997.93;0;1523997.93;0;0;20614.27;0;0;3432246.62;0;0;0;0;486173.03;3939033.92
38.498.758/0001-74;2026-01-01;1;10877.67;10877.67;0;0;0;228000590.44;0;0;0;0;0;0;0;0;0;0;0;;0;133562610.53;0;0;0;0;68470492.31;0;0;;25967487.6;0;;0;0;0;3064414.18;0;0;3064414.18;0;1227291.93;0;0;0;0;0;0;0;12315255.54;13542547.47
38.658.984/0001-75;2026-01-01;1;6157749.39;189;0;0;6157560.39;367700000;367700000;0;367700000;0;0;0;0;0;0;0;0;;0;0;0;0;0;0;0;0;0;;0;0;;0;0;0;3848667.71;3285507.71;0;563160;2944323.33;39158.64;0;0;0;0;0;0;0;57848.92;3041330.89
39.317.176/0001-07;2026-01-01;1;4182574.37;2370432.97;;;1812141.4;121100000;121100000;;;;121100000;;;;;;;;;;;;;;;;;;;;;;;;1244564.25;;;1244564.25;;8086.45;;;;;37615544.32;;;302429.68;37926060.45
39.332.032/0001-20;2026-01-01;1;2801948.99;100;;;2801848.99;145876293.25;0;;;;;;;;;;;;;;58255939.7;;;;;;;;87620353.55;;;;;;0;;;;374893.34;104622.63;;;;;;;;21409.66;500925.63
39.347.413/0001-82;2026-01-01;1;1069575.85;20783.69;0;0;1048792.16;139076984.92;139076984.92;14530911.18;124546073.74;0;0;0;0;0;0;0;0;;0;0;0;0;0;0;0;0;0;;0;0;;0;0;0;4954610.56;1027083.95;0;3927526.61;889746;87178.92;0;0;0;0;0;0;0;402338.04;1379262.96
39.583.723/0001-04;2026-01-01;1;1423548.8;1887.84;0;0;1421660.96;122291034;122291034;0;122291034;0;0;0;0;0;0;0;0;;0;0;0;0;0;0;0;0;0;;0;0;;0;0;0;0;0;0;0;0;10000;0;0;0;0;0;0;0;31904.8;41904.8
39.583.723/0001-04;2026-02-01;1;2226702.13;1348.43;0;0;2225353.7;122291034;122291034;0;122291034;0;0;0;0;0;0;0;0;;0;0;0;0;0;0;0;0;0;;0;0;;0;0;0;0;0;0;0;0;10000;0;0;0;0;0;0;0;33619.12;43619.12
39.591.218/0001-01;2026-01-01;1;6743331.79;88252.7;0;0;6655079.09;28792487.23;28792487.23;0;0;0;0;28792487.23;0;0;0;0;0;;0;0;0;0;0;0;0;0;0;;0;0;;0;0;0;12017036.33;0;0;12017036.33;0;33739.4;3304935.94;0;0;0;0;0;0;1677630.85;5016306.19
39.714.024/0001-48;2026-01-01;1;5251237.51;561.75;0;0;5250675.76;337747265.77;314305000;0;314305000;0;0;0;0;0;0;0;0;;0;0;0;0;23442265.77;0;0;0;0;;0;0;;0;0;0;22175653.89;2751111.83;15000000;4424542.06;6190843.09;97773.49;0;0;0;22006088.24;0;0;0;138834.67;28433539.49
39.753.295/0001-02;2026-01-01;1;32226029.98;5865.05;28940388.77;3279776.16;0;371405492.25;0;0;0;0;0;0;0;0;0;0;0;;0;0;2222475.3;51172947.89;0;0;187020999.62;0;0;;130989069.44;0;;0;0;0;0;0;0;0;4739921.56;56155.38;1707583.68;0;0;0;0;0;0;417275.86;6920936.48
39.863.059/0001-49;2026-01-01;1;3796062.26;1000;3795062.26;0;0;94022700.77;0;0;0;0;0;0;0;0;0;0;0;;0;0;85195647.86;0;0;0;0;0;0;;8827052.91;0;;0;0;0;324378.38;0;0;324378.38;770665;64930.46;0;0;0;0;0;0;0;82526.22;918121.68
40.010.015/0001-55;2026-01-01;1;113465.55;0;0;0;113465.55;28770000;28770000;12180000;16590000;0;0;0;0;0;0;0;0;;0;0;0;0;0;0;0;0;0;;0;0;;0;0;0;0;0;0;0;0;18067.55;0;0;0;0;0;0;0;30170.2;48237.75
40.011.225/0001-68;2026-01-01;1;8347825.24;0;5745989.92;0;2601835.32;329414319.04;0;0;0;0;0;0;0;3508571.54;0;0;0;;0;0;317244731.09;0;0;0;0;0;0;;8661016.41;0;;0;0;0;12854448.73;0;0;12854448.73;0;205837.37;0;0;0;0;0;0;0;69187.03;275024.4
40.011.234/0001-59;2026-01-01;1;401128.77;0;0;0;401128.77;174313440;174313440;0;174313440;0;0;0;0;0;0;0;0;;0;0;0;0;0;0;0;0;0;;0;0;;0;0;0;3838641.61;1364215.44;0;2474426.17;0;153447.33;0;0;0;0;129980106.23;0;0;65000;130198553.56
40.011.251/0001-96;2026-01-01;1;1191590.82;0;1191590.82;0;0;85493357.51;0;0;0;0;0;0;0;0;0;0;0;;0;0;3294263.66;0;0;0;0;0;0;;82199093.85;0;;0;0;0;7657.11;0;0;7657.11;0;94414.56;0;0;0;0;0;0;0;25934.67;120349.23
40.011.279/0001-23;2026-01-01;1;705781.55;0;0;0;705781.55;4924.8;0;0;0;0;0;0;0;0;0;0;0;;0;0;4924.8;0;0;0;0;0;0;;0;0;;0;0;0;23535313.49;0;0;23535313.49;0;34301.14;0;0;0;0;0;0;0;3832.25;38133.39
40.011.324/0001-40;2026-01-01;1;-3043.21;0;0;0;-3043.21;180934582.43;0;0;0;0;0;0;0;0;0;0;0;;0;0;29222390;0;0;0;0;0;0;;151712192.43;0;;0;0;0;21789;0;0;21789;0;201415.31;150778.29;0;0;0;0;0;0;-871662.42;-519468.82
40.041.603/0001-56;2026-01-01;1;5263465.33;100;;;5263365.33;34371910.52;0;;;;;;;;;;;;;;;;;;;;;;34371910.52;;;;;;0;;;;;49181.33;;;;;;;;11119.43;60300.76
40.041.711/0001-29;2026-01-01;1;5470438.87;0;0;0;5470438.87;3691876.2;0;0;0;0;0;0;0;0;0;0;0;;0;0;21255.75;0;0;0;0;0;0;;3670620.45;0;;0;0;0;0;0;0;0;0;69595.05;0;0;0;0;0;0;0;7797529.04;7867124.09
40.041.723/0001-53;2026-01-01;1;7925681.39;939.5;;;7924741.89;209500000;209500000;;;209500000;;;;;;;;;;;;;;;;;;;;;;;;;42558.37;;;42558.37;800000;149838.8;;;;;;;;6413619.98;7363458.78
40.054.838/0001-82;2026-01-01;1;1118757.38;0;1118757.38;0;0;6511123.63;6511123.63;0;6511123.63;0;0;0;0;0;0;0;0;;0;0;0;0;0;0;0;0;0;;0;0;;0;0;0;149857.02;0;0;149857.02;0;15300;0;0;0;0;0;0;0;89284.31;104584.31
40.054.913/0001-05;2026-01-01;1;30015.98;100;;;29915.98;10704192.75;0;;;;;;;;;;;;;;;;;;10704192.75;;;;;;;;;;0;;;;;488033.69;;;;;;;;27141.17;515174.86
40.063.899/0001-06;2026-01-01;1;2058.82;2058.82;0;0;0;102371588;0;0;0;0;0;0;0;0;0;0;0;;0;0;0;0;0;0;102371588;0;0;;0;0;;0;0;0;4916.27;0;0;4916.27;0;912577.29;0;0;0;0;0;0;0;57907.85;970485.14
40.063.899/0001-06;2026-02-01;1;1262.87;1262.87;0;0;0;109540000;0;0;0;0;0;0;0;0;0;0;0;;0;0;0;0;0;0;109540000;0;0;;0;0;;0;0;0;3441.39;0;0;3441.39;0;1001675.9;0;0;0;0;0;0;0;57000;1058675.9
40.102.445/0001-05;2026-01-01;1;6443916.35;0;0;0;6443916.35;66934059.68;18409000;0;18409000;0;0;0;0;0;0;0;0;;0;0;0;0;0;0;48525059.68;0;0;;0;0;;0;0;0;310218.27;0;0;310218.27;0;82607.59;0;0;0;0;0;0;0;12293.32;94900.91
40.189.596/0001-34;2026-01-01;1;7336381.02;1477;0;0;7334904.02;223698964.3;223698964.3;0;223698964.3;0;0;0;0;0;0;0;0;;0;0;0;0;0;0;0;0;0;;0;0;;0;0;0;1698934.14;1698717.58;0;216.56;1505247.12;112042.88;0;0;0;0;0;0;0;303.79;1617593.79
40.225.262/0001-79;2026-01-01;1;18349.26;410.94;0;0;17938.32;233867486.03;0;0;0;0;0;0;0;233867486.03;0;0;0;;0;0;0;0;0;0;0;0;0;;0;0;;0;0;0;44248.83;0;0;44248.83;0;14677.49;0;0;0;0;0;0;0;59386.31;74063.8
40.346.049/0001-15;2026-01-01;1;2458186.18;3777.79;0;2436090.09;18318.3;499498589.9;499498269.91;34098269.91;465400000;0;0;0;0;0;0;0;0;;0;0;0;0;0;0;0;0;0;;0;0;;0;0;319.99;7680787.63;1914742.26;0;5766045.37;0;205405.41;0;0;0;0;100378718.54;0;0;29137.39;100613261.34
40.346.049/0001-15;2026-02-01;1;2462689.07;2092.97;0;2455063.79;5532.31;499911375.82;499908639.82;34508639.82;465400000;0;0;0;0;0;0;0;0;;0;0;0;0;0;0;0;0;0;;0;0;;0;0;2736;7096375.09;1914742.26;0;5181632.83;0;205405.41;0;0;0;0;100242181.79;0;0;26725.41;100474312.61
40.414.001/0001-05;2026-01-01;1;677768.92;1000;676768.92;0;0;79000000;79000000;0;79000000;0;0;0;0;0;0;0;0;;0;0;0;0;0;0;0;0;0;;0;0;;0;0;0;593.59;0;0;593.59;0;18000;0;0;0;0;0;0;0;20231371.96;20249371.96
40.575.940/0001-23;2026-01-01;1;5281303.7;58549.98;2614263.92;146696.96;2461792.84;236716546.75;233629296.11;0;233629296.11;0;0;0;0;0;0;0;0;;0;0;0;0;0;0;0;0;0;;0;0;;3087250.64;0;0;8037857.03;4687759.12;885442.73;2464655.18;1441318.28;17392.2;230551.12;0;4715000;0;82967158.32;0;0;586441.06;89957860.98
40.837.664/0001-24;2026-01-01;1;2312.99;2312.99;0;0;0;23623474.25;23622999.99;0;23622999.99;0;0;0;0;0;0;0;0;;0;0;474.26;0;0;0;0;0;0;;0;0;;0;0;0;0;0;0;0;0;33201.96;0;0;0;0;0;0;0;7703.15;40905.11
40.886.241/0001-02;2026-01-01;1;12699943.56;0;0;0;12699943.56;425351444.38;421656602.78;0;421656602.78;0;0;0;0;0;0;0;0;;0;0;0;0;0;0;3694841.6;0;0;;0;0;;0;0;0;3619998.79;3601688.3;0;18310.49;0;205619.99;0;0;0;0;0;0;0;261956.95;467576.94
40.886.521/0001-02;2026-01-01;1;1303778.51;100.67;;;1303677.84;167235000;167235000;;167235000;;;;;;;;;;;;;;;;;;;;;;;;;;2676593.08;;;2676593.08;;130037.61;;51910293.66;;;;;;289602.24;52329933.51
40.887.170/0001-54;2026-01-01;1;548423.88;100;;;548323.88;22662518.39;0;;;;;;;;;;;;;;;;;;22662518.39;;;;;;;;;;0;;;;;38864.05;;;;;;;;1303123.92;1341987.97
40.944.707/0001-70;2026-01-01;1;3396569.56;131873.63;0;0;3264695.93;44571681.79;44571681.79;0;44571681.79;0;0;0;0;0;0;0;0;;0;0;0;0;0;0;0;0;0;;0;0;;0;0;0;1214005.72;0;944041.76;269963.96;0;24152.17;0;0;0;0;0;0;0;56211.11;80363.28
40.944.736/0001-32;2026-01-01;1;20003.62;5199.17;0;0;14804.45;25001257.69;0;0;0;0;0;0;0;0;0;0;0;;0;0;0;0;0;0;0;0;0;;0;0;;0;0;25001257.69;93162.19;0;0;93162.19;0;52981.08;0;0;0;0;0;0;0;15644441.02;15697422.1
40.944.736/0001-32;2026-02-01;1;9764.61;856.95;0;0;8907.66;25001257.69;0;0;0;0;0;0;0;0;0;0;0;;0;0;0;0;0;0;0;0;0;;0;0;;0;0;25001257.69;92824.78;0;0;92824.78;0;70641.44;0;0;0;0;0;0;0;15649566.69;15720208.13
41.076.380/0001-25;2026-01-01;1;12528290.88;0;12528290.88;0;0;92563004.96;0;0;0;0;0;0;0;3635000;0;0;0;;0;0;0;0;0;0;0;0;0;;88928004.96;0;;0;0;0;66366.39;0;0;66366.39;0;93656.85;0;0;0;0;0;0;0;53968.81;147625.66
41.076.564/0001-95;2026-01-01;1;92192285.11;0;0;0;92192285.11;2930253359.98;0;0;0;0;0;0;0;0;0;0;0;;0;0;576820579.84;0;0;0;41802060;0;0;;2311630720.14;0;;0;0;0;5140340.88;0;0;5140340.88;0;2543904.09;0;0;0;0;0;0;0;73086379.17;75630283.26
41.076.710/0001-82;2026-01-01;1;33074654.21;0;0;0;33074654.21;411242313.42;0;0;0;0;0;0;0;0;0;0;0;;0;0;77008547.19;0;0;0;0;0;0;;334233766.23;0;;0;0;0;556209.74;0;0;556209.74;0;253415.27;0;0;0;0;0;0;0;29974604.53;30228019.8
41.076.748/0001-55;2026-01-01;1;6514276.6;0;0;0;6514276.6;461690000;461690000;0;461690000;0;0;0;0;0;0;0;0;;0;0;0;0;0;0;0;0;0;;0;0;;0;0;0;10552737.59;2608895.25;0;7943842.34;0;206697.61;0;0;0;0;270845979.79;0;0;1187485.93;272240163.33
41.076.823/0001-88;2026-01-01;1;6974091.37;0;0;0;6974091.37;166073776.88;166073776.88;0;166073776.88;0;0;0;0;0;0;0;0;;0;0;0;0;0;0;0;0;0;;0;0;;0;0;0;7037478.6;2063580.57;0;4973898.03;0;32010.99;0;0;0;0;88529829.84;0;0;3514235.11;92076075.94
41.076.851/0001-03;2026-01-01;1;21927701.82;0;0;0;21927701.82;110444385.45;0;0;0;0;0;0;0;0;0;0;0;;0;0;30819078.94;0;0;0;0;0;0;;79625306.51;0;;0;0;0;7360423.6;0;0;7360423.6;0;121379.18;0;0;0;0;0;0;0;68655.41;190034.59
41.080.968/0001-52;2026-01-01;1;2788389.1;0;0;0;2788389.1;56569940.13;0;0;0;0;0;0;0;0;0;0;0;;0;0;0;0;0;0;0;0;0;;56569940.13;0;;0;0;0;7847.64;0;0;7847.64;0;77019.49;0;0;0;0;0;0;0;28463.72;105483.21
41.081.336/0001-03;2026-01-01;1;24710442.49;205781.07;;24504661.42;;1921807663.07;1896756287.91;;426701982.84;1470054305.07;;;;;;;;;;;;;;;25051375.16;;;;;;;;;;175095018.64;5901155.04;;169193863.6;;69707.93;;;;;;;;59061830.75;59131538.68
41.081.356/0001-84;2026-01-01;1;69732.58;1100;;;68632.58;50097763.73;611137.45;;;;;611137.45;;;;;;;;;26580870.33;;;;;;;;22905755.95;;;;;;88522.67;;29458.97;59063.7;467648.16;62350.58;199183.17;;;;;;;15212.77;744394.68
41.081.374/0001-66;2026-01-01;1;3113009;942;;;3112067;194947948.95;0;;;;;;;;;;;;;;14036356;;;;;;;;175389866.54;;;5521726.41;;;0;;;;1848929.67;155164.08;111176.7;;;;;;;64952.05;2180222.5
41.088.458/0001-21;2026-01-01;2;62823315.82;0;61587925.45;0;1235390.37;1374209021.94;21145412.69;0;0;0;21145412.69;0;0;0;0;0;0;;0;0;783238067.96;0;0;0;21742512.2;0;0;;548083029.09;0;;0;0;0;9671417.45;0;3846684.58;5824732.87;0;1022447.41;0;0;0;0;0;0;0;4206394.06;5228841.47
41.088.534/0001-07;2026-01-01;1;610937.07;0;610937.07;0;0;1000;0;0;0;0;0;0;0;0;0;0;0;;0;0;0;0;0;0;1000;0;0;;0;0;;0;0;0;12665.26;0;0;12665.26;0;20000;0;0;0;0;0;0;0;11032.5;31032.5
41.114.606/0001-35;2026-01-01;1;76178767.49;22583.02;0;0;76156184.47;223379040.93;223379040.93;19132798.99;204246241.94;0;0;0;0;0;0;0;0;;0;0;0;0;0;0;0;0;0;;0;0;;0;0;0;7306501.89;0;0;7306501.89;0;313727.3;0;0;0;0;0;0;0;13155458.63;13469185.93
41.199.975/0001-78;2026-01-01;1;5231404.59;0;5231404.59;0;0;10535519.72;10535519.72;0;1033968.23;0;9501551.49;0;0;0;0;0;0;;0;0;0;0;0;0;0;0;0;;0;0;;0;0;0;1377057.16;139515;1180280.58;57261.58;0;13294.48;0;253609.63;0;0;0;0;0;49812.15;316716.26
41.218.404/0001-33;2026-01-01;1;2413614.29;1100;;;2412514.29;13034581.42;13034581.42;;13034581.42;;;;;;;;;;;;;;;;;;;;;;;;;;3149990.67;;3147241.75;2748.92;;12213.34;;;;;;;;47224.62;59437.96
41.219.028/0001-00;2026-01-01;2;675238.98;1000;0;0;674238.98;46000000;46000000;0;46000000;0;0;0;0;0;0;0;0;;0;0;0;0;0;0;0;0;0;;0;0;;0;0;0;244178.61;244071.65;0;106.96;0;82873.88;0;0;0;0;0;0;0;48950.74;131824.62
41.219.454/0001-35;2026-01-01;1;111853.81;0;0;0;111853.81;402789272.65;397793000;0;397793000;0;0;0;0;0;0;0;0;;0;0;0;0;62514.66;0;4933757.99;0;0;;0;0;;0;0;0;824867.86;0;0;824867.86;0;24453.02;0;0;0;0;0;0;0;123508.52;147961.54
41.251.077/0001-11;2026-01-01;1;749133.53;400;0;0;748733.53;0;0;0;0;0;0;0;0;0;0;0;0;;0;0;0;0;0;0;0;0;0;;0;0;;0;0;0;8802952.88;0;0;8802952.88;0;17757.58;0;0;0;0;0;0;0;8455900.32;8473657.9
41.251.337/0001-59;2026-01-01;1;47667.3;2008.65;0;0;45658.65;77381996;77381996;77381996;0;0;0;0;0;0;0;0;0;;0;0;0;0;0;0;0;0;0;;0;0;;0;0;0;27894.66;0;0;27894.66;0;12638.72;0;0;0;0;0;0;0;148117.36;160756.08
41.251.371/0001-23;2026-01-01;1;1510138.75;2757.25;747381.5;0;760000;77588906.58;0;0;0;0;0;0;0;0;0;0;0;;0;0;492789.76;0;0;0;0;0;0;;77096116.82;0;;0;0;0;3060.28;0;0;3060.28;747999.77;14806.22;50825.88;0;0;0;0;0;0;84082.09;897713.96
41.256.643/0001-88;2026-01-01;1;6435946.44;0;0;0;6435946.44;303080049.74;2991333.71;0;0;0;2991333.71;0;0;0;0;0;0;;0;0;46397548.63;0;0;0;33754765.4;0;0;;219936402;0;;0;0;0;1577693.01;0;0;1577693.01;3091237.9;255034.36;481029.84;89739.99;0;0;0;0;0;267737.91;4184780
41.269.052/0001-45;2026-01-01;1;10893380.99;1000.05;0;0;10892380.94;267964629.49;0;0;0;0;0;0;0;0;0;0;0;;0;0;111591614.39;0;0;0;0;0;0;;156373015.1;0;;0;0;0;147069.23;0;0;147069.23;0;213869.73;0;0;0;0;0;0;0;314466.48;528336.21
41.320.997/0001-44;2026-01-01;1;109688.65;3063.19;101496.25;0;5129.21;113138694.67;111400000;0;111400000;0;0;0;0;0;0;0;0;;0;0;0;0;0;0;0;0;0;;0;0;;0;0;1738694.67;939783.04;938061.63;0;1721.41;359192;15649.89;0;97847426.87;0;0;0;0;0;212449.03;98434717.79
41.325.993/0001-59;2026-01-01;1;17551858.66;1669.15;5509870.4;0;12040319.11;94431373.15;71980365.56;14508104.38;0;0;37906383.3;19565877.88;0;0;0;0;0;;0;0;4608557.92;0;0;0;0;17842449.67;0;;0;0;;0;0;0;4896.45;0;0;4896.45;9887282;14075.31;0;2676895.25;3150520.78;0;0;0;0;4188802.49;19917575.83
41.394.946/0001-67;2026-01-01;1;117571.6;118;0;0;117453.6;336836950.79;336836734.03;0;336836734.03;0;0;0;0;0;0;0;0;;0;0;216.76;0;0;0;0;0;0;;0;0;;0;0;0;72881.1;0;0;72881.1;0;282987.9;0;0;0;0;0;0;0;21713219.21;21996207.11
41.650.310/0001-39;2026-01-01;1;115860.04;100;0;0;115760.04;158514500;158514500;0;158514500;0;0;0;0;0;0;0;0;;0;0;0;0;0;0;0;0;0;;0;0;;0;0;0;0;0;0;0;0;10000;0;0;0;0;0;0;0;25753.12;35753.12
41.650.319/0001-40;2026-01-01;1;355859.25;0;0;0;355859.25;40058124.88;0;0;0;0;0;0;0;40058124.88;0;0;0;;0;0;0;0;0;0;0;0;0;;0;0;;0;0;0;20060.73;0;0;20060.73;0;30000;0;0;0;0;0;0;0;0;30000
41.650.365/0001-49;2026-01-01;1;33655.07;33655.07;0;0;0;43150000;43150000;0;43150000;0;0;0;0;0;0;0;0;;0;0;0;0;0;0;0;0;0;;0;0;;0;0;0;38.5;0;0;38.5;0;41000;0;0;0;0;0;0;0;19966.23;60966.23
41.673.349/0001-71;2026-01-01;1;30519599.27;1715218.01;0;0;28804381.26;87888911.1;0;0;0;0;0;0;0;0;0;0;0;;0;0;40749911.23;0;0;0;0;0;0;;0;0;;0;0;47138999.87;3060.28;0;0;3060.28;0;12206.72;0;0;0;0;0;0;0;16187158.71;16199365.43
41.673.359/0001-07;2026-01-01;1;165897.03;0;0;0;165897.03;161866859.29;0;0;0;0;0;0;0;0;0;0;0;;0;0;0;0;0;0;0;161866859.29;0;;0;0;;0;0;0;4896.45;0;0;4896.45;0;7153.74;0;0;0;0;0;0;0;21565.14;28718.88
41.776.296/0001-14;2026-01-01;1;2000;2000;0;0;0;67262500;67262500;0;67262500;0;0;0;0;0;0;0;0;;0;0;0;0;0;0;0;0;0;;0;0;;0;0;0;1579242.98;0;1490176.43;89066.55;0;84000;0;0;0;0;0;0;0;62385.36;146385.36
41.776.296/0001-14;2026-02-01;1;2000;2000;0;0;0;67262500;67262500;0;67262500;0;0;0;0;0;0;0;0;;0;0;0;0;0;0;0;0;0;;0;0;;0;0;0;1578317.42;0;1490176.43;88140.99;0;98000;0;0;0;0;0;0;0;72668.2;170668.2
41.778.415/0001-78;2026-01-01;1;11325.31;11325.31;0;0;0;112591223.33;0;0;0;0;0;0;0;0;0;0;0;;0;0;0;0;0;0;112591223.33;0;0;;0;0;;0;0;0;283.19;0;0;283.19;0;21278.63;0;0;0;0;0;0;0;147962.44;169241.07
41.820.693/0001-46;2026-01-01;1;179345.79;4202.31;8318.35;0;166825.13;151582000;151582000;0;0;0;151582000;0;0;0;0;0;0;;0;0;0;0;0;0;0;0;0;;0;0;;0;0;0;3297410.74;0;0;3297410.74;0;193675.09;0;36983.79;0;0;0;0;0;101948.03;332606.91
41.833.763/0001-09;2026-01-01;1;6461221.13;248.77;0;0;6460972.36;1523764000;1523764000;0;1523764000;0;0;0;0;0;0;0;0;;0;0;0;0;0;0;0;0;0;;0;0;;0;0;0;10379142.23;9900622.24;0;478519.99;35045233.73;72250.42;0;0;0;0;642795677.65;0;0;863329.8;678776491.6
41.833.876/0001-04;2026-01-01;1;2097885.48;9562.6;;;2088322.88;58657106.18;58657106.18;20872466.13;37784640.05;;;;;;;;;;;;;;;;;;;;;;;;;;559738.81;;;559738.81;;20634.66;;;;;;;;201368.86;222003.52
41.969.521/0001-39;2026-01-01;1;514172.11;36.55;0;0;514135.56;62818843.4;31965091.4;0;31965091.4;0;0;0;0;0;0;0;0;;0;0;0;0;0;0;30853752;0;0;;0;0;;0;0;0;421191.44;419612.8;0;1578.64;0;15540.94;0;0;0;0;0;0;0;918233.63;933774.57
41.969.521/0001-39;2026-02-01;1;622038.16;5012.86;0;0;617025.3;62818843.4;31965091.4;0;31965091.4;0;0;0;0;0;0;0;0;;0;0;0;0;0;0;30853752;0;0;;0;0;;0;0;0;426555.85;425107.51;0;1448.34;0;15540.94;0;0;0;0;0;0;0;883386.78;898927.72
41.969.537/0001-41;2026-01-01;1;18647.06;0;0;;18647.06;40078000;40078000;0;0;0;0;40078000;;0;;;;;;;;;;;;;0;;;;;;;;2508.85;;;2508.85;0;758843.51;0;0;0;0;0;0;0;714314.47;1473157.98
41.978.140/0001-16;2026-01-01;1;3219452.71;1483758.34;;;1735694.37;137420156.65;78850875.96;78850875.96;;;;;;;;;;;;;;;;;58569280.69;;;;;;;;;;2157063.94;988003.05;;1169060.89;957266;19066.25;;;;;39343132.6;;;16779286.88;57098751.73
41.978.154/0001-30;2026-01-01;1;1083216.95;2100;;;1081116.95;9949236.25;9949236.25;;;;;9949236.25;;;;;;;;;;;;;;;;;;;;;;;46599807.22;;46299882.54;299924.68;;59461.52;4273031.13;;;;;;;3511977.13;7844469.78
41.978.168/0001-53;2026-01-01;1;1375912.94;218.21;0;0;1375694.73;354863401.84;0;0;0;0;0;0;0;0;0;0;0;;0;0;0;0;0;0;354863401.84;0;0;;0;0;;0;0;0;78894.25;0;0;78894.25;12846.34;41109.51;0;0;0;0;0;0;0;684283.14;738238.99
42.066.916/0001-94;2026-01-01;2;11044380.61;5246.43;11039134.18;;;170255595.07;0;;;;;;;;;;;;;;170184540.95;;;;;71054.12;;;;;;;;;27797.65;;;27797.65;;104718.94;;;;;;;;76954.88;181673.82
42.085.661/0001-07;2026-01-01;1;71483638.22;10000;71473638.22;0;0;663834560.69;0;0;0;0;0;0;0;3800959;0;0;0;;0;0;630620106.86;0;959999.9;0;0;0;0;;28453494.93;0;;0;0;0;3571656.97;0;0;3571656.97;6201863.2;486906.87;0;0;0;0;0;0;0;201609.68;6890379.75
42.273.236/0001-41;2026-01-01;1;154346.81;100;;;154246.81;24833711.28;0;;;;;;;;;;;;;;;;;;24833711.28;;;;;;;;;;0;;;;;22169.56;;;;;;;;2313791.67;2335961.23
42.273.290/0001-97;2026-01-01;1;57585125.25;2100;;;57583025.25;190681145.45;190681145.45;;10400000;;4900787.95;175380357.5;;;;;;;;;;;;;;;;;;;;;;;72160658.75;;68198439.29;3962219.46;19049069.63;24927.98;;;48704174.49;;;;;53852749.51;121630921.61
42.273.325/0001-98;2026-01-01;1;48645560.16;100;;;48645460.16;142394473.19;0;;;;;;;;;;;;;;38260988.23;;;;;;;;104133484.96;;;;;;2372071.68;;;2372071.68;2533919.04;266656.05;;;;;;;;332225.09;3132800.18
42.408.956/0001-77;2026-01-01;1;233881.24;100;;;233781.24;85295699.3;0;;;;;;;;;;;;;;;;;;85295699.3;;;;;;;;;;0;;;;;54146.96;;;;;;;;100399.95;154546.91
42.432.327/0001-82;2026-01-01;1;4517428.59;121.88;;;4517306.71;52341200.16;19505137.84;;19505137.84;;;;;;;;;;;;;;;;;;;;32836062.32;;;;;;808549.99;112047;;696502.99;369007.65;57153.82;;;;;12113631.71;;;11371.12;12551164.3
42.463.823/0001-01;2026-01-01;1;1160972.39;2415.06;1158557.33;0;0;208177970.27;0;0;0;0;0;0;0;0;0;0;0;;0;0;0;0;0;0;208177970.27;0;0;;0;0;;0;0;0;9185.11;0;0;9185.11;0;0;0;0;0;0;0;0;0;6773405.82;6773405.82
42.502.802/0001-40;2026-01-01;1;5317881.17;9939.29;5307941.88;;;364592535.13;0;;;;;;;;;;;;;;;;;;;;;;364592535.13;;;;;;37063.54;;;37063.54;2880100.3;319491.41;;;;;;;;25176774.32;28376366.03
42.502.842/0001-91;2026-01-01;1;729120.74;10310.86;718809.88;;;351916620.64;0;;;;;;;;;;;;;;23921977.96;;;;;;;;327994642.68;;;;;;0;;;;3124555.2;464594.88;;;;;;;;68090.57;3657240.65
42.516.999/0001-76;2026-01-01;1;3876.67;3876.67;0;;0;12589452.16;587452.16;0;0;0;587452.16;0;;0;;;;;;;;;;;;;12002000;;;;;;;;5393464.34;;5391711.11;1753.23;0;89349.64;0;0;0;0;0;0;0;12718.98;102068.62
42.517.145/0001-04;2026-01-01;1;215607.56;201748.88;0;;13858.68;17880000;10880000;5500000;5380000;0;0;0;;0;;;;;;;;;;;;;7000000;;;;;;;;1818.15;;;1818.15;0;16012.06;0;0;0;0;0;0;0;216627.03;232639.09
42.537.492/0001-07;2026-01-01;1;18559.26;0;0;0;18559.26;167.49;0;0;0;0;0;0;0;0;0;0;0;;0;0;167.49;0;0;0;0;0;0;;0;0;;0;0;0;81391284.19;0;0;81391284.19;0;38915.23;0;0;0;0;0;0;0;50949.96;89865.19
42.537.540/0001-59;2026-01-01;1;768218.41;0;768218.41;0;0;79990;79990;0;79990;0;0;0;0;0;0;0;0;;0;0;0;0;0;0;0;0;0;;0;0;;0;0;0;142463635.7;705740.92;0;141757894.78;0;16439.75;0;0;0;0;0;0;0;4257602.95;4274042.7
42.537.601/0001-88;2026-01-01;1;1047167.39;81.06;0;0;1047086.33;98762076.16;0;0;0;0;0;0;0;0;0;0;0;;0;0;27640386.57;0;0;0;71121689.59;0;0;;0;0;;0;0;0;68957.39;0;0;68957.39;0;176044.52;0;0;0;0;0;0;0;23377.33;199421.85
42.592.868/0001-78;2026-01-01;1;27653.48;27653.48;0;0;0;1657100.22;0;0;0;0;0;0;0;0;0;0;0;;0;0;0;0;1657100.22;0;0;0;0;;0;0;;0;0;0;6047642.6;0;5597997.21;449645.39;0;27630.16;0;0;0;0;0;0;0;30591.89;58222.05
42.592.916/0001-28;2026-01-01;1;1447031.07;0;0;7889.61;1439141.46;94214135.91;94864000;0;94864000;0;0;0;0;0;0;0;0;;0;0;0;0;0;0;0;0;0;;0;0;;0;0;-649864.09;1293508.54;1293508.54;0;0;0;21049.25;0;0;0;0;67681208.92;0;0;40130.71;67742388.88
42.628.319/0001-06;2026-01-01;1;7118.72;7118.72;0;0;0;1907945926.59;1893700000;0;1893700000;0;0;0;0;0;0;0;0;;0;0;0;0;14245926.59;0;0;0;0;;0;0;;0;0;0;20014056.75;14789430.47;0;5224626.28;0;47646.01;0;0;0;0;0;0;0;4902460.74;4950106.75
42.737.059/0001-07;2026-01-01;1;6506340.27;6360.6;6499979.67;;;51577085.61;0;;;;;;;;;;;;;;51577085.61;;;;;;;;;;;;;;619653.58;;;619653.58;870;31270.15;;;;;;;;626442.8;658582.95
42.737.077/0001-99;2026-01-01;1;1980317.18;50768.52;1929548.66;;;94682354.44;0;;;;;;;;;;;;;;78132938.14;;;;;;;;16549416.3;;;;;;18531.79;;;18531.79;832122.8;74519.48;;;;;;;;61177.88;967820.16
42.754.342/0001-47;2026-01-01;1;226111928.11;127667.24;225984260.87;;;2147002672.61;619330361.03;;619330361.03;;;;;23846851.19;;;;;;;328090571.81;;;;;;;;1128054555.13;;;47680333.45;;;18054664.09;3280781.6;;14773882.49;19670963.85;1826842.64;;154966034.45;;;;;;227623546.52;404087387.46
42.754.362/0001-18;2026-01-01;1;152136308.83;65755.38;152070553.45;;;2057574114.23;0;;;;;;;;;;;;;;8137309.87;;;;;;;;1926988728.35;;;122448076.01;;;52120.63;;;52120.63;27930149;2629110.29;;;;;;;;242579.55;30801838.84
42.869.853/0001-04;2026-01-01;1;1132932.75;0;0;0;1132932.75;58291882.81;0;0;0;0;0;0;0;0;0;0;0;;0;0;0;0;0;0;58291882.81;0;0;;0;0;;0;0;0;0;0;0;0;25912.11;15000;0;0;0;0;0;0;0;242092.02;283004.13
42.869.869/0001-17;2026-01-01;1;450146.1;382.16;0;0;449763.94;171067351.9;171067351.9;0;171067351.9;0;0;0;0;0;0;0;0;;0;0;0;0;0;0;0;0;0;;0;0;;0;0;0;7854801.62;5805770;0;2049031.62;963609.67;28736.9;0;0;0;0;57039654.92;0;0;621514.73;58653516.22
42.869.879/0001-52;2026-01-01;1;6771937.77;99.36;;;6771838.41;131790999.7;0;;;;;;;;;;;;;;;;;;131790999.7;;;;;;;;;;0;;;;;110436.21;;;;;;;;2056535.88;2166972.09
42.869.892/0001-01;2026-01-01;1;1751584.93;2021.68;;;1749563.25;42676462.6;42676462.6;;21356334.56;;;21320128.04;;;;;;;;;;;;;;;;;;;;;;;62719304.61;;20413524.11;42305780.5;34479.3;177396.17;;417181.14;;;;;;227281.24;856337.85
42.888.583/0001-89;2026-01-01;1;10253167.59;1000;0;0;10252167.59;349784251.71;0;0;0;0;0;0;0;7150914;0;0;0;;0;0;95488598.3;0;0;0;16656943.2;0;0;;230011379.04;0;;476417.17;0;0;360991.79;0;0;360991.79;4128975.39;275609.82;0;0;0;0;0;0;0;1064584.39;5469169.6
42.922.127/0001-08;2026-01-01;2;655974.8;1000;654974.8;0;0;46250000;46250000;0;46250000;0;0;0;0;0;0;0;0;;0;0;0;0;0;0;0;0;0;;0;0;;0;0;0;106.96;0;0;106.96;0;57578.89;0;0;0;0;0;0;0;82007.14;139586.03
42.923.317/0001-40;2026-01-01;1;854127.28;1000;0;0;853127.28;12079601.94;0;0;0;0;0;0;0;0;0;0;0;;0;0;0;0;0;0;12079601.94;0;0;;0;0;;0;0;0;0;0;0;0;273652.79;16508.61;0;0;0;0;0;0;0;9800.43;299961.83
43.008.233/0001-43;2026-01-01;1;51552141.44;0;0;51584146.51;-32005.07;961549216.6;0;0;0;0;0;0;0;0;0;0;0;;0;0;200580350.71;0;0;0;1.07;0;0;;737300787.69;0;;23668077.13;0;0;0;0;0;0;0;1006898.28;6711370.3;0;0;0;0;0;0;-1101169.4;6617099.18
43.008.884/0001-33;2026-01-01;2;10429833;0;0;0;10429833;170250611.4;21814423.16;0;0;21814423.16;0;0;0;0;0;0;0;;0;0;148436188.24;0;0;0;0;0;0;;0;0;;0;0;0;2037200.08;0;1962000;75200.08;0;31156.04;0;0;0;0;0;0;0;29750.02;60906.06
43.009.610/0001-69;2026-01-01;2;60346216.5;0;60346216.5;0;0;499947265.98;73660000;0;73660000;0;0;0;0;0;0;0;0;;0;0;122984841.29;0;0;0;171505726.19;0;0;;131796698.5;0;;0;0;0;-1061271.18;-1098957.89;0;37686.71;0;100114.66;0;41343000;0;0;131757324.78;0;0;26039.61;173226479.05
43.010.485/0001-07;2026-01-01;1;3020475.65;0;0;0;3020475.65;357277219;174751969;0;174751969;0;0;0;0;0;0;0;0;;0;0;0;0;0;0;182525250;0;0;;0;0;;0;0;0;-455563.14;-602321.25;0;146758.11;0;119948.13;0;0;0;0;0;0;0;504175.03;624123.16
43.010.543/0001-00;2026-01-01;1;23512582.37;0;0;0;23512582.37;169170173.84;0;0;0;0;0;0;0;4401090;0;0;0;;0;0;25974741.53;0;0;0;0;0;0;;138794342.31;0;;0;0;0;34567.88;0;0;34567.88;0;125858.06;15043.61;0;0;0;0;0;0;418589.09;559490.76
43.010.601/0001-98;2026-01-01;1;4562984.56;0;4562984.56;0;0;324131952.43;0;0;0;0;0;0;0;126661027.5;0;0;0;;0;0;-66261854.14;0;0;0;263732779.07;0;0;;0;0;;0;0;0;2385106.68;0;0;2385106.68;0;103625;0;0;0;0;0;0;0;146937716.89;147041341.89
43.010.844/0001-26;2026-01-01;1;128989806.8;0;128989806.8;0;0;594420414.12;125959100;0;125959100;0;0;0;0;0;253131.45;0;0;;0;0;152942669.27;0;0;0;0;0;0;;295111144.6;0;;20154368.8;0;0;1116178.61;203070.7;0;913107.91;0;733851.75;4102750.72;0;0;0;0;0;0;13895.53;4850498
43.011.068/0001-89;2026-01-01;2;15725483.31;0;0;0;15725483.31;380000000;0;0;0;0;0;0;0;0;0;0;0;;0;0;0;0;0;0;380000000;0;0;;0;0;;0;0;0;486521.6;0;0;486521.6;0;236067.82;0;0;0;0;0;0;0;92343362.16;92579429.98
43.101.312/0001-02;2026-01-01;1;10700.66;10700.66;0;0;0;395217732.26;5135069.08;0;0;0;5135069.08;0;0;390082663.18;0;0;0;;0;0;0;0;0;0;0;0;0;;0;0;;0;0;0;0;0;0;0;0;221673.87;0;0;0;0;0;0;0;3393591.3;3615265.17
43.164.799/0001-64;2026-01-01;1;26290585.6;66.95;;;26290518.65;0;0;;;;;;;;;;;;;;;;;;;;;;;;;;;;299765.28;;299765.28;;;;;;;;;;;47617.08;47617.08
43.564.551/0001-90;2026-01-01;1;374626.41;1307.48;373318.93;0;0;36672600;36672600;0;36672600;0;0;0;0;0;0;0;0;;0;0;0;0;0;0;0;0;0;;0;0;;0;0;0;149025.29;149025.29;0;0;-78357.41;18067.13;0;0;0;0;0;0;0;110194.01;49903.73
43.565.147/0001-31;2026-01-01;1;2993322.56;215.08;0;0;2993107.48;180787257.56;180787257.56;0;180787257.56;0;0;0;0;0;0;0;0;;0;0;0;0;0;0;0;0;0;;0;0;;0;0;0;17812798.42;0;17805940.86;6857.56;0;151306.24;0;477281.63;0;0;0;0;0;989607.71;1618195.58
43.617.647/0001-70;2026-01-01;1;3547769.55;0;0;0;3547769.55;1080000000;1080000000;0;0;0;0;1080000000;0;0;0;0;0;;0;0;0;0;0;0;0;0;0;;0;0;;0;0;0;3917.57;0;0;3917.57;0;54291.09;0;0;0;0;0;0;0;3229647.15;3283938.24
43.617.702/0001-21;2026-01-01;1;121812.48;8704.23;;;113108.25;29076478;16566000;;16566000;;;;;;;;;;;;;;;;12510478;;;;;;;;;;98753.54;98753.54;;;;38611.6;;;;;;;;2437151.9;2475763.5
43.619.174/0001-40;2026-01-01;1;69138.81;771.49;0;0;68367.32;11956196.52;0;0;0;0;0;0;0;0;0;0;0;;0;0;0;0;0;0;11956196.52;0;0;;0;0;;0;0;0;1836.14;0;0;1836.14;0;10991.49;0;0;0;0;0;0;0;10185.64;21177.13
43.619.174/0001-40;2026-02-01;1;52474.66;528.75;0;0;51945.91;11956196.52;0;0;0;0;0;0;0;0;0;0;0;;0;0;0;0;0;0;11956196.52;0;0;;0;0;;0;0;0;1471.76;0;0;1471.76;0;10991.49;0;0;0;0;0;0;0;10185.64;21177.13
43.619.218/0001-31;2026-01-01;1;834357.31;382.57;0;0;833974.74;519784617.68;519784617.68;0;519784617.68;0;0;0;0;0;0;0;0;;0;0;0;0;0;0;0;0;0;;0;0;;0;0;0;6111970.92;5762904.61;0;349066.31;20657075.75;64658.04;0;0;0;0;2116007.86;0;0;501980.94;23339722.59
43.671.250/0001-66;2026-01-01;1;25908.45;0;0;0;25908.45;48794321.84;48794321.84;0;48794321.84;0;0;0;0;0;0;0;0;;0;0;0;0;0;0;0;0;0;;0;0;;0;0;0;70883951.49;0;70883951.49;0;0;6000;0;0;0;0;0;0;0;51854.69;57854.69
43.671.358/0001-59;2026-01-01;1;43320818.24;43320818.24;0;0;0;0;0;0;0;0;0;0;0;0;0;0;0;;0;0;0;0;0;0;0;0;0;;0;0;;0;0;0;0;0;0;0;0;240000;0;0;0;0;0;0;0;0;240000
43.740.825/0001-55;2026-01-01;1;0;0;0;0;0;136045070.72;136045070.72;0;0;136045070.72;0;0;0;0;0;0;0;;0;0;0;0;0;0;0;0;0;;0;0;;0;0;0;12406.9;0;0;12406.9;0;12000;0;0;0;0;0;0;0;13762232.93;13774232.93
43.741.150/0001-69;2026-01-01;1;4017055.39;0;0;0;4017055.39;153988262.66;0;0;0;0;0;0;0;0;0;0;0;;0;0;0;0;0;0;153988262.66;0;0;;0;0;;0;0;0;1232.84;0;0;1232.84;2559200.28;197130.41;0;0;0;0;0;0;0;203927.31;2960258
43.741.171/0001-84;2026-01-01;2;64880399.29;575303.89;0;0;64305095.4;867581105.85;81360940.45;0;0;0;0;0;81360940.45;0;0;0;0;;0;0;439545228.07;0;0;0;0;338631648.69;0;;8043288.64;0;;0;0;0;5016644.22;1019363.98;0;3997280.24;11072633.52;88901.26;0;0;0;0;17268613.69;0;0;1073852.39;29504000.86
43.741.195/0001-33;2026-01-01;1;45628147.98;0.01;0;0;45628147.97;886802463.51;0;0;0;0;0;0;0;0;0;0;0;;0;0;360535759.87;0;0;0;0;0;0;;526266703.64;0;;0;0;0;0;0;0;0;0;773144.01;0;0;0;0;0;0;0;24033.87;797177.88
43.790.197/0001-12;2026-01-01;1;95539.51;0;0;0;95539.51;58720254.58;58720254.58;0;58720254.58;0;0;0;0;0;0;0;0;;0;0;0;0;0;0;0;0;0;;0;0;;0;0;0;52372.1;52360;0;12.1;0;5000;0;0;0;0;0;0;0;25450.41;30450.41
43.862.625/0001-75;2026-01-01;1;7075801.45;706.83;0;0;7075094.62;7525133.86;7525133.86;0;0;7525133.86;0;0;0;0;0;0;0;;0;0;0;0;0;0;0;0;0;;0;0;;0;0;0;9786772.57;0;9732716.8;54055.77;5882864.18;56136.18;0;0;0;0;0;0;0;182551.44;6121551.8
43.867.361/0001-42;2026-01-01;1;693895.07;693895.07;0;0;0;404441087.66;404000000;0;404000000;0;0;0;0;0;0;0;0;;0;0;0;0;441087.66;0;0;0;0;;0;0;;0;0;0;9760803.9;1923821.48;0;7836982.42;0;33741.62;0;0;0;0;187846113.79;0;0;39578.32;187919433.73
43.867.799/0001-20;2026-01-01;1;2125371.32;2125371.32;0;0;0;924530906.52;924000000;0;924000000;0;0;0;0;0;0;0;0;;0;0;0;0;530906.52;0;0;0;0;;0;0;;0;0;0;19229621.15;1827151.99;0;17402469.16;0;33741.62;0;0;0;0;420603831.23;0;0;36624.15;420674197
43.951.744/0001-02;2026-01-01;1;17656598.99;16296923.79;0;0;1359675.2;2014779203.23;2012699542.75;0;2012699542.75;0;0;0;0;0;0;0;0;;0;0;0;0;2079660.48;0;0;0;0;;0;0;;0;0;0;28260246.51;14061568.32;0;14198678.19;0;27630.16;0;0;0;0;1669434906.38;0;1255304.28;288546.57;1671006387.39
43.951.785/0001-90;2026-01-01;1;1560431.99;272150;0;0;1288281.99;644493267.04;644000000;0;644000000;0;0;0;0;0;0;0;0;;0;0;0;0;493267.04;0;0;0;0;;0;0;;0;0;0;15526566.36;2201411.33;0;13325155.03;0;33741.62;0;0;0;0;267753677.31;0;1282918.35;212229.34;269282566.62
43.951.817/0001-58;2026-01-01;1;23543909.23;16553700.54;0;0;6990208.69;2203639919.44;2202781436.88;0;2202781436.88;0;0;0;0;0;0;0;0;;0;0;0;0;858482.56;0;0;0;0;;0;0;;0;0;0;21687617.63;6812037.65;0;14875579.98;0;27630.16;0;0;0;0;1501105630.05;0;6570663.36;7676392.11;1515380315.68
43.951.851/0001-22;2026-01-01;1;4156312.25;4156312.25;0;0;0;399855449.06;396900000;0;396900000;0;0;0;0;0;0;0;0;;0;0;0;0;2955449.06;0;0;0;0;;0;0;;0;0;0;5325794.83;2414998.03;0;2910796.8;0;30700.18;0;0;0;0;336387441.65;0;1389362.74;5178404.05;342985908.62
43.951.875/0001-81;2026-01-01;1;3239882.57;2860377.72;379504.85;0;0;39900590.24;0;0;0;0;0;0;0;13018411.71;0;0;0;;0;40;17356217.36;0;0;0;0;0;0;;9525921.17;0;;0;0;0;65;0;0;65;0;19272.58;0;0;0;0;0;0;9525921.17;0;9545193.75
43.951.941/0001-13;2026-01-01;1;3286048.58;1525216.69;0;0;1760831.89;1023035725.6;1022000000;0;1022000000;0;0;0;0;0;0;0;0;;0;0;0;0;1035725.6;0;0;0;0;;0;0;;0;0;0;22201943.54;3176859.75;0;19025083.79;0;33741.62;0;0;0;0;461981158.2;0;1807711.68;36443.15;463859054.65
43.951.970/0001-85;2026-01-01;1;3622199.2;3622199.2;0;0;0;657378753.68;655400000;0;655400000;0;0;0;0;0;0;0;0;;0;0;0;0;1978753.68;0;0;0;0;;0;0;;0;0;0;4352331.96;1866302.33;0;2486029.63;0;27630.16;0;0;0;0;281099320.92;0;0;435315.1;281562266.18
43.985.938/0001-10;2026-01-01;1;4671327.79;100;;;4671227.79;145985728.47;0;;;;;;;;;;;;;;82928397.6;;;;7773093.1;;;;55284237.77;;;;;;1177135.99;;;1177135.99;1756731.79;124418.47;;;;;;;;308866.64;2190016.9
44.002.561/0001-03;2026-01-01;1;131708.11;87255.8;0;0;44452.31;854419674.88;854419674.88;0;842956649.51;0;11463025.37;0;0;0;0;0;0;;0;0;0;0;0;0;0;0;0;;0;0;;0;0;0;4163267.93;4142311.69;0;20956.24;0;56076.2;0;6384009.16;0;0;0;0;0;58707385.98;65147471.34
44.107.380/0001-33;2026-01-01;1;2936611.51;230.12;0;0;2936381.39;56868891.46;0;0;0;0;0;0;0;0;0;0;0;;0;0;0;0;0;0;55662544.13;0;0;;1206347.33;0;;0;0;0;335306.17;0;0;335306.17;0;18521.73;0;0;0;0;0;0;0;161589.08;180110.81
44.302.072/0001-69;2026-01-01;1;64805.79;1005.33;63800.46;0;0;8572992;8572992;8572992;0;0;0;0;0;0;0;0;0;;0;0;0;0;0;0;0;0;0;;0;0;;0;0;0;0;0;0;0;0;15715.1;0;0;0;0;0;0;0;11058.76;26773.86
44.395.062/0001-15;2026-01-01;1;6905755.22;99770.74;;;6805984.48;125378551.43;125378551.43;;62316774.17;;63061777.26;;;;;;;;;;;;;;;;;;;;;;;;27537620.12;;24004014.48;3533605.64;;;;;;;;;;6333527.79;6333527.79
44.428.541/0001-90;2026-01-01;1;5173897.57;6532.11;;4510433.68;656931.78;142072077;142072077;;;;142072077;;;;;;;;;;;;;;;;;;;;;;;;77354235.44;666666.6;;76687568.84;;;;;;;;;;153278879.59;153278879.59
44.514.162/0001-13;2026-01-01;1;8891136.07;2000;;;8889136.07;127054398.72;0;;;;;;;;;;;;;;120427204.08;;;;6627194.64;;;;;;;;;;81100681.83;;75000090.66;6100591.17;34270200.27;96675.31;;;;;;;;107348931.93;141715807.51
44.527.494/0001-32;2026-01-01;1;9144239.54;2000;;;9142239.54;72245479.5;0;;;;;;;;;;;;;;;;;;;;;;72245479.5;;;;;;0;;;;794545.74;68587.1;;;;;;;;41268.98;904401.82
44.584.965/0001-44;2026-01-01;1;27470.05;27470.05;0;0;0;7638651.99;7638651.99;837723.36;6800928.63;0;0;0;0;0;0;0;0;;0;0;0;0;0;0;0;0;0;;0;0;;0;0;0;1253048;0;1250000;3048;0;7790.82;0;1058250.94;0;0;0;0;0;102909;1168950.76
44.584.965/0001-44;2026-02-01;1;79091.42;79091.42;0;0;0;7638651.99;7638651.99;837723.36;6800928.63;0;0;0;0;0;0;0;0;;0;0;0;0;0;0;0;0;0;;0;0;;0;0;0;1203048;0;1200000;3048;0;8569.9;0;1058250.94;0;0;0;0;0;153110;1219930.84
44.585.121/0001-18;2026-01-01;1;219.09;217.72;0;0;1.37;12368180.37;12368180.37;6339391.2;6028789.17;0;0;0;0;0;0;0;0;;0;0;0;0;0;0;0;0;0;;0;0;;0;0;0;0;0;0;0;0;1123.96;0;2500000;0;0;0;0;0;1161.28;2502285.24
44.585.121/0001-18;2026-02-01;1;46.07;44.7;0;0;1.37;12368180.37;12368180.37;6339391.2;6028789.17;0;0;0;0;0;0;0;0;;0;0;0;0;0;0;0;0;0;;0;0;;0;0;0;0;0;0;0;0;5113.89;0;2400000;0;0;0;0;0;3140.91;2408254.8
44.625.562/0001-04;2026-01-01;1;29415927.42;0.01;0;0;29415927.41;1553367703.39;0;0;0;0;0;0;0;0;0;0;0;;0;0;116306898.34;0;0;0;1230864993.88;0;0;;206195811.17;0;;0;0;0;32348853.59;0;0;32348853.59;11446972.08;243908.4;0;0;0;0;0;0;0;267635989.32;279326869.8
44.625.612/0001-45;2026-01-01;1;18384365.3;0;0;0;18384365.3;415740238.74;0;0;0;0;0;0;0;37304744.7;0;0;0;;0;0;333235594.21;0;0;0;0;0;0;;45199899.83;0;;0;0;0;210369.33;0;0;210369.33;0;367425.59;183486.81;0;0;0;0;0;0;349793.98;900706.38
44.625.657/0001-10;2026-01-01;1;6808131.5;0;0;0;6808131.5;317386438.85;0;0;0;0;0;0;0;0;0;0;0;;0;0;14718843.03;0;0;0;122104718.53;0;0;;180562877.29;0;;0;0;0;12301693.77;0;0;12301693.77;3627600.43;56799.28;0;0;0;0;0;0;0;21638384.42;25322784.13
44.669.639/0001-30;2026-01-01;1;1497431.91;131.42;0;0;1497300.49;20270959.95;0;0;0;0;0;0;0;0;0;0;0;;0;0;0;0;0;0;20270959.95;0;0;;0;0;;0;0;0;103058.38;0;0;103058.38;0;4377.93;0;0;0;0;0;0;0;108140.3;112518.23
44.669.674/0001-59;2026-01-01;1;13925299.35;0;8433148.49;0;5492150.86;634896382.67;634896382.67;12969118.25;499938264.42;0;121989000;0;0;0;0;0;0;;0;0;0;0;0;0;0;0;0;;0;0;;0;0;0;4995880.86;4995880.86;0;0;0;83424.34;0;12975000;0;0;0;0;0;883808.85;13942233.19
44.674.528/0001-11;2026-01-01;1;3836533.81;5835.08;55208.05;0;3775490.68;156278000;156278000;0;134990000;21288000;0;0;0;0;0;0;0;;0;0;0;0;0;0;0;0;0;;0;0;;0;0;0;1081645.16;1081645.16;0;0;1232278.21;24077.79;0;0;0;0;0;0;0;159304.4;1415660.4
44.680.435/0001-08;2026-01-01;1;565785.69;0;0;0;565785.69;67606392.37;0;0;0;0;0;0;0;0;0;0;0;;0;0;48749098.77;0;0;0;0;0;0;;12357293.6;0;;0;0;6500000;61994.8;0;0;61994.8;0;14976;0;0;0;0;0;0;0;490329.44;505305.44
44.680.449/0001-13;2026-01-01;1;139878.65;0;0;0;139878.65;4115056.16;2530000;0;2530000;0;0;0;0;0;0;0;0;;0;0;0;0;0;0;0;0;0;;1585056.16;0;;0;0;0;904885.32;0;0;904885.32;0;16467.72;0;0;0;0;0;0;0;4708.76;21176.48
44.683.052/0001-85;2026-01-01;1;8349.58;2403.21;0;0;5946.37;6369685.3;0;0;0;0;0;0;0;0;0;0;0;;0;0;0;0;0;0;6369685.3;0;0;;0;0;;0;0;0;0;0;0;0;0;15681.85;0;0;0;0;0;0;0;15000.41;30682.26
44.683.052/0001-85;2026-02-01;1;8654.13;2660.35;0;0;5993.78;6369685.3;0;0;0;0;0;0;0;0;0;0;0;;0;0;0;0;0;0;6369685.3;0;0;;0;0;;0;0;0;0;0;0;0;0;15681.85;0;0;0;0;0;0;0;15402.17;31084.02
44.705.818/0001-85;2026-01-01;1;125.37;100;0;0;25.37;29475421.11;66299000;0;66299000;0;0;0;0;0;0;0;0;;0;0;474.26;0;0;0;0;0;0;;0;0;;0;0;-36824053.15;0;0;0;0;0;233120;0;0;0;0;0;0;0;3368870.14;3601990.14
44.728.323/0001-71;2026-01-01;1;0;0;0;0;0;0;0;0;0;0;0;0;0;0;0;0;0;;0;0;0;0;0;0;0;0;0;;0;0;;0;0;0;0;0;0;0;0;0;0;0;0;0;0;0;0;0;0
44.728.452/0001-60;2026-01-01;1;1243.35;0;0;0;1243.35;5450000;5450000;0;5450000;0;0;0;0;0;0;0;0;;0;0;0;0;0;0;0;0;0;;0;0;;0;0;0;4584404.94;0;0;4584404.94;0;314.85;0;0;0;0;0;0;0;6319934.61;6320249.46
44.728.520/0001-90;2026-01-01;1;252487.93;804.14;251683.79;0;0;90227000;90227000;0;90227000;0;0;0;0;0;0;0;0;;0;0;0;0;0;0;0;0;0;;0;0;;0;0;0;1166000;0;1166000;0;0;11000;0;0;0;0;0;0;0;15015293.65;15026293.65
45.063.985/0001-32;2026-01-01;1;8995801.18;1000;0;0;8994801.18;670813550.19;528961297;0;528961297;0;0;0;0;0;0;0;0;;0;0;83878993.02;0;0;0;0;0;0;;57973260.17;0;;0;0;0;131930991.07;0;0;131930991.07;14000000;34843.3;0;0;0;0;392268653.17;0;0;218878.1;406522374.57
45.105.676/0001-88;2026-01-01;1;3833952.17;3833952.17;0;0;0;127652144.98;124520069.74;0;124520069.74;0;0;0;0;0;0;0;0;;0;0;0;0;3132075.24;0;0;0;0;;0;0;;0;0;0;1685820.67;1125678.37;0;560142.3;0;27630.16;0;0;0;0;76401105.54;0;0;154670.91;76583406.61
45.105.714/0001-00;2026-01-01;1;9547001.05;8372134.81;0;0;1174866.24;927083416.19;926340810;0;926340810;0;0;0;0;0;0;0;0;;0;0;0;0;742606.19;0;0;0;0;;0;0;;0;0;0;8512746.53;4383032.84;0;4129713.69;0;27630.16;0;0;0;0;575664195.64;0;1069558.4;1406396.8;578167781
45.106.274/0001-06;2026-01-01;1;10553198.99;10378217.33;0;0;174981.66;1294588648.86;1294409463.32;0;1294409463.32;0;0;0;0;0;0;0;0;;0;0;0;0;179185.54;0;0;0;0;;0;0;;0;0;0;16681615.62;6309594.91;0;10372020.71;0;27630.16;0;0;0;0;1125817876.11;0;168319.9;93250.91;1126107077.08
45.106.312/0001-12;2026-01-01;1;4589164.74;3653874.75;0;0;935289.99;471860935.73;471358274.89;0;471358274.89;0;0;0;0;0;0;0;0;;0;0;0;0;502660.84;0;0;0;0;;0;0;;0;0;0;4545446.17;2641143.42;0;1904302.75;0;27630.16;0;0;0;0;281631002.9;0;830010.5;1300317.65;283788961.21
45.106.376/0001-13;2026-01-01;1;726595.1;695323.99;0;0;31271.11;53945546.21;53700000;0;53700000;0;0;0;0;0;0;0;0;;0;0;0;0;245546.21;0;0;0;0;;0;0;;0;0;0;1272932.89;1034948.23;0;237984.66;0;27630.16;0;0;0;0;33550692.59;0;28812.91;39513.17;33646648.83
45.120.786/0001-19;2026-01-01;1;2435383.49;1000;0;0;2434383.49;81125581.5;0;0;0;0;0;0;0;0;0;0;0;;0;0;0;0;0;0;81125581.5;0;0;;0;0;;0;0;0;15563552.75;0;0;15563552.75;0;10741.91;0;0;0;0;0;0;0;2377925.77;2388667.68
45.123.401/0001-77;2026-01-01;1;2113562.91;969406.72;0;0;1144156.19;115586476.38;115300000;0;115300000;0;0;0;0;0;0;0;0;;0;0;0;0;286476.38;0;0;0;0;;0;0;;0;0;0;1412645.41;861426.24;0;551219.17;0;27630.16;0;0;0;0;74542883.1;0;1054269.68;39513.17;75664296.11
45.123.465/0001-78;2026-01-01;1;9147415.03;2492.83;0;0;9144922.2;168695892.77;168695892.77;0;168695892.77;0;0;0;0;0;0;0;0;;0;0;0;0;0;0;0;0;0;;0;0;;0;0;0;1839062.2;1839062.2;0;0;0;29771.57;0;0;0;0;0;0;0;37800;67571.57
45.188.033/0001-45;2026-01-01;1;4543129.3;0;0;0;4543129.3;39904484.36;39904484.36;0;39904484.36;0;0;0;0;0;0;0;0;;0;0;0;0;0;0;0;0;0;;0;0;;0;0;0;231414.92;0;0;231414.92;0;77739.42;0;0;0;0;0;0;0;1975840.7;2053580.12
45.188.066/0001-95;2026-01-01;2;184672.5;184672.5;0;0;0;100600373.53;39721161.18;0;39721161.18;0;0;0;0;0;0;0;0;;0;0;38098347.13;0;0;0;0;22780865.22;0;;0;0;;0;0;0;1416784.88;306784.88;0;1110000;524608.06;5142.86;0;500000;0;0;20559377.26;0;0;43503.74;21632631.92
45.188.099/0001-35;2026-01-01;1;4851961.18;0;0;0;4851961.18;38391013.3;19373625;0;19373625;0;0;0;0;0;0;0;0;;0;0;1580359.42;0;0;0;0;0;0;;17437028.88;0;;0;0;0;98035.16;83453.26;0;14581.9;224663.15;43894.57;0;12307000;0;0;0;0;0;39000;12614557.72
45.188.124/0001-80;2026-01-01;1;796056.76;0;0;0;796056.76;7570793.83;0;0;0;0;0;0;0;0;0;0;0;;0;0;4994.01;0;0;0;0;0;0;;7565799.82;0;;0;0;0;27440.74;0;0;27440.74;0;29147.56;0;0;0;0;0;0;0;45443.17;74590.73
45.188.176/0001-57;2026-01-01;1;254814507.57;0;45650203.18;63419708.61;145744595.78;1841666474.11;0;0;0;0;0;0;0;35586407.97;0;0;0;;0;0;1455173946.17;0;0;0;2915160.52;0;0;;347990959.45;0;;0;0;0;12574974.34;0;0;12574974.34;0;1643001.66;0;0;0;0;0;0;0;26398358.97;28041360.63
45.188.199/0001-61;2026-01-01;1;59272.14;0;0;0;59272.14;14155000;14155000;0;14155000;0;0;0;0;0;0;0;0;;0;0;0;0;0;0;0;0;0;;0;0;;0;0;0;19113.2;0;0;19113.2;0;5465.08;0;0;0;0;0;0;0;94676.2;100141.28
45.254.732/0001-46;2026-01-01;1;12608363.22;1201.45;0;0;12607161.77;46717678.8;46717678.8;46717678.8;0;0;0;0;0;0;0;0;0;;0;0;0;0;0;0;0;0;0;;0;0;;0;0;0;0;0;0;0;0;21518.23;0;0;0;0;0;0;0;320559.43;342077.66
45.254.732/0001-46;2026-02-01;1;13645007.45;757.97;0;0;13644249.48;50358287.67;50358287.67;50358287.67;0;0;0;0;0;0;0;0;0;;0;0;0;0;0;0;0;0;0;;0;0;;0;0;0;2389668.13;0;0;2389668.13;0;21518.23;0;0;0;0;0;0;0;333870.37;355388.6
45.338.646/0001-11;2026-01-01;1;7536352.02;100;;;7536252.02;285445521.72;0;;;;;;;;;;;;;;20084570.12;;;;;;;;247187979.34;;;18172972.26;;;0;;;;3535025.48;265541.72;752526.16;;;;;;;131315.49;4684408.85
45.727.531/0001-19;2026-01-01;1;82426.17;38696.95;0;0;43729.22;325450024.09;323600000;0;323600000;0;0;0;0;0;0;0;0;;0;0;0;0;1850024.09;0;0;0;0;;0;0;;0;0;0;6060210.19;1577398.68;0;4482811.51;0;28477.64;0;0;0;0;187787794.13;9358087.56;42079.98;214545.24;197430984.55
45.742.299/0001-98;2026-01-01;1;45379.62;41736.73;0;0;3642.89;31836417.16;31600000;0;31600000;0;0;0;0;0;0;0;0;;0;0;0;0;236417.16;0;0;0;0;;0;0;;0;0;0;416690.07;117951.31;0;298738.76;0;28477.64;0;0;0;0;19996412.68;0;3479.13;768409.34;20796778.79
45.777.119/0001-03;2026-01-01;1;204498.17;100;0;0;204398.17;45462998;0;0;0;0;0;0;0;0;0;0;0;;0;0;0;0;0;0;45462998;0;0;;0;0;;0;0;0;3060.28;0;0;3060.28;0;20520.12;1001398.02;0;0;0;0;0;0;70416.4;1092334.54
46.027.189/0001-07;2026-01-01;1;216472.16;275.05;0;0;216197.11;22900000;22900000;0;22900000;0;0;0;0;0;0;0;0;;0;0;0;0;0;0;0;0;0;;0;0;;0;0;0;497252.22;488555.91;0;8696.31;155721.72;1900.13;0;0;0;0;0;0;0;12489.3;170111.15
46.078.492/0001-39;2026-01-01;1;55395.74;300;0;0;55095.74;5750474.26;5750000;0;5750000;0;0;0;0;0;0;0;0;;0;0;474.26;0;0;0;0;0;0;;0;0;;0;0;0;250;0;0;250;0;20000;0;0;0;0;0;0;0;5000;25000
46.079.965/0001-12;2026-01-01;1;182675.91;144180;0;0;38495.91;5226700.48;0;0;0;0;0;0;0;0;0;0;0;;0;0;0;0;0;0;5226700.48;0;0;;0;0;;0;0;0;12878.88;0;0;12878.88;0;31000;0;0;0;0;0;0;0;0;31000
46.157.247/0001-17;2026-01-01;1;21357.03;0;0;0;21357.03;116928186.51;0;0;0;0;0;0;0;0;0;0;0;;0;0;5391255.28;0;0;0;111536931.23;0;0;;0;0;;0;0;0;0;0;0;0;1253054.77;127892.09;0;0;0;0;0;0;0;406879.78;1787826.64
46.157.348/0001-98;2026-01-01;2;140655.35;100;;;140555.35;4329408.15;3895518;;;3895518;;;;;;;;;;;433890.15;;;;;;;;;;;;;;0;;;;106626;13756.25;;;;;;;;153363;273745.25
46.285.299/0001-79;2026-01-01;1;3964873.12;607;3964266.12;0;0;0;0;0;0;0;0;0;0;0;0;0;0;;0;0;0;0;0;0;0;0;0;;0;0;;0;0;0;4419524.1;0;4417802.69;1721.41;0;25803.72;0;0;0;0;0;0;0;9613.58;35417.3
46.322.850/0001-07;2026-01-01;1;894333.55;1000;0;0;893333.55;96751574.69;0;0;0;0;0;0;0;0;0;0;0;;0;0;0;0;0;0;0;0;0;;96751574.69;0;;0;0;0;160.66;0;0;160.66;703686.24;74934.47;0;0;0;0;0;0;0;139002.75;917623.46
46.334.715/0001-81;2026-01-01;1;36521648.23;1000;0;0;36520648.23;75593523.61;0;0;0;0;0;0;0;0;0;0;0;;0;0;15232715.14;0;0;0;0;0;0;;48879486.95;0;;11481321.52;0;0;160.66;0;0;160.66;0;100019.33;0;0;0;0;0;0;0;22554.75;122574.08
46.437.903/0001-35;2026-01-01;1;56363748.09;1000;51139132.73;5223615.36;0;485689137.35;0;0;0;0;0;0;0;3264886.8;0;0;0;;3368259.96;0;314719640.51;0;0;0;0;0;0;;140579817.44;0;;23756532.64;0;0;5904.36;0;0;5904.36;0;369719.7;0;0;0;0;0;0;0;37568047.01;37937766.71
46.449.786/0001-20;2026-01-01;1;750441.91;1000;723786.99;0;25654.92;9939725.34;0;0;0;0;0;0;0;0;0;0;0;;0;0;0;0;0;0;9939725.34;0;0;;0;0;;0;0;0;4086160.56;0;3598171.73;487988.83;0;136933.2;0;0;0;0;0;0;0;1247.96;138181.16
46.716.709/0001-99;2026-01-01;1;29733.37;100;;;29633.37;18908977;0;;;;;;;;;;;;;;;;;;18908977;;;;;;;;;;0;;;;;17064.38;;;;;;;;10191.3;27255.68
46.879.122/0001-09;2026-01-01;1;53761.26;988.86;52772.4;0;0;2360400;2360400;0;2360400;0;0;0;0;0;0;0;0;;0;0;0;0;0;0;0;0;0;;0;0;;0;0;0;2060.24;0;0;2060.24;0;27288.45;0;0;0;0;0;0;0;44609.69;71898.14
46.965.606/0001-62;2026-01-01;1;232009.11;152926.06;0;0;79083.05;83581474.26;83581000;0;83581000;0;0;0;0;0;0;0;0;;0;0;474.26;0;0;0;0;0;0;;0;0;;0;0;0;3272394.37;0;0;3272394.37;0;263800;0;0;0;0;0;0;0;72706779.89;72970579.89
46.965.606/0001-62;2026-02-01;1;232286;152926.06;0;0;79359.94;83581468.18;83581000;0;83581000;0;0;0;0;0;0;0;0;;0;0;468.18;0;0;0;0;0;0;;0;0;;0;0;0;3272394.37;0;0;3272394.37;0;283355.54;0;0;0;0;0;0;0;76037645.34;76321000.88
47.085.640/0001-05;2026-01-01;1;1287956.97;297.37;;;1287659.6;0;0;;;;;;;;;;;;;;;;;;;;;;;;;;;;3099801.07;;3099801.07;;;24611.14;;;;;;;;96957.69;121568.83
47.102.860/0001-08;2026-01-01;1;959368.88;0;0;;959368.88;119140000;119140000;0;0;119140000;0;0;;0;;;;;;;;;;;;;0;;;;;;;;5065.65;;0;5065.65;0;468258.75;0;0;0;0;0;0;0;926302.98;1394561.73
47.136.369/0001-90;2026-01-01;1;1665605.85;794.94;0;0;1664810.91;17561032.28;7851074.85;0;0;0;7851074.85;0;0;0;0;0;0;;0;0;0;0;0;0;0;9709746.28;0;;0;0;;0;0;211.15;9842729.53;0;9842729.53;0;0;32553.37;0;0;0;0;0;0;0;0;32553.37
47.142.218/0001-44;2026-01-01;1;4818.66;4818.66;0;0;0;14115772.12;0;0;0;0;0;0;0;0;0;0;0;;0;0;14115772.12;0;0;0;0;0;0;;0;0;;0;0;0;140000;0;0;140000;0;98000;0;0;0;0;0;0;0;12710.15;110710.15
47.154.849/0001-83;2026-01-01;1;143370714.06;2000;0;0;143368714.06;71955209.59;71955209.59;0;0;71955209.59;0;0;0;0;0;0;0;;0;0;0;0;0;0;0;0;0;;0;0;;0;0;0;60214.52;14950;0;45264.52;0;208989.92;0;0;8582582.53;40745.84;0;0;0;164916.75;8997235.04
47.669.336/0001-05;2026-01-01;1;3749.14;3749.14;0;0;0;32101500;32101500;3375000;28726500;0;0;0;0;0;0;0;0;;0;0;0;0;0;0;0;0;0;;0;0;;0;0;0;0;0;0;0;0;2045.09;0;13526702.72;0;0;0;0;0;8489.98;13537237.79
47.669.336/0001-05;2026-02-01;1;632.29;632.29;0;0;0;32101500;32101500;3375000;28726500;0;0;0;0;0;0;0;0;;0;0;0;0;0;0;0;0;0;;0;0;;0;0;0;0;0;0;0;0;2142.47;0;13526702.72;0;0;0;0;0;8892.45;13537737.64
47.669.545/0001-59;2026-01-01;1;1382.47;841.03;0;0;541.44;0;0;0;0;0;0;0;0;0;0;0;0;;0;0;0;0;0;0;0;0;0;;0;0;;0;0;0;0;0;0;0;0;4000;0;0;0;0;0;0;0;11503.03;15503.03
47.896.665/0001-99;2026-01-01;2;1374876.25;90.1;0;0;1374786.15;832972225.94;406382204.04;0;406382204.04;0;0;0;0;0;0;0;0;;0;0;426590021.9;0;0;0;0;0;0;;0;0;;0;0;0;272257473.7;6591319.4;179633941.27;86032213.03;0;693722.08;0.44;23434067.44;0;0;141893423.88;0;0;35250521.29;201271735.13
48.373.413/0001-48;2026-01-01;1;3336531.92;100;0;0;3336431.92;259648657.35;1252127.86;1252127.86;0;0;0;0;0;258396529.49;0;0;0;;0;0;0;0;0;0;0;0;0;;0;0;;0;0;0;14636068.27;0;0;14636068.27;0;5211.88;0;0;0;0;0;0;0;8401.73;13613.61
48.373.428/0001-06;2026-01-01;1;88406.31;90.1;0;0;88316.21;55169613.8;0;0;0;0;0;0;0;0;0;0;0;;0;0;49969613.8;0;0;0;5200000;0;0;;0;0;;0;0;0;0;0;0;0;0;5000;0;0;0;0;0;0;0;85641.36;90641.36
48.389.780/0001-30;2026-01-01;1;2766754.69;100;0;0;2766654.69;233972083.51;0;0;0;0;0;0;0;6334053.38;0;0;0;;0;0;227638030.13;0;0;0;0;0;0;;0;0;;0;0;0;89527.64;0;0;89527.64;419794.87;17869.88;0;0;0;0;0;0;0;64054.99;501719.74
48.904.259/0001-93;2026-01-01;1;10332.3;0;0;0;10332.3;17300000.01;17300000.01;0;17300000.01;0;0;0;0;0;0;0;0;;0;0;0;0;0;0;0;0;0;;0;0;;0;0;0;5.59;0;0;5.59;0;5000;0;0;0;0;0;0;0;8191.43;13191.43
48.916.699/0001-60;2026-01-01;1;3037834.68;0;0;0;3037834.68;664964703.28;302002258.46;0;302002258.46;0;0;0;0;0;0;0;0;;0;0;8721969.49;0;0;0;354240475.33;0;0;;0;0;;0;0;0;8485028.38;2187361.26;3558341.98;2739325.14;0;411528.57;0;13648016.29;0;0;137597746.71;0;0;15332703.03;166989994.6
48.961.539/0001-33;2026-01-01;1;327659.21;0;0;0;327659.21;24386000;24386000;0;24386000;0;0;0;0;0;0;0;0;;0;0;0;0;0;0;0;0;0;;0;0;;0;0;0;157467.87;154921.3;0;2546.57;0;9500;0;0;0;0;0;0;0;254591.95;264091.95
48.964.604/0001-84;2026-01-01;1;13366.47;0;0;0;13366.47;1384028.58;0;0;0;0;0;0;0;0;0;0;0;;0;0;0;0;0;0;10000;0;0;;0;0;;1374028.58;0;0;9568.3;0;0;9568.3;0;500;0;0;0;0;0;0;0;17216.88;17716.88
48.969.543/0001-48;2026-01-01;1;7874943.68;2000;0;0;7872943.68;140914860.9;140914860.9;0;140914860.9;0;0;0;0;0;0;0;0;;0;0;0;0;0;0;0;0;0;;0;0;;0;0;0;5239504.87;3183392.04;0;2056112.83;0;41130.76;0;0;0;0;0;0;0;3526537.44;3567668.2
48.978.731/0001-32;2026-01-01;1;8757.87;0;0;0;8757.87;27497066.92;25110000;0;25110000;0;0;0;0;0;0;0;0;;0;0;2387066.92;0;0;0;0;0;0;;0;0;;0;0;0;7.55;0;0;7.55;0;5000;0;0;0;0;0;0;0;13597.89;18597.89
48.978.797/0001-22;2026-01-01;1;55101.51;0;0;0;55101.51;18829999.95;18829999.95;0;18829999.95;0;0;0;0;0;0;0;0;;0;0;0;0;0;0;0;0;0;;0;0;;0;0;0;5.59;0;0;5.59;0;15000;0;0;0;0;0;0;0;10842.21;25842.21
48.978.859/0001-04;2026-01-01;1;52641193.82;158.2;48827761.69;170788.63;3642485.3;1433992134.27;1196300000;0;1196300000;0;0;0;0;0;0;0;0;;0;0;237692134.27;0;0;0;0;0;0;;0;0;;0;0;0;20213678.98;16901697.1;0;3311981.88;0;83129.26;0;0;0;0;223900382.31;0;0;3876116.7;227859628.27
48.984.698/0001-53;2026-01-01;1;150.24;31.99;0;0;118.25;14516290;14516290;0;14516290;0;0;0;0;0;0;0;0;;0;0;0;0;0;0;0;0;0;;0;0;;0;0;0;0;0;0;0;0;180000;0;0;0;0;0;0;0;0;180000
49.005.348/0001-60;2026-01-01;1;41436474.29;0;0;41461321.01;-24846.72;406794950.71;0;0;0;0;0;0;0;0;0;0;0;;0;0;56499619.65;0;0;0;0;0;0;;350295331.06;0;;0;0;0;86517.94;0;0;86517.94;0;349051.05;0;0;0;0;0;0;0;21097402.29;21446453.34
49.005.570/0001-63;2026-01-01;1;16374855.4;4.6;6641423.58;0;9733427.22;62797406.55;0;0;0;0;0;0;0;0;0;0;0;;0;0;7961046.46;0;0;0;0;0;0;;54836360.09;0;;0;0;0;8184.75;0;0;8184.75;0;11000;0;0;0;0;0;4599.05;0;6758.28;22357.33
49.112.611/0001-10;2026-01-01;1;246906.67;0;0;0;246906.67;99210147.13;0;0;0;0;0;0;0;0;0;0;0;;0;0;0;0;0;0;99210147.13;0;0;;0;0;;0;0;0;14384.58;0;0;14384.58;0;6556.32;0;0;0;0;0;0;0;72636.39;79192.71
49.152.919/0001-90;2026-01-01;1;48517.04;15027.67;0;0;33489.37;522864970.73;517000000;0;0;0;517000000;0;0;0;0;0;0;;0;0;0;0;5864970.73;0;0;0;0;;0;0;;0;0;0;1343836.9;202116.42;0;1141720.48;0;29830.6;0;0;0;0;216465340.17;0;0;640428.2;217135598.97
49.184.940/0001-77;2026-01-01;2;1232575.69;0;0;0;1232575.69;161291576.6;124441937.77;0;124441937.77;0;0;0;0;0;0;0;0;;0;0;29191638.83;0;0;0;7658000;0;0;;0;0;;0;0;0;1273742.49;52304.5;500000;721437.99;0.11;82038.48;0;16000027.76;0;0;18676887.42;0;0;8302.28;34767256.05
49.318.661/0001-59;2026-01-01;1;1177403.72;0;0;0;1177403.72;238116271.95;147969318.76;0;0;0;0;0;147969318.76;0;0;0;0;;0;0;0;0;0;0;0;0;0;;90146953.19;0;;0;0;0;12880.17;0;0;12880.17;0;26086.98;0;0;0;0;86195665.91;0;0;148492769.68;234714522.57
49.592.781/0001-40;2026-01-01;1;376864.21;0;0;0;376864.21;616826185.08;616484142;616484142;0;0;0;0;0;0;0;0;0;;0;0;0;0;0;0;342043.08;0;0;;0;0;;0;0;0;9546001.66;8618802.21;855562.75;71636.7;329319.08;54856.6;0;0;0;0;278000100;0;0;1441999.47;279826275.15
49.640.601/0001-58;2026-01-01;1;0;0;0;;0;23015759.03;0;0;0;0;0;0;;0;;;;;;;;;;;;;23015759.03;;;;;;;;0;;;0;0;600246.9;0;0;0;0;0;0;0;29328.62;629575.52
49.649.500/0001-48;2026-01-01;1;8371842.97;1049.62;8370793.35;0;0;18839068.45;0;0;0;0;0;0;0;0;0;0;0;;0;0;0;0;0;0;18839068.45;0;0;;0;0;;0;0;0;1574585.05;0;0;1574585.05;0;32994.24;0;0;0;0;0;0;0;157041.83;190036.07
49.893.516/0001-00;2026-01-01;1;3811746.26;0;0;0;3811746.26;51349800.38;51349800.38;51349800.38;0;0;0;0;0;0;0;0;0;;0;0;0;0;0;0;0;0;0;;0;0;;0;0;0;150686721.58;0;0;150686721.58;0;6576.64;0;0;0;0;0;0;0;146761700.2;146768276.84
49.916.958/0001-16;2026-01-01;1;7343765.43;1000;0;0;7342765.43;150768979.69;0;0;0;0;0;0;0;0;0;0;0;;0;0;38375783.57;0;0;0;0;0;0;;107210062.27;0;;5183133.85;0;0;1617092.96;0;0;1617092.96;1616932.3;157351.3;0;0;0;0;0;0;0;16223.69;1790507.29
49.996.755/0001-87;2026-01-01;1;2306392.19;0;0;;2306392.19;35716339.53;35716339.53;0;35716339.53;0;0;0;;0;;;;;;;;;;;;0;;;;;;;;;384837.26;382500;0;2337.26;0;19000;0;0;0;0;0;0;0;0;19000
50.027.615/0001-80;2026-01-01;1;368.52;368.52;0;0;0;18074512.76;18074038.5;0;0;0;18074038.5;0;0;0;0;0;0;;0;0;474.26;0;0;0;0;0;0;;0;0;;0;0;0;0;0;0;0;0;405255.36;0;0;0;0;0;0;0;6958.26;412213.62
50.041.467/0001-58;2026-01-01;1;950033.27;719.33;0;0;949313.94;25035000;25035000;0;25035000;0;0;0;0;0;0;0;0;;0;0;0;0;0;0;0;0;0;;0;0;;0;0;0;66.5;0;0;66.5;0;855510.38;0;0;0;0;0;0;0;15456.39;870966.77
50.117.874/0001-00;2026-01-01;2;137457.65;137457.65;0;0;0;85036795.32;82116100.01;0;82116100.01;0;0;0;0;0;0;0;0;;0;0;0;0;0;0;0;2920695.31;0;;0;0;;0;0;0;498422.43;498404.27;0;18.16;0;0;0;0;0;0;0;0;0;4021908.7;4021908.7
50.135.849/0001-40;2026-01-01;1;2235797.48;1000;0;0;2234797.48;87500119.57;0;0;0;0;0;0;0;3573.52;0;0;0;;0;0;85681065.69;0;0;0;0;0;0;;1815480.36;0;;0;0;0;25570.6;0;0;25570.6;0;24701.32;0;0;0;0;0;0;0;6208.25;30909.57
50.143.549/0001-03;2026-01-01;1;4327135.43;0;0;0;4327135.43;84859705.48;0;0;0;0;0;0;0;0;0;0;0;;0;0;42809950.11;0;0;0;0;0;0;;42049755.37;0;;0;0;0;773.82;0;0;773.82;0;63120.68;0;0;0;0;0;0;0;2027379.08;2090499.76
50.180.894/0001-17;2026-01-01;1;8300580.89;1000;0;0;8299580.89;470007625.68;7454291.22;0;7454291.22;0;0;0;0;775642.74;0;0;0;;0;0;220067763.08;0;0;0;94338064.29;0;0;;147371864.35;0;;0;0;0;7292400.86;0;0;7292400.86;5062425.17;708848.14;0;0;0;0;51701428.28;0;0;2966543.54;60439245.13
50.252.286/0001-70;2026-01-01;1;58.13;58.13;0;0;0;7890000;0;0;0;0;0;0;0;7890000;0;0;0;;0;0;0;0;0;0;0;0;0;;0;0;;0;0;0;0;0;0;0;0;669337.02;0;0;0;0;0;0;0;8028137.34;8697474.36
50.275.622/0001-09;2026-01-01;1;9630699.54;219477.26;2333062.05;0;7078160.23;16455425.8;16455425.8;0;16455425.8;0;0;0;0;0;0;0;0;;0;0;0;0;0;0;0;0;0;;0;0;;0;0;0;0;0;0;0;0;12000;0;0;0;0;0;0;0;6617831.65;6629831.65
50.352.284/0001-53;2026-01-01;1;8597191.23;0;8613263.83;0;-16072.6;228281151.82;0;0;0;0;0;0;0;0;0;0;0;;0;0;898619.17;0;0;0;0;0;0;;227382532.65;0;;0;0;0;59363.84;0;0;59363.84;0;262850.09;0;0;0;0;0;0;0;884749.43;1147599.52
50.375.550/0001-63;2026-01-01;1;133861.11;2000;0;0;131861.11;6214628.33;4722964.64;4072889.64;0;0;650075;0;0;0;0;0;0;;0;0;0;0;1491663.69;0;0;0;0;;0;0;;0;0;0;5370000;0;5370000;0;0;47795.29;0;0;0;0;0;0;0;667472.57;715267.86
50.375.550/0001-63;2026-02-01;1;126024.79;126024.79;0;0;0;6221591.32;4722964.64;0;4722964.64;0;0;0;0;0;0;0;0;;0;0;0;0;1498626.68;0;0;0;0;;0;0;;0;0;0;5370000;0;5370000;0;0;48156.33;0;0;0;0;0;0;0;684333.44;732489.77
50.385.179/0001-10;2026-01-01;1;11494981.69;0;0;0;11494981.69;273725033.45;0;0;0;0;0;0;0;0;0;0;0;;0;0;14231678.63;0;0;0;0;0;0;;259493354.82;0;;0;0;0;3600662.87;0;0;3600662.87;2850000;297275.86;0;0;0;0;0;0;0;278160.84;3425436.7
50.399.189/0001-05;2026-01-01;1;6204790.13;79.95;0;0;6204710.18;71850010.44;71850010.44;0;0;0;71850010.44;0;0;0;0;0;0;;0;0;0;0;0;0;0;0;0;;0;0;;0;0;0;2805027.78;0;0;2805027.78;0;19382.47;0;0;0;0;0;0;0;8387565.25;8406947.72
50.479.122/0001-80;2026-01-01;2;295860058.71;0;0;255570491.14;40289567.57;1458990489.57;1458990489.57;0;1458990489.57;0;0;0;0;0;0;0;0;;0;0;0;0;0;0;0;0;0;;0;0;;0;0;0;287990958.33;13812736.82;270904000;3274221.51;0;1053176.17;0;614379272.26;0;0;0;0;0;4843386.45;620275834.88
50.492.450/0001-17;2026-01-01;1;1732353.05;281.39;0;0;1732071.66;228449000;228449000;0;228449000;0;0;0;0;0;0;0;0;;0;0;0;0;0;0;0;0;0;;0;0;;0;0;0;1629337.7;1495562.47;0;133775.23;681787.79;27396.88;0;0;0;0;178683257.8;0;0;246060.83;179638503.3
50.522.058/0001-73;2026-01-01;1;24876714.95;0;24644450.61;0;232264.34;62617293.1;0;0;0;0;0;0;0;0;0;0;0;;0;0;0;0;0;0;45398016;0;0;;0;0;;17219277.1;0;0;0;0;0;0;0;143963.66;0;0;0;0;0;0;0;34828.56;178792.22
50.555.700/0001-10;2026-01-01;1;1494546.08;72.08;;;1494474;38915082.72;0;;;;;;;;;;;;;;;;;;;;;;38915082.72;;;;;;258394.02;;;258394.02;;;;;;;;;;3894.8;3894.8
50.659.134/0001-97;2026-01-01;1;5591334.27;116.48;0;0;5591217.79;1282748000;1282748000;0;1282748000;0;0;0;0;0;0;0;0;;0;0;0;0;0;0;0;0;0;;0;0;;0;0;0;8894364.66;8639368.04;0;254996.62;4447472.7;27396.88;0;1031431718.3;0;0;0;0;0;647819.67;1036554407.55
50.686.473/0001-62;2026-01-01;1;1316648.99;0;0;0;1316648.99;35219906.62;3100000;0;0;0;0;3100000;0;0;0;0;0;;0;0;0;0;0;0;32119906.62;0;0;;0;0;;0;0;0;0;0;0;0;0;16550.55;1634630.16;0;0;0;0;0;0;67679;1718859.71
50.701.686/0001-16;2026-01-01;2;8131539.07;0;0;0;8131539.07;1190729765.12;201790356.84;0;201790356.84;0;0;0;0;16203346.14;0;0;0;;0;0;576057569.18;0;0;0;0;0;0;;0;0;;396678492.96;0;0;1596385.32;0;0;1596385.32;0;247957.71;0;101331637.66;0;0;144525450.77;0;0;278207.68;246383253.82
50.716.077/0001-30;2026-01-01;1;25669.48;0;0;0;25669.48;103.07;0;0;0;0;0;0;0;0;0;0;0;;0;0;103.07;0;0;0;0;0;0;;0;0;;0;0;0;2748.32;0;0;2748.32;0;41559.36;0;0;0;0;0;0;0;3305.94;44865.3
50.718.891/0001-94;2026-01-01;1;944557.32;0;0;0;944557.32;263938603.05;0;0;0;0;0;0;0;0;0;0;0;;0;0;263938603.05;0;0;0;0;0;0;;0;0;;0;0;0;505.61;0;0;505.61;0;63730.31;0;0;0;0;0;0;0;86682.39;150412.7
50.718.976/0001-72;2026-01-01;1;507286.14;0;0;0;507286.14;238889293.44;0;0;0;0;0;0;0;0;0;0;0;;0;0;238889293.44;0;0;0;0;0;0;;0;0;;0;0;0;3008.03;0;0;3008.03;0;26390.86;0;0;0;0;0;0;0;5211.17;31602.03
50.750.438/0001-65;2026-01-01;1;1669629.88;0;0;0;1669629.88;331254541.73;14870000;0;0;0;0;14870000;0;0;0;0;0;;0;0;157948484.88;8154505.17;0;0;12726957.89;0;0;;137554593.79;0;;0;0;0;3597511.05;0;0;3597511.05;0;344563.96;0;0;0;0;0;0;0;5693029.79;6037593.75
50.808.042/0001-21;2026-01-01;1;4514714.37;0;0;0;4514714.37;469776783.3;469776783.3;0;469776783.3;0;0;0;0;0;0;0;0;;0;0;0;0;0;0;0;0;0;;0;0;;0;0;0;1778589.71;1738488.57;0;40101.14;0;39653.78;0;0;0;0;0;0;0;81370.91;121024.69
50.876.919/0001-11;2026-01-01;1;2470612.62;863.91;2469748.71;0;0;9800000;3750000;0;0;0;0;3750000;0;0;0;0;0;;0;0;0;0;0;0;6050000;0;0;;0;0;;0;0;0;1087.6;0;0;1087.6;0;24138.71;0;0;0;0;0;0;0;212189.76;236328.47
50.918.320/0001-01;2026-01-01;1;89003.89;1000;0;0;88003.89;55320000;55320000;0;55320000;0;0;0;0;0;0;0;0;;0;0;0;0;0;0;0;0;0;;0;0;;0;0;0;106.96;0;0;106.96;0;9097.55;0;0;0;0;0;0;0;20094.17;29191.72
50.939.923/0001-81;2026-01-01;1;0;0;0;0;0;12630552;12630552;0;12630552;0;0;0;0;0;0;0;0;;0;0;0;0;0;0;0;0;0;;0;0;;0;0;0;7500;0;0;7500;0;67500;0;0;0;0;0;0;0;121500;189000
50.940.230/0001-09;2026-01-01;1;87.2;87.2;0;0;0;8083717.28;8083717.28;0;8083717.28;0;0;0;0;0;0;0;0;;0;0;0;0;0;0;0;0;0;;0;0;;0;0;0;0;0;0;0;0;68000;0;0;0;0;0;0;0;76000;144000
50.957.247/0001-79;2026-01-01;1;1639915.59;4081.55;;;1635834.04;758186644.82;758186644.82;127378819.96;468543649.47;162264175.39;;;;;;;;;;;;;;;;;;;;;;;;;4489901.54;4456443.99;;33457.55;;108219.91;;19325000;;;;;;472624.14;19905844.05
51.067.062/0001-51;2026-01-01;1;18910661.87;16080332.81;2737021.08;0;93307.98;749806999.53;749806999.53;0;749806999.53;0;0;0;0;0;0;0;0;;0;0;0;0;0;0;0;0;0;;0;0;;0;0;0;36636000;36636000;0;0;16350000;49951.17;0;183256666.75;0;0;0;0;0;0;199708851.09
51.192.125/0001-00;2026-01-01;2;2453533.41;0;0;0;2453533.41;104229435.74;0;0;0;0;0;0;0;1881139.94;0;0;0;;0;0;0;0;0;0;0;0;0;;102348295.8;0;;0;0;0;222925.65;0;0;222925.65;0;118174.61;0;0;0;0;0;0;0;96861.71;215036.32
51.226.569/0001-00;2026-01-01;1;0;0;0;0;0;46415641.67;46415401;0;0;0;46415401;0;0;0;0;0;0;;0;0;0;0;240.67;0;0;0;0;;0;0;;0;0;0;0;0;0;0;0;183906.22;0;0;0;0;0;0;0;0;183906.22
51.226.569/0001-00;2026-02-01;1;0;0;0;0;0;46415641.44;46415401;0;0;0;46415401;0;0;0;0;0;0;;0;0;0;0;240.44;0;0;0;0;;0;0;;0;0;0;0;0;0;0;0;201906.22;0;0;0;0;0;0;0;0;201906.22
51.294.441/0001-84;2026-01-01;2;23183734.76;46630.47;23137104.29;;;374051781.1;0;;;;;;;;;;;;;;20645449.34;;;;;;;;353406331.76;;;;;;37063.54;;;37063.54;3664491.05;308959.15;;;;;;;;103407.8;4076858
51.295.092/0001-15;2026-01-01;1;125507.48;215.75;0;0;125291.73;25229972.74;25118322.74;0;25118322.74;0;0;0;0;0;0;0;0;;0;0;0;0;0;0;111650;0;0;;0;0;;0;0;0;0;0;0;0;0;7443.1;0;0;0;0;0;0;0;17919365.8;17926808.9
51.303.221/0001-70;2026-01-01;1;293.63;293.63;0;0;0;7024000;7024000;6454000;570000;0;0;0;0;0;0;0;0;;0;0;0;0;0;0;0;0;0;;0;0;;0;0;0;0;0;0;0;0;6135.27;0;0;0;0;0;0;0;4225.99;10361.26
51.303.221/0001-70;2026-02-01;1;263.75;263.75;0;0;0;7024000;7024000;6454000;570000;0;0;0;0;0;0;0;0;;0;0;0;0;0;0;0;0;0;;0;0;;0;0;0;0;0;0;0;0;6427.42;0;0;0;0;0;0;0;4427.23;10854.65
51.326.818/0001-30;2026-01-01;1;185410.43;1000;0;0;184410.43;48320000;0;0;0;0;0;0;0;0;0;0;0;;0;0;48320000;0;0;0;0;0;0;;0;0;;0;0;0;66.5;0;0;66.5;0;6911.45;0;0;0;0;0;0;0;14701506.12;14708417.57
51.381.999/0001-05;2026-01-01;1;70.52;70.52;0;0;0;11038937.59;11038937.59;0;11038937.59;0;0;0;0;0;0;0;0;;0;0;0;0;0;0;0;0;0;;0;0;;0;0;0;0;0;0;0;0;152000;0;0;0;0;0;0;0;0;152000
51.385.048/0001-04;2026-01-01;1;9562861.17;0;0;0;9562861.17;223704880.06;0;0;0;0;0;0;0;0;0;0;0;;0;0;0;0;0;0;223704880.06;0;0;;0;0;;0;0;0;721311.5;0;0;721311.5;0;403689.69;0;0;0;0;0;0;0;361647.77;765337.46
51.385.174/0001-50;2026-01-01;1;3429526.29;2000;;;3427526.29;21877672.63;0;;;;;;;;;;;;;;;;;;;21877672.63;;;;;;;;;1991038.6;;;1991038.6;;40504.05;;;;;;;;3038663.64;3079167.69
51.392.366/0001-94;2026-01-01;1;167248.82;0;0;0;167248.82;26119226.79;26118752.53;0;26118752.53;0;0;0;0;474.26;0;0;0;;0;0;0;0;0;0;0;0;0;;0;0;;0;0;0;5386.57;0;0;5386.57;0;106645.94;0;0;0;0;0;0;0;126288.84;232934.78
51.407.683/0001-37;2026-01-01;1;0;0;0;0;0;16803802.46;16803802.34;0;16803802.34;0;0;0;0;0;0;0;0;;0;0;0;0;0.12;0;0;0;0;;0;0;;0;0;0;0;0;0;0;0;152000;0;0;0;0;0;0;0;0;152000
51.407.683/0001-37;2026-02-01;1;0;0;0;0;0;16803802.46;16803802.34;0;16803802.34;0;0;0;0;0;0;0;0;;0;0;0;0;0.12;0;0;0;0;;0;0;;0;0;0;0;0;0;0;0;171000;0;0;0;0;0;0;0;0;171000
51.413.518/0001-98;2026-01-01;1;14989.97;1000;0;0;13989.97;0;0;0;0;0;0;0;0;0;0;0;0;;0;0;0;0;0;0;0;0;0;;0;0;;0;0;0;50.11;0;0;50.11;0;13500;0;0;0;0;0;0;0;32349.92;45849.92
51.416.131/0001-95;2026-01-01;1;126.8;126.8;0;0;0;29225261.37;29223863;0;29223863;0;0;0;0;0;0;0;0;;0;0;0;0;1398.37;0;0;0;0;;0;0;;0;0;0;0;0;0;0;0;171000;0;0;0;0;0;0;0;20000000;20171000
51.416.131/0001-95;2026-02-01;1;126.8;126.8;0;0;0;29225260.01;29223863;0;29223863;0;0;0;0;0;0;0;0;;0;0;0;0;1397.01;0;0;0;0;;0;0;;0;0;0;0;0;0;0;0;190000;0;0;0;0;0;0;0;20000000;20190000
51.472.985/0001-99;2026-01-01;1;3280066.34;0;0;0;3280066.34;357723420.15;357723420.15;0;357723420.15;0;0;0;0;0;0;0;0;;0;0;0;0;0;0;0;0;0;;0;0;;0;0;0;1764738.48;130250.89;0;1634487.59;69443.16;204844.44;0;9477137.97;0;0;0;0;0;624096.35;10375521.92
51.476.870/0001-72;2026-01-01;1;60416.05;0;0;0;60416.05;152029176.85;0;0;0;0;0;0;0;0;0;0;0;;0;0;0;0;0;0;152029176.85;0;0;;0;0;;0;0;0;0;0;0;0;0;11062.8;0;0;0;0;0;0;0;11062.8;22125.6
51.601.636/0001-20;2026-01-01;1;175377.79;1000;0;0;174377.79;223870659.33;0;0;0;0;0;0;0;34249020.51;0;0;0;;0;0;2789344.52;0;0;0;20907057;0;0;;165925237.3;0;;0;0;0;188.27;0;0;188.27;2102120.8;151313.55;344477.68;0;0;0;0;0;0;14616003.31;17213915.34
51.646.298/0001-42;2026-01-01;1;55992983.68;22959.42;15403224.15;40566800.11;0;243340697.18;0;0;0;0;0;0;0;0;0;0;0;;0;0;6139701.94;0;0;0;0;0;0;;237200995.24;0;;0;0;0;0;0;0;0;3253067.31;222698.62;0;0;0;0;0;0;0;54103.58;3529869.51
51.665.327/0001-13;2026-01-01;1;11683023.9;0;0;0;11683023.9;135664799.11;42264448.06;0;0;0;0;42264448.06;0;0;0;0;0;;0;0;11022455.3;0;0;0;0;0;0;;82377895.75;0;;0;0;0;906862.26;0;370437.45;536424.81;1825571.89;145543.54;19969.95;1267933.37;0;0;0;0;0;47091.07;3306109.82
51.666.294/0001-26;2026-01-01;1;1863411.94;0;922773.83;940638.11;0;273300000;273300000;0;273300000;0;0;0;0;0;0;0;0;;0;0;0;0;0;0;0;0;0;;0;0;;0;0;0;1460860.34;1459200.32;0;1660.02;0;34467.75;0;0;0;0;0;0;0;987975.7;1022443.45
51.672.980/0001-00;2026-01-01;1;13083.5;13083.5;0;0;0;8195047.09;8195047.09;0;8195047.09;0;0;0;0;0;0;0;0;;0;0;0;0;0;0;0;0;0;;0;0;;0;0;0;0;0;0;0;0;161142.86;0;0;0;0;0;0;0;8952.38;170095.24
51.710.043/0001-00;2026-01-01;2;170648.77;661.26;0;0;169987.51;87881925.05;87881925.05;0;87881925.05;0;0;0;0;0;0;0;0;;0;0;0;0;0;0;0;0;0;;0;0;;0;0;0;30684.43;0;0;30684.43;0;57998.99;0;0;0;0;0;0;0;34634.18;92633.17
51.734.924/0001-52;2026-01-01;1;5159456.95;17950.54;5141506.41;;;375646413.58;0;;;;;;;;;;;;;;;;;;;375646413.58;;;;;;;;;5537900.07;;;5537900.07;;110870.57;;;;;;;;7387243.97;7498114.54
51.753.261/0001-13;2026-01-01;1;7845.63;100;;;7745.63;14025233.99;0;;;;;;;;;;;;;;;;;;14025233.99;;;;;;;;;;0;;;;;61135.15;;;;;;;;2297699.1;2358834.25
51.786.271/0001-55;2026-01-01;1;4465370.01;0;0;0;4465370.01;201513603.9;114360000;0;114360000;0;0;0;0;0;0;0;0;;0;0;0;0;0;0;87153603.9;0;0;;0;0;;0;0;0;1113690.23;1041116.07;0;72574.16;0;31045.14;0;0;0;0;0;0;0;104682.46;135727.6
51.802.350/0001-02;2026-01-01;1;30324578.49;0;0;0;30324578.49;316683634;8933425;0;0;0;8933425;0;0;0;0;0;0;;0;0;24514806.18;0;0;0;0;0;0;;283235402.82;0;;0;0;0;0;0;0;0;0;349457.78;0;100000;0;0;0;0;0;54529.83;503987.61
51.817.522/0001-11;2026-01-01;1;1279889.99;1100;;;1278789.99;0;0;;;;;;;;;;;;;;;;;;;;;;;;;;;;52735366.35;;;52735366.35;;89916.28;;;;;;;;13045.75;102962.03
51.868.778/0001-58;2026-01-01;1;26188494.3;0;3210459.74;0;22978034.56;114846691.59;0;0;0;0;0;0;0;0;0;0;0;;0;0;18264562.38;0;0;0;0;0;0;;96582129.21;0;;0;0;0;50000;0;0;50000;1386382.01;10500;0;0;0;0;0;0;0;145989.49;1542871.5
51.870.412/0001-13;2026-01-01;1;21002921.07;1000;0;0;21001921.07;426925965.56;209928487.27;0;4248639.47;0;16435366.84;189244480.96;0;0;0;0;0;;0;0;112939653.86;0;0;0;0;0;0;;104057824.43;0;;0;0;0;3972080.25;243471.75;0;3728608.5;4227412.05;413874.88;0;0;4101425.33;0;0;0;0;1274293.12;10017005.38
51.889.479/0001-08;2026-01-01;1;8937769.13;1050733.43;0;0;7887035.7;152382043.32;152382043.32;110231182.63;42150860.69;0;0;0;0;0;0;0;0;;0;0;0;0;0;0;0;0;0;;0;0;;0;0;0;20069518.8;0;20060000;9518.8;0;50561.75;0;0;0;0;0;0;0;29717765.4;29768327.15
51.889.479/0001-08;2026-02-01;1;4186136.28;19076.26;0;0;4167060.02;179548595;179548595;105746216.88;73802378.12;0;0;0;0;0;0;0;0;;0;0;0;0;0;0;0;0;0;;0;0;;0;0;0;20064664.57;0;20060000;4664.57;0;45270.4;0;0;0;0;0;0;0;50905987.01;50951257.41
51.890.054/0001-00;2026-01-01;2;14044880.59;1000;0;0;14043880.59;347080624.88;99300000;0;99300000;0;0;0;0;0;0;0;0;;0;0;174033583.65;0;0;0;0;0;0;;73747041.23;0;;0;0;0;2452910.25;637058.49;0;1815851.76;3144201.65;332334.88;0;0;0;0;0;0;0;29827.77;3506364.3
51.951.316/0001-08;2026-01-01;1;984146.77;0;0;0;984146.77;48504105.62;0;0;0;0;0;0;0;0;0;0;0;;0;0;48504105.62;0;0;0;0;0;0;;0;0;;0;0;0;1010765.07;0;0;1010765.07;0;8705.75;0;0;0;0;0;0;0;23926.94;32632.69
51.991.587/0001-89;2026-01-01;1;8954.67;8954.67;0;;0;206099596.83;0;0;0;0;0;0;;0;;;;;;;;;;;;;206099596.83;;;;;;;;56396.46;;56396.46;0;0;134487.4;0;0;0;0;0;0;0;91990.82;226478.22
51.991.713/0001-03;2026-01-01;1;145509.15;100;;;145409.15;0;0;;;;;;;;;;;;;;;;;;;;;;;;;;;;10024002.95;;;10024002.95;;16917.57;;;;;;;;11261.32;28178.89
52.101.897/0001-43;2026-01-01;1;6483654.57;6450.35;6477204.22;0;0;30515413.41;0;0;0;0;0;0;0;0;0;0;0;;0;0;0;0;0;0;0;0;0;;28252164.99;0;;2263248.42;0;0;0;0;0;0;469443.54;16459.25;0;0;0;0;0;0;0;33083.82;518986.61
52.153.014/0001-49;2026-01-01;1;10638988.16;1495.72;0;0;10637492.44;90201699.83;0;0;0;0;0;0;0;0;0;0;0;;0;0;72911698.44;0;0;0;0;0;0;;17290001.39;0;;0;0;0;0;0;0;0;0;8500;0;0;0;0;0;0;0;34211.76;42711.76
52.219.978/0001-42;2026-01-01;1;6130140.42;30505.52;6099634.9;;;1029392206.81;982651749.34;;982651749.34;;;;;;;;;;;;;;;;;;;;;;;46740457.47;;;6494529.38;6448199.94;;46329.44;5775000;576554.07;;;;;;;;14469376.11;20820930.18
52.227.760/0001-30;2026-01-01;1;2813115.64;0;2813115.64;0;0;68360446.67;0;0;0;0;0;0;0;2085717.63;0;0;0;;0;0;40898212.41;0;0;0;0;0;0;;25376516.63;0;;0;0;0;26242.47;0;0;26242.47;0;58839.36;75695.44;0;0;0;0;0;0;24439.37;158974.17
52.241.939/0001-41;2026-01-01;1;1194311.57;1000;0;0;1193311.57;256454871.96;252000000;0;252000000;0;0;0;0;0;0;0;0;;0;0;0;0;0;0;0;0;0;;0;0;;0;0;4454871.96;889350;0;0;889350;1.46;23609.1;0;0;0;0;0;0;0;47538.85;71149.41
52.270.671/0001-76;2026-01-01;1;15566334.85;49962.19;15516372.66;;;581197919.41;0;;;;;;;29134820.52;;;;;;;492805934.05;;;;;;;;59257164.84;;;;;;17093626.43;;;17093626.43;5312500;598178.56;;;;;;;;1839106.67;7749785.23
52.321.885/0001-24;2026-01-01;1;335.1;335.1;0;0;0;1058560228.55;562978279;0;562978279;0;0;0;0;495581949.55;0;0;0;;0;0;0;0;0;0;0;0;0;;0;0;;0;0;0;5514600;0;0;5514600;0;352928.66;0;0;0;0;0;0;0;5121054.2;5473982.86
52.324.762/0001-47;2026-01-01;1;3850288.99;415942.85;0;0;3434346.14;25681096.51;0;0;0;0;0;0;0;0;0;0;0;;0;0;0;0;0;0;0;0;0;;0;0;;0;0;25681096.51;2030965.84;0;0;2030965.84;0;15000;0;0;0;0;0;0;0;9280832.97;9295832.97
52.353.292/0001-40;2026-01-01;1;4356810.69;0.01;0;0;4356810.68;213638360.07;185238360.07;0;185238360.07;0;0;0;0;0;0;0;0;;0;0;0;0;0;0;0;0;0;;0;0;;0;0;28400000;1264823.1;1264823.1;0;0;0;58465.94;0;81467806.24;0;0;0;0;0;37596.06;81563868.24
52.355.496/0001-10;2026-01-01;1;1543478.16;100;;;1543378.16;60609723.65;0;;;;;;;;;;;;;;;;;;;;;;60609723.65;;;;;;2186013.36;;;2186013.36;643750;56075.08;;;;;;;;34000.27;733825.35
52.355.764/0001-01;2026-01-01;1;73884.55;0;0;0;73884.55;1057632.1;0;0;0;0;0;0;0;0;0;0;0;;0;0;0;0;0;0;0;0;0;;1057632.1;0;;0;0;0;765.07;0;0;765.07;0;6576.64;0;0;0;0;0;0;0;23335.23;29911.87
52.355.865/0001-74;2026-01-01;1;101762.11;0;0;0;101762.11;30838506.57;0;0;0;0;0;0;0;0;0;0;0;;0;0;0;0;0;0;0;29831189.01;0;;1007317.56;0;;0;0;0;765.07;0;0;765.07;0;6576.64;0;0;0;0;0;0;0;23336.88;29913.52
52.356.865/0001-99;2026-01-01;1;166566.57;0;0;0;166566.57;25016000;25016000;0;25016000;0;0;0;0;0;0;0;0;;0;0;0;0;0;0;0;0;0;;0;0;;0;0;0;24648.96;0;0;24648.96;0;10000;0;0;0;0;0;0;0;13511190.67;13521190.67
52.357.468/0001-31;2026-01-01;1;6881739.2;0;0;0;6881739.2;344609008.31;0;0;0;0;0;0;0;0;0;0;0;;0;0;53432722.51;0;0;0;34298999.99;0;0;;256877285.81;0;;0;0;0;553832.56;0;0;553832.56;0;333896.54;0;0;0;0;0;0;0;1494245.06;1828141.6
52.366.833/0001-74;2026-01-01;1;15165933.81;973.27;15164960.54;0;0;117485647.42;117485647.42;117485647.42;0;0;0;0;0;0;0;0;0;;0;0;0;0;0;0;0;0;0;;0;0;;0;0;0;0;0;0;0;0;27611.71;0;0;0;0;0;0;0;34956.89;62568.6
52.371.756/0001-40;2026-01-01;1;2961588.01;0;0;0;2961588.01;520963070.57;303316905.99;207934573.52;95382332.47;0;0;0;0;0;0;0;0;;0;0;217646043.07;0;121.51;0;0;0;0;;0;0;;0;0;0;157744571.91;0;0;157744571.91;53437.98;41150.79;0;1086880.47;0;0;0;0;0;209085752.93;210267222.17
52.446.271/0001-79;2026-01-01;1;1050.57;0;0;0;1050.57;8692397.94;0;0;0;0;0;0;0;0;0;0;0;;0;0;0;0;0;0;8692397.94;0;0;;0;0;;0;0;0;69686.55;0;0;69686.55;0;73820.18;0;0;0;0;0;0;0;175395.3;249215.48
52.521.137/0001-95;2026-01-01;1;1677501.78;0;0;0;1677501.78;5700000;0;0;0;0;0;0;0;0;0;0;0;;0;0;0;0;0;0;5700000;0;0;;0;0;;0;0;0;659020.24;0;0;659020.24;0;81366.51;0;0;0;0;0;0;0;14978.6;96345.11
52.551.605/0001-74;2026-01-01;1;5125403.69;0;0;0;5125403.69;475515709.71;365347085.75;246209777.55;119137308.2;0;0;0;0;0;0;0;0;;0;0;110168623.96;0;0;0;0;0;0;;0;0;;0;0;0;48275712.38;1782759.85;7000000;39492952.53;18044.08;44243.64;0;0;0;0;0;0;0;637463.64;699751.36
52.589.406/0001-55;2026-01-01;1;102022.29;102022.29;0;0;0;107700000;107700000;0;0;0;107700000;0;0;0;0;0;0;;0;0;0;0;0;0;0;0;0;;0;0;;0;0;0;3543299.83;0;0;3543299.83;0;23523.39;0;0;0;0;0;0;0;108028397.39;108051920.78
52.609.938/0001-07;2026-01-01;1;1446.55;1446.55;0;0;0;24041890.86;23700000;0;23700000;0;0;0;0;0;0;0;0;;0;0;0;0;341890.86;0;0;0;0;;0;0;;0;0;0;197083.73;167765.32;0;29318.41;0;15197.01;0;0;0;0;26029198.24;0;0;2996.59;26047391.84
52.610.191/0001-07;2026-01-01;1;9898.53;9898.53;0;0;0;170826898.64;166900000;0;166900000;0;0;0;0;0;0;0;0;;0;0;0;0;3926898.64;0;0;0;0;;0;0;;0;0;0;2024983;1871772.82;0;153210.18;186998.46;15197.01;0;0;0;0;128371747.52;0;0;2996.59;128576939.58
52.610.289/0001-64;2026-01-01;1;2702.64;2702.64;0;0;0;60410265.21;60100000;0;60100000;0;0;0;0;0;0;0;0;;0;0;0;0;310265.21;0;0;0;0;;0;0;;0;0;0;398707.31;357946.24;0;40761.07;0;15197.01;0;0;0;0;34064645.76;0;0;2996.59;34082839.36
52.635.194/0001-03;2026-01-01;2;499535.28;28885.09;470650.19;0;0;52129279.58;52129279.58;12220279.58;0;0;0;0;39909000;0;0;0;0;;0;0;0;0;0;0;0;0;0;;0;0;;0;0;0;19299.35;0;0;19299.35;0;27388.04;0;2614042.56;0;0;0;0;0;66543.42;2707974.02
52.649.350/0001-87;2026-01-01;1;2001370.75;1000;0;0;2000370.75;8698098.19;0;0;0;0;0;0;0;0;0;0;0;;0;0;0;0;0;0;0;0;0;;8698098.19;0;;0;0;0;33679.54;0;0;33679.54;115937.85;4257.46;0;0;0;0;0;0;0;7639.28;127834.59
52.649.680/0001-72;2026-01-01;1;563991.59;1000;0;0;562991.59;37312137.59;0;0;0;0;0;0;0;0;0;0;0;;0;0;28253776.59;0;0;0;0;0;0;;9058361;0;;0;0;0;223189.45;0;0;223189.45;287964.52;12000;0;0;0;0;0;0;0;68175.47;368139.99
52.713.882/0001-36;2026-01-01;1;1348525.82;0;1348525.82;0;0;62040672.97;62040672.97;0;62040672.97;0;0;0;0;0;0;0;0;;0;0;0;0;0;0;0;0;0;;0;0;;0;0;0;1160707.91;776566.7;0;384141.21;0;62123.65;0;0;0;0;0;0;0;25809.84;87933.49
52.714.934/0001-99;2026-01-01;1;3740415;0;0;0;3740415;76029931.14;0;0;0;0;0;0;0;9395.1;0;0;0;;0;0;20536.04;0;0;0;76000000;0;0;;0;0;;0;0;0;43005.69;0;0;43005.69;0;143205.26;0;0;0;0;0;0;0;11036825.95;11180031.21
52.889.976/0001-60;2026-01-01;1;2027.4;0;0;0;2027.4;0;0;0;0;0;0;0;0;0;0;0;0;;0;0;0;0;0;0;0;0;0;;0;0;;0;0;0;68242951.6;0;0;68242951.6;0;15000;0;0;0;0;0;0;0;203160.83;218160.83
52.889.976/0001-60;2026-02-01;1;9227710.98;70068.8;0;0;9157642.18;0;0;0;0;0;0;0;0;0;0;0;0;;0;0;0;0;0;0;0;0;0;;0;0;;0;0;0;25000;0;0;25000;0;15000;0;0;0;0;0;0;0;17261.98;32261.98
52.890.292/0001-89;2026-01-01;1;429003.36;1000;0;0;428003.36;47390000;47390000;0;47390000;0;0;0;0;0;0;0;0;;0;0;0;0;0;0;0;0;0;;0;0;;0;0;0;375177.14;375070.18;0;106.96;0;15000;0;0;0;0;0;0;0;1945.04;16945.04
52.904.581/0001-90;2026-01-01;1;111544.02;95.53;0;0;111448.49;14304016.58;14304016.58;0;0;0;14304016.58;0;0;0;0;0;0;;0;0;0;0;0;0;0;0;0;;0;0;;0;0;0;0;0;0;0;0;34495.22;0;0;0;0;0;0;0;10.49;34505.71
52.904.581/0001-90;2026-02-01;1;56491.29;50.4;0;0;56440.89;14304016.58;14304016.58;0;0;0;14304016.58;0;0;0;0;0;0;;0;0;0;0;0;0;0;0;0;;0;0;;0;0;0;0;0;0;0;0;34495.22;0;0;0;0;0;0;0;0;34495.22
52.966.340/0001-75;2026-01-01;1;18432864.27;846.06;0;0;18432018.21;99911178.84;0;0;0;0;0;0;0;0;0;0;0;;0;0;91339178.82;0;0;0;0;8572000.02;0;;0;0;;0;0;0;87219.95;0;0;87219.95;0;14789.56;55736.72;0;0;0;0;0;0;17522627.8;17593154.08
53.018.363/0001-10;2026-01-01;1;0;0;0;0;0;0;0;0;0;0;0;0;0;0;0;0;0;;0;0;0;0;0;0;0;0;0;;0;0;;0;0;0;0;0;0;0;0;0;0;0;0;0;0;0;0;0;0
53.018.363/0001-10;2026-02-01;1;0;0;0;0;0;0;0;0;0;0;0;0;0;0;0;0;0;;0;0;0;0;0;0;0;0;0;;0;0;;0;0;0;0;0;0;0;0;0;0;0;0;0;0;0;0;0;0
53.072.782/0001-30;2026-01-01;1;8066938.09;2000;;;8064938.09;103487798.16;53290508.07;;;53290508.07;;;;;;;;;;;;;;;;50197290.09;;;;;;;;;0;;;;;21054.12;;;;;;;;760692.89;781747.01
53.076.137/0001-96;2026-01-01;1;2718335.31;1000;2717335.31;0;0;39857633.29;0;0;0;0;0;0;0;0;0;0;0;;0;0;0;0;0;0;0;0;0;;39857633.29;0;;0;0;0;66.5;0;0;66.5;0;37901.13;0;0;0;0;0;0;0;5459.72;43360.85
53.076.143/0001-43;2026-01-01;1;590742.54;998.33;0;0;589744.21;12915796.74;0;0;0;0;0;0;0;0;0;0;0;;0;0;0;0;0;0;12915796.74;0;0;;0;0;;0;0;0;20.19;0;0;20.19;0;32000;0;0;0;0;0;0;0;3001.67;35001.67
53.076.746/0001-45;2026-01-01;1;10761360.78;364510.74;10396850.04;0;0;79442583.99;79442583.99;79442583.99;0;0;0;0;0;0;0;0;0;;0;0;0;0;0;0;0;0;0;;0;0;;0;0;0;6267242.54;230616.75;0;6036625.79;0;28612.53;0;0;0;0;0;0;0;210285.43;238897.96
53.087.126/0001-01;2026-01-01;1;402752.33;0;0;0;402752.33;70502110.39;0;0;0;0;0;0;0;0;0;0;0;;0;0;70502110.39;0;0;0;0;0;0;;0;0;;0;0;0;0;0;0;0;0;15000;0;0;0;0;0;0;0;201640.41;216640.41
53.095.823/0001-04;2026-01-01;1;1023840.32;0;0;0;1023840.32;28704014.25;554565.67;0;554565.67;0;0;0;0;0;0;0;0;;0;0;0;0;0;0;0;0;0;;28149448.58;0;;0;0;0;3124.86;0;0;3124.86;0;42578.24;201127.24;0;0;0;0;0;0;49587.89;293293.37
53.123.631/0001-64;2026-01-01;1;729053.61;729053.61;0;0;0;11765817;11765817;0;11765817;0;0;0;0;0;0;0;0;;0;0;0;0;0;0;0;0;0;;0;0;;0;0;0;672243.25;0;0;672243.25;0;64000;0;4600000;0;0;0;0;0;80000;4744000
53.127.942/0001-00;2026-01-01;2;57951.39;57951.39;0;0;0;73042019.17;72762019.17;0;0;72762019.17;0;0;0;0;0;0;0;;0;0;280000;0;0;0;0;0;0;;0;0;;0;0;0;3999.26;0;0;3999.26;0;70000;0;0;0;0;0;0;0;606273.26;676273.26
53.137.434/0001-02;2026-01-01;1;222846.71;1505.63;221341.08;0;0;75097423.08;0;0;0;0;0;0;0;0;0;0;0;;0;0;0;0;0;0;75097423.08;0;0;;0;0;;0;0;0;4404348.45;0;0;4404348.45;0;15000;0;0;0;0;0;0;0;86249.37;101249.37
53.178.634/0001-03;2026-01-01;1;1699043.57;0;0;0;1699043.57;7387970.94;7387970.94;0;0;0;7387970.94;0;0;0;0;0;0;;0;0;0;0;0;0;0;0;0;;0;0;;0;0;0;0;0;0;0;0;15000;0;0;0;0;0;0;0;18989.29;33989.29
53.179.110/0001-29;2026-01-01;1;1748677.99;2314.45;1746360.77;0;2.77;0;0;0;0;0;0;0;0;0;0;0;0;;0;0;0;0;0;0;0;0;0;;0;0;;0;0;0;26653957.68;0;0;26653957.68;0;24000;0;0;0;0;0;0;0;2404616.24;2428616.24
53.190.891/0001-52;2026-01-01;1;51329.09;50150.76;0;0;1178.33;474.26;0;0;0;0;0;0;0;0;0;0;0;;0;0;474.26;0;0;0;0;0;0;;0;0;;0;0;0;47844332.29;0;40094332.29;7750000;0;15340.91;0;0;0;0;0;0;0;1015343.88;1030684.79
53.191.611/0001-20;2026-01-01;1;11128770.14;10222.64;0;0;11118547.5;66591562.25;66591562.25;0;0;0;66373865.41;0;217696.84;0;0;0;0;;0;0;0;0;0;0;0;0;0;;0;0;;0;0;0;38059917.86;784687.88;0;37275229.98;0;88489.49;0;0;0;0;0;0;0;48138.6;136628.09
53.193.237/0001-00;2026-01-01;1;13645831.87;0;0;0;13645831.87;84578218.3;0;0;0;0;0;0;0;0;0;0;0;;0;0;60201.92;0;0;0;0;0;0;;84518016.38;0;;0;0;0;5647;0;0;5647;0;86813.04;0;0;0;0;0;0;0;9287746.45;9374559.49
53.211.851/0001-40;2026-01-01;1;1631.24;1631.24;0;0;0;142084659.59;0;0;0;0;0;0;0;0;0;0;0;;0;0;142084659.59;0;0;0;0;0;0;;0;0;;0;0;0;33043.46;0;0;33043.46;0;21418;0;0;0;0;0;0;0;55726;77144
53.249.951/0001-65;2026-01-01;1;180097.56;300;0;0;179797.56;28273329.68;0;0;0;0;0;0;0;0;0;0;0;;0;0;28273329.68;0;0;0;0;0;0;;0;0;;0;0;0;0;0;0;0;0;1000;0;0;0;0;0;0;0;2000;3000
53.250.967/0001-98;2026-01-01;1;981804.97;216.17;0;0;981588.8;34768638.75;34768638.75;0;34768638.75;0;0;0;0;0;0;0;0;;0;0;0;0;0;0;0;0;0;;0;0;;0;0;0;126.45;0;0;126.45;800000;12000;0;0;0;0;0;0;0;783.8;812783.8
53.251.006/0001-06;2026-01-01;1;5644814.32;1000;5643814.32;0;0;147715565.66;135837299.34;0;135837299.34;0;0;0;0;0;0;0;0;;0;0;0;0;0;0;0;0;0;;0;0;;11878266.32;0;0;15247.89;15000;0;247.89;0;0;0;0;0;0;0;0;0;3488527.08;3488527.08
53.251.715/0001-83;2026-01-01;1;152241.02;7300;0;0;144941.02;28273329.68;0;0;0;0;0;0;0;0;0;0;0;;0;0;28273329.68;0;0;0;0;0;0;;0;0;;0;0;0;3000;0;0;3000;0;1000;0;0;0;0;0;0;0;2000;3000
53.251.882/0001-24;2026-01-01;1;881.87;316.26;0;0;565.61;28273329.68;0;0;0;0;0;0;0;0;0;0;0;;0;0;28273329.68;0;0;0;0;0;0;;0;0;;0;0;0;260.01;0;0;260.01;0;2000;0;0;0;0;0;0;0;15000;17000
53.260.548/0001-37;2026-01-01;1;1023983.6;100;;;1023883.6;35485774.48;0;;;;;;;;;;;;;;;;;;;;;;35485774.48;;;;;;1480754.76;;;1480754.76;412305.39;31732.2;;;;;;;;14559.58;458597.17
53.275.496/0001-72;2026-01-01;1;0;0;0;0;0;14413796.62;0;0;0;0;0;0;0;0;0;0;0;;0;0;0;0;0;0;14413796.62;0;0;;0;0;;0;0;0;0;0;0;0;0;11523.46;0;0;0;0;0;0;0;11000;22523.46
53.275.496/0001-72;2026-02-01;1;0.4;0.4;0;0;0;15403126.07;0;0;0;0;0;0;0;0;0;0;0;;0;0;0;0;0;0;15403126.07;0;0;;0;0;;0;0;0;0;0;0;0;0;10455.99;0;0;0;0;0;0;0;12067.47;22523.46
53.294.563/0001-04;2026-01-01;2;702868.72;1000;0;0;701868.72;7320000;7320000;0;7320000;0;0;0;0;0;0;0;0;;0;0;0;0;0;0;0;0;0;;0;0;;0;0;0;37.13;0;0;37.13;0;25559.7;0;0;0;0;0;0;0;2832.07;28391.77
53.305.536/0001-81;2026-01-01;1;12510230.73;1000;0;0;12509230.73;37648772.28;0;0;0;0;0;0;0;0;0;0;0;;0;0;1079288.03;0;0;0;0;0;0;;36569484.25;0;;0;0;0;106.96;0;0;106.96;594128.66;8418.4;0;0;0;0;0;0;0;132885.33;735432.39
53.309.565/0001-11;2026-01-01;2;2616122.47;0;2616122.47;0;0;319884479.75;319884479.75;0;319884479.75;0;0;0;0;0;0;0;0;;0;0;0;0;0;0;0;0;0;;0;0;;0;0;0;1930363.07;1917533.87;0;12829.2;0;40129.49;0;0;0;0;0;0;0;74692.49;114821.98
53.317.751/0001-00;2026-01-01;1;5448.71;5448.71;0;0;0;1723460.95;0;0;0;0;0;0;0;0;0;0;0;;0;0;0;0;0;0;1723460.95;0;0;;0;0;;0;0;0;65;0;0;65;0;12584.76;0;0;0;0;0;0;0;60036.62;72621.38
53.322.347/0001-17;2026-01-01;1;0;0;0;0;0;122283244.69;0;0;0;0;0;0;0;0;0;0;0;;0;0;122283244.69;0;0;0;0;0;0;;0;0;;0;0;0;841.71;0;0;841.71;0;11000;0;0;0;0;0;0;0;117204.65;128204.65
53.372.824/0001-59;2026-01-01;1;17003018.35;33892.22;0;0;16969126.13;303164861.21;303164861.21;0;303164861.21;0;0;0;0;0;0;0;0;;0;0;0;0;0;0;0;0;0;;0;0;;0;0;0;6985674.62;2467940.37;0;4517734.25;0;26500;0;0;0;0;0;0;0;73430366.79;73456866.79
53.391.567/0001-00;2026-01-01;2;33416555.03;0;0;0;33416555.03;174670253.6;0;0;0;0;0;0;0;0;0;0;0;;0;0;110772955.75;0;0;0;63897297.85;0;0;;0;0;;0;0;0;4315204.69;0;174748.68;4140456.01;0;281120.81;0;0;0;0;0;0;0;158675.23;439796.04
53.391.653/0001-05;2026-01-01;1;10584602.61;0;9727527.48;0;857075.13;224540000;224540000;0;224540000;0;0;0;0;0;0;0;0;;0;0;0;0;0;0;0;0;0;;0;0;;0;0;0;211938.25;0;0;211938.25;0;111198.68;0;30506630.18;0;0;0;0;0;31773.13;30649601.99
53.463.715/0001-47;2026-01-01;1;449405.47;0;0;0;449405.47;141437700.86;0;0;0;0;0;0;0;0;0;0;0;;0;0;0;0;0;0;141437700.86;0;0;;0;0;;0;0;0;0;0;0;0;0;27405.45;0;0;0;0;0;0;0;81144.42;108549.87
53.466.467/0001-98;2026-01-01;1;2708622.07;2000;;;2706622.07;246095052.94;56004452.94;;56004452.94;;;;;;;;;;;;190090600;;;;;;;;;;;;;;349552.5;346064.05;;3488.45;1890849.74;124004.82;;;;;;;;1256555.88;3271410.44
53.471.254/0001-54;2026-01-01;1;140489.24;1000;0;0;139489.24;0.01;0;0;0;0;0;0;0;0;0;0;0;;0;0;0;0;0;0;0.01;0;0;;0;0;;0;0;0;50.11;0;0;50.11;0;9000;0;0;0;0;0;0;0;135662996.55;135671996.55
53.507.204/0001-80;2026-01-01;1;560145.45;352.57;0;0;559792.88;0;0;0;0;0;0;0;0;0;0;0;0;;0;0;0;0;0;0;0;0;0;;0;0;;0;0;0;765.07;0;0;765.07;0;12009.04;0;0;0;0;0;0;0;31367.37;43376.41
53.523.736/0001-00;2026-01-01;1;1414926.16;1100;;;1413826.16;48380983.74;0;;;;;;;;;;;;;;47297383.74;;;;1083600;;;;;;;;;;0;;;;500000;31091.66;;;;;;;;201525.04;732616.7
53.645.729/0001-81;2026-01-01;1;5278020.37;2042101.89;0;0;3235918.48;30831723.2;30831723.2;0;0;0;30831723.2;0;0;0;0;0;0;;0;0;0;0;0;0;0;0;0;;0;0;;0;0;0;6519;0;0;6519;97872.63;15000;0;0;0;0;0;0;0;7735190.28;7848062.91
53.654.501/0001-58;2026-01-01;1;1194101.43;15558.41;1178543.02;;;241116355.33;130355527.13;;130355527.13;;;;;;;;;;;;;;;;;110760828.2;;;;;;;;;27797.65;;;27797.65;;249908.85;;;;;;;;2361686.04;2611594.89
53.656.482/0001-07;2026-01-01;1;13997808.57;-5006463.21;0;72288.18;18931983.6;485760449.47;261775313.95;0;168775313.95;0;0;93000000;0;0;0;0;0;;0;0;67841982.28;0;0;0;136027180.37;0;0;;20115972.87;0;;0;0;0;7446.68;0;0;7446.68;3385102.93;326686.98;0;0;0;0;0;0;0;189536722.33;193248512.24
53.724.231/0001-04;2026-01-01;2;21598719.46;0;0;0;21598719.46;407771408;0;0;0;0;0;0;0;0;0;0;0;;0;0;0;0;0;0;407771408;0;0;;0;0;;0;0;0;1296769.92;0;0;1296769.92;0;538018.48;36944074.57;0;0;0;0;0;0;63746.32;37545839.37
53.730.029/0001-95;2026-01-01;1;1363433.74;29348;1332783.65;0;1302.09;105188851.3;0;0;0;0;0;0;0;0;0;0;0;;0;0;0;0;0;0;0;105188851.3;0;;0;0;;0;0;0;5065.79;0;0;5065.79;1018900;96853.84;0;0;0;0;0;0;0;45684.75;1161438.59
53.764.894/0001-52;2026-01-01;1;650226.3;0;0;0;650226.3;16764672.39;0;0;0;0;0;0;0;0;1007534.88;0;0;;0;0;3060000;0;0;0;0;0;0;;12697137.51;0;;0;0;0;45.55;0;0;45.55;105898.88;18000;14860.84;0;0;0;0;0;0;35937.81;174697.53
53.866.393/0001-87;2026-01-01;1;185978.25;100;;;185878.25;175671130;0;;;;;;;;;;;;;;;;;;175671130;;;;;;;;;;0;;;;;84225.33;;;;;;;;79573922.03;79658147.36
53.866.872/0001-01;2026-01-01;1;-10600.08;0;0;0;-10600.08;46313933.59;0;0;0;0;0;0;0;0;0;0;0;;0;0;46313933.59;0;0;0;0;0;0;;0;0;;0;0;0;419.57;0;0;419.57;0;50452.7;0;0;0;0;0;0;0;27894.92;78347.62
54.010.546/0001-52;2026-01-01;1;3955663.39;699.99;0;0;3954963.4;137602790.85;137602790.85;0;137602790.85;0;0;0;0;0;0;0;0;;0;0;0;0;0;0;0;0;0;;0;0;;0;0;0;28955306.14;0;0;28955306.14;1721956.67;12000;0;0;0;0;0;0;0;35835138.48;37569095.15
54.045.925/0001-88;2026-01-01;1;77492.35;226.51;0;0;77265.84;15500474.26;15500000;0;15500000;0;0;0;0;0;0;0;0;;0;0;474.26;0;0;0;0;0;0;;0;0;;0;0;0;0;0;0;0;0;58200;0;0;0;0;0;0;0;3915995.09;3974195.09
54.064.962/0001-33;2026-01-01;1;2385.51;2385.51;0;0;0;31853330.57;31853330.57;0;31853330.57;0;0;0;0;0;0;0;0;;0;0;0;0;0;0;0;0;0;;0;0;;0;0;0;0;0;0;0;0;64000;0;0;0;0;0;0;0;82700;146700
54.088.529/0001-38;2026-01-01;1;1173494.06;982.1;0;961639.06;210872.9;96916505;96916500;0;96916500;0;0;0;0;0;0;0;0;;0;0;0;0;0;0;0;0;0;;0;0;;0;0;5;4929048.85;4929048.85;0;0;33059.03;16812.61;0;0;0;0;87467733.27;0;0;19076.04;87536680.95
54.089.614/0001-10;2026-01-01;1;129439.03;1000;0;0;128439.03;67815950.32;67240000;0;67240000;0;0;0;0;0;0;0;0;;0;0;0;0;0;0;0;0;0;;575950.32;0;;0;0;0;821617.47;433823.27;0;387794.2;237256.5;8000;0;0;0;0;19972853.21;0;0;13250.19;20231359.9
54.089.708/0001-90;2026-01-01;1;5960884.02;130;;;5960754.02;14110258.53;14110258.53;;14110258.53;;;;;;;;;;;;;;;;;;;;;;;;;;4269298.25;;;4269298.25;;274104.75;;;;;;;;2389.04;276493.79
54.134.474/0001-55;2026-01-01;1;2017829.79;0;0;0;2017829.79;12046.53;0;0;0;0;0;0;0;0;0;0;0;;0;0;12046.53;0;0;0;0;0;0;;0;0;;0;0;0;144014291.95;852057.71;0;143162234.24;0;28002.12;0;0;0;0;0;0;0;117312;145314.12
54.174.907/0001-04;2026-01-01;1;364057.12;39226.17;0;0;324830.95;14354461.27;0;0;0;0;0;0;0;0;0;0;0;;0;0;0;0;0;0;12934978.5;0;0;;1419482.77;0;;0;0;0;0;0;0;0;0;9000;0;0;0;0;0;0;0;42226.17;51226.17
54.250.318/0001-50;2026-01-01;1;3751964.35;1709.65;79319.49;0;3670935.21;39454861.28;0;0;0;0;0;0;0;0;0;0;0;;0;0;0;0;0;0;39454861.28;0;0;;0;0;;0;0;0;183600;0;0;183600;0;15797.95;0;0;0;0;0;0;0;24144.17;39942.12
54.250.610/0001-72;2026-01-01;1;14926894.19;1348.53;117254.9;0;14808290.76;41326337.55;29291476.55;1588128.29;0;0;27703348.26;0;0;0;0;0;0;;0;0;0;0;0;0;12034861;0;0;;0;0;;0;0;0;0;0;0;0;0;15797.95;0;0;0;0;0;0;0;23216.58;39014.53
54.275.309/0001-13;2026-01-01;1;4583.91;4583.91;0;0;0;12770270.26;12770270.26;0;12770270.26;0;0;0;0;0;0;0;0;;0;0;0;0;0;0;0;0;0;;0;0;;0;0;0;0;0;0;0;0;111000;0;0;0;0;0;0;0;105500;216500
54.306.150/0001-57;2026-01-01;1;3427683.82;1000;0;0;3426683.82;10496939.92;0;0;0;0;0;0;0;0;0;0;0;;0;0;10496939.92;0;0;0;0;0;0;;0;0;;0;0;0;50.11;0;0;50.11;65491.44;8873.15;0;0;0;0;0;0;0;28765.27;103129.86
54.375.187/0001-37;2026-01-01;1;60714804.19;390039.64;52192445.27;0;8132319.28;1679306841.08;1679306841.08;0;1679306841.08;0;0;0;0;0;0;0;0;;0;0;0;0;0;0;0;0;0;;0;0;;0;0;0;74187504.67;0;67187504.67;7000000;8425284.49;481169.47;0;420443363.82;0;0;417529851.95;0;0;51157.66;846930827.39
54.386.365/0001-25;2026-01-01;1;274412;807.36;273604.64;0;0;183499994.07;183499994.07;0;183499994.07;0;0;0;0;0;0;0;0;;0;0;0;0;0;0;0;0;0;;0;0;;0;0;0;2180272.42;2180272.42;0;0;0;27710.2;0;0;0;0;0;0;0;852916.34;880626.54
54.417.489/0001-20;2026-01-01;3;115858.06;68153.42;0;0;47704.64;114945484.77;114945484.77;0;114945484.77;0;0;0;0;0;0;0;0;;0;0;0;0;0;0;0;0;0;;0;0;;0;0;0;0;0;0;0;0;12000;0;0;0;0;0;0;0;3110272.73;3122272.73
54.419.040/0001-00;2026-01-01;1;12764.49;206.81;0;0;12557.68;14797080.42;14797080.42;0;14797080.42;0;0;0;0;0;0;0;0;;0;0;0;0;0;0;0;0;0;;0;0;;0;0;0;0;0;0;0;0;116.77;0;6377052.74;0;0;0;0;0;60.33;6377229.84
54.419.040/0001-00;2026-02-01;1;59184.52;9472.54;0;0;49711.98;16973307.52;16973307.52;0;16973307.52;0;0;0;0;0;0;0;0;;0;0;0;0;0;0;0;0;0;;0;0;;0;0;0;0;0;0;0;0;122.33;0;8102052.74;0;0;0;0;0;63.2;8102238.27
54.422.883/0001-57;2026-01-01;1;444309.41;731;0;0;443578.41;182768255.85;182768255.85;0;182768255.85;0;0;0;0;0;0;0;0;;0;0;0;0;0;0;0;0;0;;0;0;;0;0;0;188.27;0;0;188.27;0;875793.29;0;0;0;0;0;0;0;8620531.35;9496324.64
54.483.412/0001-59;2026-01-01;1;2769576.28;981.87;342846.97;0;2425747.44;239954782.67;235800000;0;235800000;0;0;0;0;0;0;0;0;;0;0;0;0;0;0;0;0;0;;2080838.47;0;;2073944.2;0;0;188.27;0;0;188.27;1603732.84;122886.73;0;0;0;0;0;0;0;4992594.66;6719214.23
54.485.027/0001-40;2026-01-01;1;150369.31;1794.69;148574.62;0;0;59469496.8;42783795.76;0;42783795.76;0;0;0;0;0;0;0;0;;0;0;16685701.04;0;0;0;0;0;0;;0;0;;0;0;0;48250;48250;0;0;0;14526.5;0;9696686.11;0;0;0;0;0;23994.69;9735207.3
54.500.419/0001-31;2026-01-01;1;27.9;27.9;0;;0;7639157.06;7639157.06;0;0;0;7639157.06;0;;0;;;;;;;;;;;;;0;;;;;;;;600;;0;600;0;363800;0;6043681.96;0;0;0;0;0;218289.18;6625771.14
54.505.336/0001-35;2026-01-01;1;2613396.05;0;0;0;2613396.05;29700000;29700000;29700000;0;0;0;0;0;0;0;0;0;;0;0;0;0;0;0;0;0;0;;0;0;;0;0;0;0;0;0;0;0;21049.25;0;0;0;0;0;0;0;10709.49;31758.74
54.505.439/0001-03;2026-01-01;1;377357.86;0.27;0;0;377357.59;56099717.7;0;0;0;0;0;0;0;0;0;0;0;;0;0;0;0;0;0;0;0;0;;56099717.7;0;;0;0;0;0;0;0;0;0;12000;0;0;0;0;0;0;0;384729.29;396729.29
54.557.596/0001-54;2026-01-01;2;1291462.27;0;0;0;1291462.27;130234826.14;130234826.14;0;130234826.14;0;0;0;0;0;0;0;0;;0;0;0;0;0;0;0;0;0;;0;0;;0;0;0;1397998.04;813027.34;0;584970.7;0;16275.63;0;36249033.81;0;0;29240822.91;0;0;591793.22;66097925.57
54.564.113/0001-49;2026-01-01;1;6917807.71;66571.24;6851236.47;0;0;68760021.4;0;0;0;0;0;0;0;0;0;0;0;;0;0;0;0;0;0;68760021.4;0;0;;0;0;;0;0;0;680066.5;0;0;680066.5;0;349177.91;0;0;0;0;0;0;0;50619632.66;50968810.57
54.620.584/0001-27;2026-01-01;2;96373.7;47201.06;0;0;49172.64;8129284.28;0;0;0;0;0;0;0;0;0;0;0;;0;0;8129284.28;0;0;0;0;0;0;;0;0;;0;0;0;0;0;0;0;0;7500;0;0;0;0;0;0;0;87415.91;94915.91
54.635.245/0001-14;2026-01-01;1;4772204.7;1000;0;0;4771204.7;59427326.28;0;0;0;0;0;0;0;0;0;0;0;;0;0;0;0;0;0;0;0;0;;59427326.28;0;;0;0;0;70321068.29;0;0;70321068.29;0;135585.78;0;0;0;0;0;0;0;74240.97;209826.75
54.635.301/0001-10;2026-01-01;1;1774438.95;1000;1610463.26;0;162975.69;41964302.45;0;0;0;0;0;0;0;0;0;0;0;;0;0;6549071.39;0;0;0;30030000;0;0;;5385231.06;0;;0;0;0;1885407.07;0;0;1885407.07;0;78477.64;0;0;0;0;0;0;0;13076069.91;13154547.55
54.645.216/0001-33;2026-01-01;1;13194055.15;0;0;0;13194055.15;314381630.82;177803183.38;0;0;0;177803183.38;0;0;0;0;0;0;;0;0;0;0;0;0;127200000;0;0;;9378447.44;0;;0;0;0;5021.85;0;0;5021.85;0;328183.84;719991.29;10049749.19;0;0;0;0;0;12605604.47;23703528.79
54.660.460/0001-75;2026-01-01;1;149591.21;1016.59;148574.62;0;0;80204982.7;0;0;0;0;0;0;0;0;0;0;0;;0;0;0;0;0;0;0;0;0;;80204982.7;0;;0;0;0;0;0;0;0;0;0;25180.98;0;0;0;0;0;0;91823.85;117004.83
54.675.539/0001-70;2026-01-01;1;2789164.7;2737.79;0;0;2786426.91;204120474.26;204120000;0;204120000;0;0;0;0;0;0;0;0;;0;0;474.26;0;0;0;0;0;0;;0;0;;0;0;0;0;0;0;0;0;6250;0;0;0;0;0;0;0;145135670.98;145141920.98
54.675.539/0001-70;2026-02-01;1;2810114.62;44410.35;0;0;2765704.27;204120468.18;204120000;0;204120000;0;0;0;0;0;0;0;0;;0;0;468.18;0;0;0;0;0;0;;0;0;;0;0;0;0;0;0;0;0;6249.99;0;0;0;0;0;0;0;145979063.93;145985313.92
54.698.848/0001-65;2026-01-01;1;22107687.66;0;0;0;22107687.66;36921838.22;0;0;0;0;0;0;0;0;0;0;0;;0;0;0;0;0;0;0;0;0;;36921838.22;0;;0;0;0;0;0;0;0;0;20000;0;0;0;0;0;0;0;135089.72;155089.72
54.866.214/0001-74;2026-01-01;1;4715507.92;10000;4705507.92;0;0;207384224.79;0;0;0;0;0;0;0;0;0;0;0;;0;0;29370796.12;0;0;0;0;0;0;;178013428.67;0;;0;0;0;28845.21;0;0;28845.21;2103024.5;175211.83;0;0;0;0;0;0;0;7128.44;2285364.77
54.869.435/0001-04;2026-01-01;1;-17518.44;0;0;0;-17518.44;69719604.74;0;0;0;0;0;0;0;0;0;0;0;;0;0;6945660.6;0;0;0;0;0;0;;61591328.21;0;;1182615.93;0;0;6084.71;0;0;6084.71;0;77950;0;0;0;0;0;0;0;2593.07;80543.07
55.034.258/0001-09;2026-01-01;1;519727.02;1000;0;0;518727.02;29830178.42;29830178.42;3115000;26715178.42;0;0;0;0;0;0;0;0;;0;0;0;0;0;0;0;0;0;;0;0;;0;0;0;381612.42;215699;0;165913.42;0;10000;0;0;0;0;15307460.37;0;0;79417.86;15396878.23
55.074.554/0001-25;2026-01-01;1;1057091.35;0;0;0;1057091.35;28366738.24;0;0;0;0;0;0;0;0;0;0;0;;0;0;28366738.24;0;0;0;0;0;0;;0;0;;0;0;0;27321.1;0;0;27321.1;0;310322.57;0;0;0;0;0;0;0;26052.02;336374.59
55.089.373/0001-72;2026-01-01;1;875804.03;0;0;0;875804.03;11603721.16;11603721.16;6700807.76;0;0;4902913.4;0;0;0;0;0;0;;0;0;0;0;0;0;0;0;0;;0;0;;0;0;0;3081475.67;0;3081475.67;0;0;18985.9;0;0;0;0;0;0;0;52469.38;71455.28
55.115.058/0001-72;2026-01-01;1;417820.26;-0.01;0;0;417820.27;4672393.41;0;0;0;0;0;0;0;0;0;0;0;;0;0;1384458.41;0;0;0;3287935;0;0;;0;0;;0;0;0;56671.54;0;0;56671.54;0;20000;0;0;0;0;0;0;0;29718.48;49718.48
55.154.961/0001-42;2026-01-01;1;298343.65;0;0;0;298343.65;0;0;0;0;0;0;0;0;0;0;0;0;;0;0;0;0;0;0;0;0;0;;0;0;;0;0;0;7850821.46;4187636.75;0;3663184.71;0;1999.99;0;0;0;0;0;0;0;348896.14;350896.13
55.177.440/0001-00;2026-01-01;1;518641.88;468305.13;50336.75;0;0;131850442.8;131850442.8;0;131850442.8;0;0;0;0;0;0;0;0;;0;0;0;0;0;0;0;0;0;;0;0;;0;0;0;681906.88;681906.88;0;0;0;32873.3;0;0;0;0;0;0;0;4311.22;37184.52
55.293.694/0001-94;2026-01-01;1;1178016.74;43414.81;1134601.93;0;0;7123700;0;0;0;0;0;0;0;0;0;0;0;;0;0;0;0;0;0;7123700;0;0;;0;0;;0;0;0;0;0;0;0;0;6000;0;0;0;0;0;0;0;9000;15000
55.296.764/0001-68;2026-01-01;1;3439248.24;0;0;0;3439248.24;155266763.19;0;0;0;0;0;0;0;0;0;0;0;;0;0;0;0;0;0;0;0;0;;152297798.78;0;;2968964.41;0;0;22091.54;0;0;22091.54;0;16770.39;0;0;0;0;0;560510.76;0;231680.71;808961.86
55.302.190/0001-93;2026-01-01;1;3259661.96;0;0;0;3259661.96;84175000.06;0;0;0;0;0;0;0;0;0;0;0;;0;0;0;0;0;0;84175000.06;0;0;;0;0;;0;0;0;0;0;0;0;0;12885.72;0;0;0;0;0;0;0;139186.68;152072.4
55.314.110/0001-10;2026-01-01;1;11362968.15;0;0;0;11362968.15;8336.32;0;0;0;0;0;0;0;0;0;0;0;;0;0;8336.32;0;0;0;0;0;0;;0;0;;0;0;0;57376209.6;0;0;57376209.6;0;20877.32;0;0;0;0;0;0;0;71981.68;92859
55.314.271/0001-03;2026-01-01;1;349792.17;0;0;0;349792.17;58500000;58500000;0;58500000;0;0;0;0;0;0;0;0;;0;0;0;0;0;0;0;0;0;;0;0;;0;0;0;785649.85;0;0;785649.85;0;30000;0;0;0;0;33317208.67;0;0;32901.66;33380110.33
55.315.760/0001-80;2026-01-01;1;6714794.48;0;0;0;6714794.48;379486349.74;379486349.74;12951039.13;366535310.61;0;0;0;0;0;0;0;0;;0;0;0;0;0;0;0;0;0;;0;0;;0;0;0;13319332.69;7649222.11;0;5670110.58;0;39534.83;0;0;106494.97;0;0;0;623973.44;2263210.5;3033213.74
55.346.193/0001-29;2026-01-01;1;17320.62;17320.62;0;0;0;17629726.16;8843009.42;0;8843009.42;0;0;0;0;500000;0;0;0;;0;0;8286716.74;0;0;0;0;0;0;;0;0;;0;0;0;0;0;0;0;0;4000;0;0;0;0;0;0;0;11000;15000
55.431.577/0001-40;2026-01-01;1;7148394.31;0;0;0;7148394.31;33428646.09;0;0;0;0;0;0;0;0;0;0;0;;0;0;48646.09;0;0;0;33380000;0;0;;0;0;;0;0;0;48114.9;0;0;48114.9;0;25000;0;0;0;0;0;0;0;58698.91;83698.91
55.435.378/0001-00;2026-01-01;1;4238278.64;1033.26;0;0;4237245.38;21041221.24;21041221.24;0;0;21041221.24;0;0;0;0;0;0;0;;0;0;0;0;0;0;0;0;0;;0;0;;0;0;0;515434.28;0;0;515434.28;0;20000;0;0;0;0;0;0;0;152019.64;172019.64
55.435.378/0001-00;2026-02-01;1;1826512.96;1416.81;0;0;1825096.15;21041221.24;21041221.24;21041221.24;0;0;0;0;0;0;0;0;0;;0;0;0;0;0;0;0;0;0;;0;0;;0;0;0;2432212.01;0;0;2432212.01;0;20000;0;0;0;0;0;0;0;160539;180539
55.611.150/0001-23;2026-01-01;1;1877373.31;0;0;0;1877373.31;2848447.54;0;0;0;0;0;0;0;0;0;0;0;;0;0;2848447.54;0;0;0;0;0;0;;0;0;;0;0;0;4219.96;0;0;4219.96;0;47.11;0;0;0;0;0;0;0;25722.61;25769.72
55.661.358/0001-57;2026-01-01;1;19735.28;982.1;0;0;18753.18;21260747.93;0;0;0;0;0;0;0;0;0;0;0;;0;0;693977.93;0;0;0;20566770;0;0;;0;0;;0;0;0;0;0;0;0;0;15802.67;0;0;0;0;0;0;0;13007.03;28809.7
55.729.232/0001-77;2026-01-01;1;1538642.31;0;0;0;1538642.31;113200000;113200000;0;113200000;0;0;0;0;0;0;0;0;;0;0;0;0;0;0;0;0;0;;0;0;;0;0;0;147373.78;147276.54;0;97.24;691802.61;12642.16;0;45280000;0;0;0;0;0;7879.59;45992324.36
55.753.193/0001-43;2026-01-01;1;7836128.87;4665.47;7831463.4;;;169270753.69;0;;;;;;;;;;;;;;;;;;;;;;169270753.69;;;;;;27797.65;;;27797.65;1468511.22;94234.46;;;;;;;;6221980.35;7784726.03
55.768.096/0001-24;2026-01-01;1;2338707.01;38159.43;2300547.58;0;0;140238238.7;140238238.7;0;140238238.7;0;0;0;0;0;0;0;0;;0;0;0;0;0;0;0;0;0;;0;0;;0;0;0;0;0;0;0;0;23773.8;0;0;0;0;0;0;0;237611.94;261385.74
55.793.516/0001-22;2026-01-01;1;4933448.92;1845.47;4931603.45;0;0;48326898.21;48326898.21;0;701559.95;0;47625338.26;0;0;0;0;0;0;;0;0;0;0;0;0;0;0;0;;0;0;;0;0;0;903345.3;353892.07;100586.27;448866.96;0;23181.9;0;6049693.12;383600;0;0;0;0;698026.97;7154501.99
55.944.877/0001-22;2026-01-01;1;2297953.58;100.39;0;0;2297853.19;83159809.66;82830602.18;0;82830602.18;0;0;0;0;0;0;0;329207.48;;0;0;0;0;0;0;0;0;0;;0;0;;0;0;0;159601.17;0;0;159601.17;0;8000;0;0;0;0;0;0;0;46559678.52;46567678.52
55.948.693/0001-30;2026-01-01;1;313906.15;1000;0;0;312906.15;50805115.57;50804641.31;0;0;0;50804641.31;0;0;0;0;0;0;;0;0;474.26;0;0;0;0;0;0;;0;0;;0;0;0;472.75;0;0;472.75;0;25568.21;0;0;0;0;0;0;0;11950.77;37518.98
55.969.466/0001-91;2026-01-01;1;14726056.57;0;1262419.36;;13463637.21;82503000;82503000;82503000;0;0;0;0;;0;;;;;;;;;;;;;0;;;;;;;;2453.85;;0;2453.85;0;17888.28;0;5628000;0;0;0;0;0;1001000;6646888.28
55.985.251/0001-64;2026-01-01;2;66218.48;216.2;0;0;66002.28;0;0;0;0;0;0;0;0;0;0;0;0;;0;0;0;0;0;0;0;0;0;;0;0;;0;0;0;16.67;0;0;16.67;0;14192.55;0;0;0;0;0;0;0;21438.41;35630.96
55.985.307/0001-80;2026-01-01;1;15612656.89;1000;0;0;15611656.89;112410456.56;50604536.98;0;50604536.98;0;0;0;0;0;0;0;0;;0;0;11522797.84;0;0;0;0;0;0;;50283121.74;0;;0;0;0;513576.67;0;0;513576.67;1375000;109206.26;0;0;0;0;0;0;0;1554552.39;3038758.65
55.987.139/0001-62;2026-01-01;1;397811.35;0;0;0;397811.35;98803852.87;0;0;0;0;0;0;0;0;0;0;0;;0;0;0;0;0;0;98803852.87;0;0;;0;0;;0;0;0;4916.1;0;0;4916.1;0;18000;0;0;0;0;0;0;0;37692.93;55692.93
56.008.757/0001-86;2026-01-01;1;936890.03;35610.07;0;0;901279.96;12984000;0;0;0;0;0;0;0;0;0;0;0;;0;0;0;0;0;0;0;12984000;0;;0;0;;0;0;0;0;0;0;0;0;11000;0;0;0;0;0;0;0;46845.85;57845.85
56.012.069/0001-90;2026-01-01;1;4804090.71;850.69;328574.94;0;4474665.08;139664024.23;0;0;0;0;0;0;0;0;0;0;0;;0;0;0;0;0;0;0;0;0;;139664024.23;0;;0;0;0;18683865.88;0;0;18683865.88;0;16980.99;0;0;0;0;0;0;0;22063.38;39044.37
56.028.598/0001-81;2026-01-01;1;48449.28;48449.28;0;0;0;43958726.17;43450000;0;43450000;0;0;0;0;0;0;0;0;;0;0;0;0;508726.17;0;0;0;0;;0;0;;0;0;0;0;0;0;0;0;11000;0;0;0;0;0;0;0;25611164.7;25622164.7
56.053.824/0001-84;2026-01-01;1;-24253.27;0;0;0;-24253.27;245824492.01;0;0;0;0;0;0;0;0;0;0;0;;0;0;30102101.4;0;0;0;10740400;0;0;;204981990.61;0;;0;0;0;27523.25;0;0;27523.25;0;224454.67;0;0;0;0;0;0;0;77488.67;301943.34
56.061.587/0001-01;2026-01-01;1;494240.99;3576.73;490664.26;0;0;43642610.95;0;0;0;0;0;0;0;0;0;0;0;;0;0;13380954.87;0;0;0;0;0;0;;30261656.08;0;;0;0;0;277741.05;0;0;277741.05;0;12629.55;0;0;0;0;0;0;0;25464.87;38094.42
56.073.063/0001-22;2026-01-01;1;270.7;270.7;0;0;0;2930000;2930000;0;2930000;0;0;0;0;0;0;0;0;;0;0;0;0;0;0;0;0;0;;0;0;;0;0;0;0;0;0;0;0;273913.04;0;0;0;0;0;0;0;15217.39;289130.43
56.073.063/0001-22;2026-02-01;1;172.7;172.7;0;0;0;2930000;2930000;0;2930000;0;0;0;0;0;0;0;0;;0;0;0;0;0;0;0;0;0;;0;0;;0;0;0;0;0;0;0;0;292913.04;0;0;0;0;0;0;0;15217.39;308130.43
56.174.611/0001-00;2026-01-01;1;3442.71;969.7;0;0;2473.01;310000000;0;0;0;0;0;0;0;310000000;0;0;0;;0;0;0;0;0;0;0;0;0;;0;0;;0;0;0;7283660.4;0;0;7283660.4;0;82080.41;0;0;0;0;0;0;0;88434346.51;88516426.92
56.191.016/0001-83;2026-01-01;1;2660179.76;0;0;0;2660179.76;42735746.97;42735746.97;42735746.97;0;0;0;0;0;0;0;0;0;;0;0;0;0;0;0;0;0;0;;0;0;;0;0;0;0;0;0;0;0;14000;0;0;0;0;29000000;0;0;5123456.85;34137456.85
56.212.023/0001-14;2026-01-01;1;934154.71;0;934154.71;0;0;159587594.58;0;0;0;0;0;0;0;0;0;0;0;;0;0;125101401.06;0;0;0;0;0;0;;34486193.52;0;;0;0;0;2924653.92;0;0;2924653.92;0;86452.14;0;0;0;0;0;0;0;2490859.99;2577312.13
56.303.820/0001-07;2026-01-01;1;4630713.73;999.98;0;0;4629713.75;225566199.85;200700000;0;200700000;0;0;0;0;0;0;0;0;;0;0;4860000;0;0;0;0;0;0;;20006199.85;0;;0;0;0;2250023.31;0;0;2250023.31;0;8936.05;0;0;0;0;55361915.49;0;0;162836332.02;218207183.56
56.304.155/0001-76;2026-01-01;1;595704.58;1000;594704.58;0;0;35003842.5;34809351.12;0;34809351.12;0;0;0;0;0;0;0;0;;0;0;194491.38;0;0;0;0;0;0;;0;0;;0;0;0;30184.07;0;0;30184.07;698746.68;8000;0;0;0;0;0;0;0;43305.05;750051.73
56.414.379/0001-30;2026-01-01;1;2946821.71;510.8;;;2946310.91;55124217.2;55124217.2;;;;55124217.2;;;;;;;;;;;;;;;;;;;;;;;;0;;;;;12000;;;;;;;;25469069.37;25481069.37
56.430.935/0001-62;2026-01-01;1;7188117.69;100;;;7188017.69;70305959.38;0;;;;;;;;;;;;;;49108141.62;;;;729410;;;;20468407.76;;;;;;1383903.08;;;1383903.08;840051.7;70330.24;;;;;;;;134728.72;1045110.66
56.524.816/0001-79;2026-01-01;1;35245.73;1711.41;32294.26;0;1240.06;77666483.45;77666483.45;0;77666483.45;0;0;0;0;0;0;0;0;;0;0;0;0;0;0;0;0;0;;0;0;;0;0;0;0;0;0;0;0;29436.54;0;0;0;0;0;0;0;199189.42;228625.96
56.524.816/0001-79;2026-02-01;1;644485.35;651.77;642580.98;0;1252.6;77666483.45;77666483.45;0;77666483.45;0;0;0;0;0;0;0;0;;0;0;0;0;0;0;0;0;0;;0;0;;0;0;0;0;0;0;0;0;29436.54;0;0;0;0;0;0;0;200010.3;229446.84
56.805.391/0001-76;2026-01-01;1;55871028.07;0;52810715.6;0;3060312.47;699405465.76;675517556.5;0;675517556.5;0;0;0;0;0;0;0;0;;0;0;0;0;0;0;0;0;0;;0;0;;23887909.26;0;0;2451120.68;2436483.41;0;14637.27;0;293709.19;0;271585993.03;0;0;0;0;0;1043092.92;272922795.14
56.883.420/0001-18;2026-01-01;1;871305.39;2139.22;0;0;869166.17;229775.07;0;0;0;0;0;0;0;0;0;0;0;;0;0;198000;0;31775.07;0;0;0;0;;0;0;;0;0;0;771.3;0;0;771.3;0;4121.33;0;0;0;0;0;0;0;19088.6;23209.93
56.883.420/0001-18;2026-02-01;1;882355.6;15757.18;0;0;866598.42;219004.79;0;0;0;0;0;0;0;0;0;0;0;;0;0;198000;0;21004.79;0;0;0;0;;0;0;;0;0;0;587.55;0;0;587.55;1206.61;4121.33;0;0;0;0;0;0;0;17908.75;23236.69
56.978.773/0001-00;2026-01-01;1;592598.43;8082.73;0;0;584515.7;49153235.51;49153235.51;0;49153235.51;0;0;0;0;0;0;0;0;;0;0;0;0;0;0;0;0;0;;0;0;;0;0;0;14012.93;0;0;14012.93;542361.95;13141.3;0;10625774.85;0;0;0;0;0;10522.31;11191800.41
56.990.470/0001-02;2026-01-01;1;25190578.83;0;0;0;25190578.83;93897510.74;0;0;0;0;0;0;0;0;0;0;0;;0;0;10931580.82;0;0;0;0;0;0;;82965929.92;0;;0;0;0;0;0;0;0;0;119462.11;0;0;0;0;0;0;0;25019.86;144481.97
56.992.328/0001-96;2026-01-01;1;265290759.19;25297788.67;0;0;239992970.52;3474336940.97;3442496818.93;0;3442496818.93;0;0;0;0;0;0;0;0;;0;0;0;0;31840122.04;0;0;0;0;;0;0;;0;0;0;438295.79;0;0;438295.79;0;265559.05;0;259778262.12;0;0;0;0;0;2258568.5;262302389.67
57.077.139/0001-50;2026-01-01;1;2280531.48;2280531.48;0;0;0;80952400.29;80952400.29;0;66357737.23;14594663.06;0;0;0;0;0;0;0;;0;0;0;0;0;0;0;0;0;;0;0;;0;0;0;7839.79;0;0;7839.79;0;35000;0;1306159.5;0;0;0;0;0;662883.38;2004042.88
57.136.514/0001-96;2026-01-01;1;3034597.41;1567.94;0;0;3033029.47;5202502.92;0;0;0;0;0;0;0;0;0;0;0;;0;0;0;0;0;0;0;0;0;;5202502.92;0;;0;0;0;817.31;0;0;817.31;0;12000;34327.37;0;0;0;0;0;0;8835.5;55162.87
57.136.514/0001-96;2026-02-01;1;3036614.93;793.94;0;0;3035820.99;5283723.26;0;0;0;0;0;0;0;0;0;0;0;;0;0;0;0;0;0;0;0;0;;5283723.26;0;;0;0;0;697.95;0;0;697.95;0;13500;37046.62;0;0;0;0;0;0;7744.83;58291.45
57.170.846/0001-97;2026-01-01;1;8636556.58;0;0;0;8636556.58;71808313.12;0;0;0;0;0;0;0;0;0;0;0;;0;0;11607798.1;0;0;0;0;0;0;;60200515.02;0;;0;0;0;0;0;0;0;0;97332.19;0;0;0;0;0;0;0;25554.1;122886.29
57.216.258/0001-47;2026-01-01;1;9080976.25;24.65;0;0;9080951.6;448993646.06;395590646.06;0;0;0;395590646.06;0;0;0;0;0;0;;0;0;0;0;0;0;53403000;0;0;;0;0;;0;0;0;13703554.45;1167331.18;0;12536223.27;6481.78;47900.8;0;0;0;5187651.28;235666652.69;0;0;866354.65;241775041.2
57.231.494/0001-32;2026-01-01;1;21821172.74;120.4;;;21821052.34;119614187.02;103110000;;103110000;;;;;;;;;;;;16504187.02;;;;;;;;;;;;;;6170931.72;1124353.01;;5046578.71;1400000;15000;;;;;;;;42529600.98;43944600.98
57.244.407/0001-81;2026-01-01;1;904921.39;904921.39;0;0;0;441932381.9;426267035.25;0;426267035.25;0;0;0;0;0;0;0;0;;0;0;0;0;15665346.65;0;0;0;0;;0;0;;0;0;0;70413.15;0;0;70413.15;0;18045.15;0;0;0;0;0;0;0;534784.96;552830.11
57.285.563/0001-90;2026-01-01;1;4300017.38;22783.38;0;0;4277234;60185054.58;0;0;0;0;0;0;0;0;0;0;0;;0;0;0;0;0;0;46676800.74;0;0;;0;0;;11897163.96;0;1611089.88;83443717.58;0;81297785.98;2145931.6;0;16820.86;0;5306763.1;96321726.96;0;0;0;0;1320446.55;102965757.47
57.300.503/0001-08;2026-01-01;1;15201011.09;1000.01;0;0;15200011.08;864015434.7;850320000;0;850320000;0;0;0;0;0;0;0;0;;0;0;0;0;0;0;0;0;0;;13695434.7;0;;0;0;0;234.58;0;0;234.58;2700000;8939.65;0;0;0;0;388139511.94;0;0;39493.76;390887945.35
57.306.908/0001-45;2026-01-01;1;7861.54;7861.54;0;0;0;0;0;0;0;0;0;0;0;0;0;0;0;;0;0;0;0;0;0;0;0;0;;0;0;;0;0;0;0;0;0;0;0;144000;0;0;0;0;0;0;0;0;144000
57.350.504/0001-59;2026-01-01;1;3001919.95;0;0;0;3001919.95;37642758.95;0;0;0;0;0;0;0;0;0;0;0;;0;0;37642758.95;0;0;0;0;0;0;;0;0;;0;0;0;0;0;0;0;0;28151.13;0;0;0;0;0;0;0;0;28151.13
57.376.810/0001-64;2026-01-01;1;5243748.26;209.43;0;0;5243538.83;296246385.03;296246385.03;296246385.03;0;0;0;0;0;0;0;0;0;;0;0;0;0;0;0;0;0;0;;0;0;;0;0;0;5704691.45;1970689.17;0;3734002.28;0;312824.25;29765081.62;0;0;0;0;0;0;7771283.89;37849189.76
57.378.678/0001-20;2026-01-01;1;141690.98;0;0;0;141690.98;6533079.96;0;0;0;0;0;0;0;0;0;0;0;;0;0;6533079.96;0;0;0;0;0;0;;0;0;;0;0;0;6602.36;0;0;6602.36;0;64758.13;0;0;0;0;0;0;0;25722.61;90480.74
57.457.407/0001-60;2026-01-01;1;3519162.91;214025.92;;;3305136.99;1300705334.68;1300705334.68;;1300705334.68;;;;;;;;;;;;;;;;;;;;;;;;;;124756881.16;19721956.16;;105034925;;61846.63;;945314325;;;;;;94061.88;945470233.51
57.466.934/0001-30;2026-01-01;1;39600359.42;0;0;0;39600359.42;1778830278.64;1704100000;0;0;0;1704100000;0;0;0;0;0;0;;0;0;25452013.5;0;0;0;0;0;0;;5585856.93;0;;43692408.21;0;0;0;0;0;0;0;163078.36;99109876.55;0;0;0;0;0;0;11888187.33;111161142.24
57.469.492/0001-86;2026-01-01;1;6650626.1;0;0;6684599.11;-33973.01;120038203.37;0;0;0;0;0;0;0;1837812;0;0;0;;0;0;79242730.2;0;0;0;0;0;0;;38957661.17;0;;0;0;0;173958.62;0;0;173958.62;0;119995.08;144223.67;0;0;0;0;0;0;-56872.87;207345.88
57.495.006/0001-02;2026-01-01;1;868206.95;294.34;0;0;867912.61;15000000;15000000;0;0;15000000;0;0;0;0;0;0;0;;0;0;0;0;0;0;0;0;0;;0;0;;0;0;0;33945.09;0;0;33945.09;0;40071.44;0;0;0;0;0;0;0;10119.45;50190.89
57.519.008/0001-86;2026-01-01;2;11406006.7;0;0;0;11406006.7;30073888.16;0;0;0;0;0;0;0;0;0;0;0;;0;0;30073888.16;0;0;0;0;0;0;;0;0;;0;0;0;2805.06;0;0;2805.06;0;99.89;0;0;0;0;0;0;0;169903.66;170003.55
57.545.219/0001-93;2026-01-01;1;0;0;0;0;0;0;0;0;0;0;0;0;0;0;0;0;0;;0;0;0;0;0;0;0;0;0;;0;0;;0;0;0;0;0;0;0;0;0;0;0;0;0;0;0;0;0;0
57.567.076/0001-10;2026-01-01;1;30287218.34;0;0;0;30287218.34;877212043.99;867223141.99;0;867223141.99;0;0;0;0;0;0;0;0;;0;0;9988902;0;0;0;0;0;0;;0;0;;0;0;0;312279184.04;15314764.58;296834918.08;129501.38;135255793;55343.12;0;82267057.02;0;0;0;0;0;1091847.99;218670041.13
57.583.846/0001-19;2026-01-01;1;1258499.71;0;0;0;1258499.71;68710839.77;10337614.5;0;10337614.5;0;0;0;0;0;0;0;0;;0;0;6504446.65;0;0;0;0;0;0;;51566348.31;0;;0;0;302430.31;0;0;0;0;0;58032.47;0;310128.43;0;0;0;0;0;20304;388464.9
57.593.613/0001-05;2026-01-01;2;10433828.81;0;3063647.87;0;7370180.94;428128366.95;389904346.87;0;389904346.87;0;0;0;0;0;0;0;0;;0;0;436400.36;0;0;0;0;0;0;;0;0;;22637619.72;0;15150000;3049454.66;2892221.76;0;157232.9;0;295902.23;1331573.75;15067465.56;0;0;0;71022000;0;7403213.39;95120154.93
57.640.413/0001-58;2026-01-01;1;2050453.46;5086.4;0;0;2045367.06;26719220.96;26719220.96;0;0;0;0;26719220.96;0;0;0;0;0;;0;0;0;0;0;0;0;0;0;;0;0;;0;0;0;4164.84;0;0;4164.84;0;6500;0;0;0;0;0;0;0;3253069.96;3259569.96
57.682.963/0001-30;2026-01-01;1;1208910.77;0;830439.48;0;378471.29;155459931.99;0;0;0;0;0;0;0;0;0;0;0;;0;0;0;0;0;0;29400000;0;0;;126059931.99;0;;0;0;0;349314.15;0;0;349314.15;0;237664.47;0;0;0;0;0;0;0;38833.31;276497.78
57.683.576/0001-18;2026-01-01;1;12271045.54;17796.66;12253248.88;;;80784472.07;0;;;;;;;;;;;;;;;;;;;37273157.21;;;;;;43511314.86;;;18531.79;;;18531.79;;86675.65;;;;;;;;1768836.96;1855512.61
57.811.221/0001-67;2026-01-01;1;0;0;0;0;0;188871277.96;4400000;0;0;0;0;0;4400000;0;0;0;0;;0;0;0;0;0;0;0;184471277.96;0;;0;0;;0;0;0;98;0;0;98;0;31404.77;0;0;0;0;0;0;0;469920.28;501325.05
57.882.804/0001-89;2026-01-01;1;9324476.35;0;0;0;9324476.35;93533825.66;93533825.66;0;0;93533825.66;0;0;0;0;0;0;0;;0;0;0;0;0;0;0;0;0;;0;0;;0;0;0;161016.58;0;0;161016.58;0;81067.31;0;0;0;0;0;0;0;17500;98567.31
57.904.514/0001-99;2026-01-01;1;257520.97;8942.21;0;0;248578.76;713096.04;0;0;0;0;0;0;0;713096.04;0;0;0;;0;0;0;0;0;0;0;0;0;;0;0;;0;0;0;3207.24;0;0;3207.24;0;10000;0;0;0;0;0;0;0;13348.36;23348.36
57.909.000/0001-26;2026-01-01;1;382959.26;0;0;382959.26;0;48013400;48013400;0;0;0;48013400;0;0;0;0;0;0;;0;0;0;0;0;0;0;0;0;;0;0;;0;0;0;310186.47;161690.14;0;148496.33;0;10701.12;0;0;0;0;0;0;0;38472273.95;38482975.07
57.927.297/0001-52;2026-01-01;1;15086712.67;0;15086712.67;0;0;62029865.24;0;0;0;0;0;0;0;0;0;0;0;;0;0;0;0;0;0;62029865.24;0;0;;0;0;;0;0;0;206358.08;0;0;206358.08;0;90982.48;0;0;0;0;0;0;0;15274600.24;15365582.72
57.965.466/0001-49;2026-01-01;1;29019930.91;0;0;0;29019930.91;87157337.09;52912376.03;52912376.03;0;0;0;0;0;0;0;0;0;;0;0;0;0;0;0;15350000;0;0;;12836459.43;0;;6058501.63;0;0;0;0;0;0;0;6912.24;0;0;0;0;0;0;0;232023.77;238936.01
57.976.696/0001-03;2026-01-01;1;2750714.89;1100;;;2749614.89;0;0;;;;;;;;;;;;;;;;;;;;;;;;;;;;18898403.17;;;18898403.17;;34208.67;;;;;;;;682390.66;716599.33
57.977.051/0001-95;2026-01-01;1;473019.17;3.93;0;0;473015.24;78297005.27;78297005.27;78297005.27;0;0;0;0;0;0;0;0;0;;0;0;0;0;0;0;0;0;0;;0;0;;0;0;0;0;0;0;0;0;14500;0;13449467.07;0;0;0;0;0;897515.62;14361482.69
57.979.459/0001-04;2026-01-01;1;129427.75;0;0;0;129427.75;844592044;0;0;0;0;0;0;0;0;0;0;0;;0;0;844592044;0;0;0;0;0;0;;0;0;;0;0;0;0;0;0;0;0;10000;0;0;0;0;0;0;0;20874.36;30874.36
57.986.419/0001-81;2026-01-01;1;60920.2;1652.73;59267.47;0;0;23391000;23391000;23391000;0;0;0;0;0;0;0;0;0;;0;0;0;0;0;0;0;0;0;;0;0;;0;0;0;603494.23;0;0;603494.23;0;38250;0;0;0;0;0;0;0;71305.8;109555.8
58.019.792/0001-26;2026-01-01;1;260753.36;0;0;0;260753.36;73945000;73945000;73945000;0;0;0;0;0;0;0;0;0;;0;0;0;0;0;0;0;0;0;;0;0;;0;0;0;746635.16;0;0;746635.16;0;12000;0;0;0;0;0;0;0;53039079.75;53051079.75
58.022.479/0001-47;2026-01-01;1;-149931.44;0;0;0;-149931.44;58834561.81;0;0;0;0;0;0;0;0;0;0;0;;0;0;58834561.81;0;0;0;0;0;0;;0;0;;0;0;0;312512.61;0;0;312512.61;0;17341.1;0;0;0;0;0;0;0;52476.85;69817.95
58.054.129/0001-62;2026-01-01;1;293602.22;10810.11;253486.19;0;29305.92;208560000;208560000;0;208560000;0;0;0;0;0;0;0;0;;0;0;0;0;0;0;0;0;0;;0;0;;0;0;0;1500000;1500000;0;0;0;6000;0;44163985;0;0;128108538.52;0;0;16000;172294523.52
58.099.321/0001-75;2026-01-01;1;676975.96;15732.36;661243.6;;;32888095.06;0;;;;;;;;;;;;;;;;;;;32888095.06;;;;;;;;;8686.78;;;8686.78;;52581.31;;;;;;;;1550476.57;1603057.88
58.160.171/0001-68;2026-01-01;1;14340701.58;2324010.78;0;0;12016690.8;271136855.29;268000000;0;0;0;268000000;0;0;0;0;0;3136855.29;;0;0;0;0;0;0;0;0;0;;0;0;;0;0;0;6762843.89;0;0;6762843.89;0;11904.6;0;0;0;0;0;0;0;289761256.36;289773160.96
58.197.921/0001-76;2026-01-01;1;61703.85;1000;0;0;60703.85;37483217.21;36514992.36;0;0;0;36514992.36;0;0;0;0;0;0;;0;0;968224.85;0;0;0;0;0;0;;0;0;;0;0;0;0;0;0;0;0;3000;0;0;0;0;0;0;0;16867.36;19867.36
58.198.613/0001-65;2026-01-01;1;13435946.95;0;0;0;13435946.95;178596927.52;0;0;0;0;0;0;0;0;0;0;0;;0;0;0;0;0;0;0;0;0;;175049079.39;0;;3547848.13;0;0;3711.53;0;0;3711.53;0;159775.72;0;0;0;0;0;0;0;14261.97;174037.69
58.239.657/0001-96;2026-01-01;1;610937.07;0;610937.07;0;0;1000;0;0;0;0;0;0;0;0;0;0;0;;0;0;0;0;0;0;1000;0;0;;0;0;;0;0;0;12665.26;0;0;12665.26;0;20000;0;0;0;0;0;0;0;11032.5;31032.5
58.250.751/0001-46;2026-01-01;1;13155787.37;-137987.75;13293775.12;0;0;7925482;0;0;0;0;0;0;0;0;0;0;0;;0;0;0;0;0;0;7925482;0;0;;0;0;;0;0;0;3670000;0;0;3670000;0;15000;0;0;0;0;0;0;0;49583.81;64583.81
58.263.012/0001-99;2026-01-01;1;26696803.09;6826.99;0;0;26689976.1;364824739.6;363049037.8;0;0;0;0;0;363049037.8;0;0;0;1687424.27;;0;0;0;0;0;0;0;0;0;;0;0;;0;0;88277.53;14664702;3000000;0;11664702;0;8000;0;0;0;0;0;0;0;403564758.86;403572758.86
58.268.583/0001-16;2026-01-01;1;165.91;52.14;0;0;113.77;326223157.96;0;0;0;0;0;0;0;0;166674251.89;0;0;;0;0;0;0;0;0;154591798.93;0;0;;0;0;;0;0;0;3072.87;0;0;3072.87;0;54255.88;0;0;0;0;0;0;0;8000;62255.88
58.290.688/0001-71;2026-01-01;1;2581732.44;0;0;0;2581732.44;123887243.14;0;0;0;0;0;0;0;0;0;0;0;;0;0;13012.79;0;0;0;0;0;0;;115376626.3;0;;8497604.05;0;0;557.14;0;0;557.14;0;99665.48;0;0;0;0;0;0;0;50436.55;150102.03
58.316.418/0001-92;2026-01-01;1;35401038.13;0;0;0;35401038.13;334158719.84;110992425.95;0;0;0;0;0;110992425.95;0;0;0;0;;0;0;0;0;0;0;32283670.63;0;0;;190882623.26;0;;0;0;0;-0.04;0;0;-0.04;0;306083.15;0;0;0;0;0;0;0;7467493.89;7773577.04
58.350.082/0001-84;2026-01-01;1;36571555.63;0;0;0;36571555.63;63071002.04;30071002.04;0;0;30071002.04;0;0;0;0;0;0;0;;0;0;0;0;0;0;33000000;0;0;;0;0;;0;0;0;80117.27;0;0;80117.27;0;33659.42;0;0;0;0;0;0;0;33101520.8;33135180.22
58.366.499/0001-35;2026-01-01;1;1740898.45;1094.79;;;1739803.66;22922836.3;0;;;;;;;;;;;;;;;;;;;;;;22922836.3;;;;;;0;;;;291155.99;21964.92;;;;;;;;7373.43;320494.34
58.372.239/0001-72;2026-01-01;1;1995558.31;0;0;0;1995558.31;15906775;0;0;0;0;0;0;0;0;0;0;0;;0;0;0;0;0;0;13906775;0;0;;0;0;;0;0;2000000;0;0;0;0;0;46945.4;0;0;0;0;0;0;0;940.97;47886.37
58.378.463/0001-71;2026-01-01;1;827195.39;1238.03;825957.36;0;0;151877076.73;0;0;0;0;0;0;0;0;0;0;0;;0;0;150300000;0;0;0;0;0;0;;1577076.73;0;;0;0;0;1215483.48;0;0;1215483.48;9.54;23343.07;0;0;0;0;0;0;0;74486.89;97839.5
58.410.974/0001-23;2026-01-01;1;393581.39;100;;;393481.39;5182181.7;0;;;;;;;;;;;;;;5182181.7;;;;;;;;;;;;;;0;;;;;20000;;;;;;;;597.66;20597.66
58.478.226/0001-82;2026-01-01;1;69858.33;1000;0;0;68858.33;55327254.26;0;0;0;0;0;0;0;0;0;0;0;;0;0;0;0;0;0;55327254.26;0;0;;0;0;;0;0;0;66.5;0;0;66.5;0;10500;0;0;0;0;0;0;0;821480.34;831980.34
58.478.291/0001-08;2026-01-01;1;285274.99;3853.56;281421.43;0;0;20312971.41;0;0;0;0;0;0;0;0;0;0;0;;0;0;0;0;0;0;0;0;0;;20312971.41;0;;0;0;0;20315541.74;0;0;20315541.74;0;36647.06;0;0;0;0;0;0;0;20330296;20366943.06
58.478.291/0001-08;2026-02-01;1;1395289.7;563.23;1394726.47;0;0;19165209.01;0;0;0;0;0;0;0;0;0;0;0;;0;0;0;0;0;0;0;0;0;;19165209.01;0;;0;0;0;19167779.34;0;0;19167779.34;0;33671.63;0;0;0;0;0;0;0;19173033.6;19206705.23
58.495.684/0001-20;2026-01-01;1;15768.77;15768.77;0;;0;20942128.55;20942128.55;0;0;0;20942128.55;0;;0;;;;;;;;;;;;;0;;;;;;;;34.55;;0;34.55;0;258999.92;0;8555505.84;0;0;0;0;0;13260.29;8827766.05
58.496.557/0001-45;2026-01-01;1;18498886.01;7765.73;0;0;18491120.28;35641126.78;35641126.78;0;35641126.78;0;0;0;0;0;0;0;0;;0;0;0;0;0;0;0;0;0;;0;0;;0;0;0;56496.4;54583.73;0;1912.67;0;18000;0;18201120.17;0;0;0;0;0;18238.28;18237358.45
58.501.860/0001-99;2026-01-01;1;12034344.57;12034344.57;0;0;0;214084067.68;0;0;0;0;0;0;0;0;0;0;0;;0;0;147430721.05;0;0;0;0;0;0;;66653346.63;0;;0;0;0;83773;0;0;83773;2197107.57;2000;0;0;0;0;0;0;0;81454.3;2280561.87
58.523.596/0001-94;2026-01-01;1;3255.88;3255.88;0;0;0;4230000;4230000;0;0;0;4230000;0;0;0;0;0;0;;0;0;0;0;0;0;0;0;0;;0;0;;0;0;0;0;0;0;0;0;50227.27;0;0;0;0;0;0;0;493389.56;543616.83
58.523.711/0001-20;2026-01-01;1;1127665.28;811.14;1126854.14;0;0;23994392.75;0;0;0;0;0;0;0;0;0;0;0;;0;0;23994392.75;0;0;0;0;0;0;;0;0;;0;0;0;0;0;0;0;0;8000;0;0;0;0;0;0;0;13802.64;21802.64
58.544.087/0001-48;2026-01-01;1;3155658.29;2771.53;3152886.76;0;0;21078159.15;21078159.15;0;0;0;21078159.15;0;0;0;0;0;0;;0;0;0;0;0;0;0;0;0;;0;0;;0;0;0;0;0;0;0;0;75999.96;0;0;0;0;0;0;0;16963807.5;17039807.46
58.548.730/0001-01;2026-01-01;1;777106;0;0;0;777106;98747957.8;98747957.8;0;21747957.8;0;77000000;0;0;0;0;0;0;;0;0;0;0;0;0;0;0;0;;0;0;;0;0;0;1268275.51;1268275.51;0;0;0;15085;0;9436000;0;0;0;0;0;124846.88;9575931.88
58.561.054/0001-06;2026-01-01;1;8930.7;2254.07;0;0;6676.63;11788075.06;11788075.06;0;11788075.06;0;0;0;0;0;0;0;0;;0;0;0;0;0;0;0;0;0;;0;0;;0;0;0;115317.84;115317.84;0;0;0;6288.39;0;0;0;0;0;0;0;2840.83;9129.22
58.561.237/0001-21;2026-01-01;1;278379;1928.68;0;0;276450.32;25615259.25;13817293.88;0;13817293.88;0;0;0;0;0;0;0;0;;0;0;0;0;11797965.37;0;0;0;0;;0;0;;0;0;0;5022.73;0;0;5022.73;0;10516;0;0;0;0;0;0;0;1096829.04;1107345.04
58.561.306/0001-05;2026-01-01;1;7932.77;3130.75;0;0;4802.02;4276619.85;4276619.85;0;4276619.85;0;0;0;0;0;0;0;0;;0;0;0;0;0;0;0;0;0;;0;0;;0;0;0;0;0;0;0;0;6288.39;0;0;0;0;0;0;0;2840.83;9129.22
58.561.581/0001-10;2026-01-01;1;300221.91;2011.27;0;0;298210.64;5195105.31;5195105.31;0;5195105.31;0;0;0;0;0;0;0;0;;0;0;0;0;0;0;0;0;0;;0;0;;0;0;0;1200;0;0;1200;0;6288.39;0;0;0;0;0;0;0;299809.97;306098.36
58.564.382/0001-66;2026-01-01;1;9459.71;1250.16;0;0;8209.55;7974183.24;7974183.24;0;7974183.24;0;0;0;0;0;0;0;0;;0;0;0;0;0;0;0;0;0;;0;0;;0;0;0;0;0;0;0;0;6288.39;0;0;0;0;0;0;0;4685.58;10973.97
58.564.425/0001-03;2026-01-01;1;4270.78;4270.78;0;0;0;8134441.4;8134441.4;0;8134441.4;0;0;0;0;0;0;0;0;;0;0;0;0;0;0;0;0;0;;0;0;;0;0;0;0;0;0;0;0;13996.59;0;0;0;0;0;0;0;2397.33;16393.92
58.568.605/0001-63;2026-01-01;1;648509.75;-0.01;0;0;648509.76;1700000;0;0;0;0;0;0;0;0;0;0;0;;0;0;0;0;0;0;1700000;0;0;;0;0;;0;0;0;44;0;0;44;0;12500;0;0;0;0;0;0;0;15525.1;28025.1
58.580.017/0001-45;2026-01-01;1;15736749.41;15091976.19;0;0;644773.22;61295594;0;0;0;0;0;0;0;0;0;0;0;;0;0;0;0;0;0;0;0;0;;0;0;;0;0;61295594;0;0;0;0;0;23333.32;0;0;0;0;0;0;0;48548.91;71882.23
58.580.017/0001-45;2026-02-01;1;647499.15;0;0;0;647499.15;61295594;0;0;0;0;0;0;0;0;0;0;0;;0;0;0;0;0;0;0;0;0;;0;0;;0;0;61295594;15092446.81;0;0;15092446.81;0;48055.61;0;0;0;0;0;0;0;81429.32;129484.93
58.643.797/0001-25;2026-01-01;1;7932199.77;0;0;0;7932199.77;116818578.7;0;0;0;0;0;0;0;0;0;0;0;;0;0;0;0;0;0;0;0;0;;116818578.7;0;;0;0;0;17074.55;0;0;17074.55;0;273671.85;161497.45;0;0;0;0;0;0;70522.94;505692.24
58.863.998/0001-38;2026-01-01;1;26321682.97;0;0;0;26321682.97;1262369838.74;1262369838.74;0;1262369838.74;0;0;0;0;0;0;0;0;;0;0;0;0;0;0;0;0;0;;0;0;;0;0;0;29338882.61;9996261.53;0;19342621.08;6656250;527511.65;0;543884780.98;0;0;0;0;0;244275053.72;795343596.35
58.927.139/0001-65;2026-01-01;1;292.18;292.18;0;0;0;0;0;0;0;0;0;0;0;0;0;0;0;;0;0;0;0;0;0;0;0;0;;0;0;;0;0;0;0;0;0;0;0;296727.27;0;0;0;0;0;0;0;73961.8;370689.07
59.030.677/0001-15;2026-01-01;1;6305744.14;0;0;0;6305744.14;34514920.93;0;0;0;0;0;0;0;34510404.23;0;0;0;;0;0;0;0;0;0;0;0;0;;0;0;;0;0;4516.7;7050.85;0;0;7050.85;0;15000;0;0;0;0;0;0;0;0;15000
59.090.726/0001-05;2026-01-01;1;62497674.04;0;16572859;45924815.04;0;516408124.39;424801086.26;0;424801086.26;0;0;0;0;0;0;0;0;;0;0;0;0;0;0;0;0;0;;0.01;0;;91607038.12;0;0;3131050.57;3088539.5;0;42511.07;0;92395.55;0;137593541.76;0;0;0;0;0;272941.2;137958878.51
59.137.499/0001-26;2026-01-01;1;1403921.13;1000;0;0;1402921.13;0;0;0;0;0;0;0;0;0;0;0;0;;0;0;0;0;0;0;0;0;0;;0;0;;0;0;0;16.67;0;0;16.67;0;45500;0;0;0;0;0;0;0;13803.88;59303.88
59.137.587/0001-28;2026-01-01;1;1964128.08;0;0;0;1964128.08;138254226.63;0;0;0;0;0;0;0;0;0;0;0;;0;0;138254226.63;0;0;0;0;0;0;;0;0;;0;0;0;0;0;0;0;0;16737.06;0;0;0;0;0;0;0;1000;17737.06
59.139.645/0001-52;2026-01-01;1;29803.33;0;0;0;29803.33;60843920.96;60843920.96;49502965.29;11340955.67;0;0;0;0;0;0;0;0;;0;0;0;0;0;0;0;0;0;;0;0;;0;0;0;0;0;0;0;0;7500;0;0;0;0;0;0;0;20869.55;28369.55
59.158.574/0001-35;2026-01-01;1;45651645.1;0;0;0;45651645.1;377973312.06;0;0;0;0;0;0;0;0;0;0;0;;0;0;0;0;0;0;118129090;0;0;;259844222.06;0;;0;0;0;750000;0;0;750000;0;674005.3;0;0;0;0;0;0;0;13840.27;687845.57
59.196.234/0001-07;2026-01-01;1;3056.35;0;0;0;3056.35;318285610.81;0;0;0;0;0;0;0;0;0;0;0;;0;0;318285610.81;0;0;0;0;0;0;;0;0;;0;0;0;0;0;0;0;0;40000;0;0;0;0;0;0;0;37512.11;77512.11
59.202.651/0001-07;2026-01-01;1;1046138.29;6138.29;0;0;1040000;20359838.45;0;0;0;0;0;0;0;0;0;0;0;;0;0;0;0;0;0;0;0;0;;20359838.45;0;;0;0;0;10180.91;0;0;10180.91;248607.6;16200;110.54;0;0;0;0;0;0;47121.98;312040.12
59.255.025/0001-89;2026-01-01;1;214131.04;809.04;0;0;213322;12852072.36;12656000;0;0;0;12656000;0;0;0;0;0;0;;0;0;0;0;0;0;196072.36;0;0;;0;0;;0;0;0;8657329.79;0;0;8657329.79;0;10000;0;0;0;0;0;0;0;7719913.63;7729913.63
59.269.477/0001-10;2026-01-01;1;8233.37;0;0;0;8233.37;12779405.2;12779405.2;0;12779405.2;0;0;0;0;0;0;0;0;;0;0;0;0;0;0;0;0;0;;0;0;;0;0;0;0;0;0;0;0;7500;0;0;0;0;0;0;0;15000;22500
59.337.307/0001-25;2026-01-01;1;1707121.17;0;1707121.17;0;0;56316078.37;0;0;0;0;0;0;0;0;0;0;0;;0;0;11849663.16;0;0;0;0;0;0;;44466415.21;0;;0;0;0;136.11;0;0;136.11;0;72827.32;0;0;0;0;0;0;0;1963989.07;2036816.39
59.604.698/0001-05;2026-01-01;1;7363883;0.47;0;0;7363882.53;177013049.79;0;0;0;0;0;0;0;0;0;0;0;;0;0;0;0;0;0;0;0;0;;168236778.18;0;;8776271.61;0;0;0;0;0;0;2358473;182824.21;62068.3;0;0;0;0;0;0;78401.43;2681766.94
59.658.166/0001-42;2026-01-01;1;240601609.01;0;0;222985458.15;17616150.86;828700000;828700000;0;0;828700000;0;0;0;0;0;0;0;;0;0;0;0;0;0;0;0;0;;0;0;;0;0;0;0;0;0;0;0;717822.65;0;23015323.35;0;0;0;0;0;48012250;71745396
59.663.265/0001-12;2026-01-01;1;215318.51;14085;0;0;201233.51;17686897.79;17686897.79;0;0;0;0;0;17686897.79;0;0;0;0;;0;0;0;0;0;0;0;0;0;;0;0;;0;0;0;406;0;0;406;0;6000;0;0;0;0;0;0;0;16365.98;22365.98
59.669.570/0001-11;2026-01-01;1;2782935.62;1546.25;180193.2;0;2601196.17;33636674.79;0;0;0;0;0;0;0;0;0;0;0;;0;0;0;0;0;0;0;0;0;;33636674.79;0;;0;0;0;169186.37;0;0;169186.37;0;13000;0;0;0;0;0;0;0;47215.81;60215.81
59.678.443/0001-89;2026-01-01;1;57908247.53;0;0;0;57908247.53;2797873945.84;0;0;0;0;0;0;0;0;0;0;0;;0;0;2797873945.84;0;0;0;0;0;0;;0;0;;0;0;0;126501770.87;0;0;126501770.87;0;230987.64;0;0;0;0;0;0;0;164140532.43;164371520.07
59.678.586/0001-90;2026-01-01;1;512531.89;49418.81;0;0;463113.08;84765000;84765000;0;0;0;0;0;84765000;0;0;0;0;;0;0;0;0;0;0;0;0;0;;0;0;;0;0;0;0;0;0;0;0;35000;0;0;0;0;0;0;0;88620.04;123620.04
59.680.687/0001-04;2026-01-01;1;11735404;0;0;0;11735404;120991882.82;120991882.82;0;120991882.82;0;0;0;0;0;0;0;0;;0;0;0;0;0;0;0;0;0;;0;0;;0;0;0;446799.44;0;0;446799.44;0;15000;0;3255734.82;0;0;0;0;0;75886.96;3346621.78
59.693.395/0001-06;2026-01-01;1;5624989.71;0;0;;5624989.71;14584294.82;13000000.01;0;0;0;13000000.01;0;;0;;;;;;;;;;;;;0;;;;;;;;1401881.92;;0;1401881.92;0;11000;0;8666666.67;0;0;0;0;0;1000;8678666.67
59.718.930/0001-28;2026-01-01;1;77596.2;0;0;0;77596.2;2822926.07;0;0;0;0;0;0;0;0;0;0;0;;0;0;2822926.07;0;0;0;0;0;0;;0;0;;0;0;0;6423.2;0;0;6423.2;0;86714.51;0;0;0;0;0;0;0;25180.19;111894.7
59.890.241/0001-04;2026-01-01;1;135539.88;0;0;0;135539.88;0;0;0;0;0;0;0;0;0;0;0;0;;0;0;0;0;0;0;0;0;0;;0;0;;0;0;0;4764891;0;4764891;0;0;7500;0;0;0;0;0;0;0;2759.4;10259.4
59.891.323/0001-65;2026-01-01;1;88.18;88.18;0;0;0;1704814.94;1704814.94;0;0;1704814.94;0;0;0;0;0;0;0;;0;0;0;0;0;0;0;0;0;;0;0;;0;0;0;0;0;0;0;0;82500;0;0;0;0;0;0;0;11396.49;93896.49
59.891.409/0001-98;2026-01-01;1;0;0;0;0;0;1722660.74;1722660.74;0;0;1722660.74;0;0;0;0;0;0;0;;0;0;0;0;0;0;0;0;0;;0;0;;0;0;0;0;0;0;0;0;82500;0;0;0;0;0;0;0;11453.32;93953.32
59.987.139/0001-13;2026-01-01;1;13845512.19;0;0;0;13845512.19;547031423.26;0;0;0;0;0;0;0;0;0;0;0;;0;0;0;0;0;0;547031423.26;0;0;;0;0;;0;0;0;0;0;0;0;11200678.24;715686.01;0;0;0;0;0;0;0;70884.71;11987248.96
60.027.987/0001-60;2026-01-01;1;133694145.28;0;0;133765368.03;-71222.75;459503082.95;0;0;0;0;0;0;0;0;0;0;0;;0;0;53302559.85;0;0;0;0;0;0;;338962232.04;0;;67238291.06;0;0;18500;0;0;18500;0;547592.87;0;0;0;0;0;0;0;4438917.73;4986510.6
60.077.386/0001-61;2026-01-01;1;5710291.54;1000;0;0;5709291.54;45246442.24;0;0;0;0;0;0;0;171200;0;0;0;;0;0;4926924.5;0;0;0;0;0;0;;40148317.74;0;;0;0;0;46957.14;0;0;46957.14;0;47839.71;0;0;0;0;0;0;0;15196.21;63035.92
60.079.651/0001-40;2026-01-01;1;27220285.79;0;1640819.58;0;25579466.21;138244254.57;0;0;0;0;0;0;0;0;0;0;0;;0;0;0;0;0;0;0;0;0;;127071588.32;0;;11172666.25;0;0;1639334.18;0;0;1639334.18;0;69265.09;0;0;0;0;0;60.69;0;52676.62;122002.4
60.117.144/0001-54;2026-01-01;1;14509.62;14509.62;0;0;0;657715.24;0;0;0;0;0;0;0;0;0;0;0;;0;0;657715.24;0;0;0;0;0;0;;0;0;;0;0;0;692161.98;0;0;692161.98;0;5000;0;0;0;0;0;0;0;0;5000
60.127.177/0001-85;2026-01-01;1;2827531.86;0;2827531.86;0;0;53531516.16;0;0;0;0;0;0;0;0;0;0;0;;0;0;0;0;0;0;0;0;0;;53531516.16;0;;0;0;0;29208.37;0;0;29208.37;0;66884.98;0;0;0;0;0;0;0;44372.82;111257.8
60.176.399/0001-98;2026-01-01;1;8528539.78;15000;8513539.78;0;0;391918269.9;0;0;0;0;0;0;0;0;0;0;0;;0;0;0;0;0;0;0;0;0;;391918269.9;0;;0;0;0;7725.54;0;0;7725.54;4059050;33194.53;0;0;0;0;0;0;0;311111.58;4403356.11
60.220.343/0001-93;2026-01-01;2;353436.6;353436.6;0;0;0;76989221.73;76989221.73;0;76989221.73;0;0;0;0;0;0;0;0;;0;0;0;0;0;0;0;0;0;;0;0;;0;0;0;67435.89;0;0;67435.89;0;86462.3;0;0;0;0;0;0;0;12649.14;99111.44
60.329.826/0001-20;2026-01-01;1;55100749.8;0;0;0;55100749.8;284550718.89;284550718.89;0;284550718.89;0;0;0;0;0;0;0;0;;0;0;0;0;0;0;0;0;0;;0;0;;0;0;0;38337.55;0;0;38337.55;0;367024.26;0;0;0;0;0;0;0;17711.23;384735.49
60.355.424/0001-09;2026-01-01;1;15355281.65;0;0;0;15355281.65;97508912.86;0;0;0;0;0;0;0;2160544.3;0;0;0;;0;0;8445124.29;0;0;0;0;0;0;;55164111.71;0;;31739132.56;0;0;14526.93;0;0;14526.93;0;16500;0;0;0;0;0;0;0;84931.26;101431.26
60.373.688/0001-87;2026-01-01;1;6203.56;0;0;0;6203.56;147246828.72;0;0;0;0;0;0;0;0;0;0;0;;0;0;147246828.72;0;0;0;0;0;0;;0;0;;0;0;0;0;0;0;0;0;12135.01;0;0;0;0;0;0;0;775398.04;787533.05
60.413.964/0001-93;2026-01-01;1;6705491.96;48241.5;0;0;6657250.46;193092598.18;0;0;0;0;0;0;0;0;0;0;0;;0;0;193092598.18;0;0;0;0;0;0;;0;0;;0;0;0;339963.29;0;0;339963.29;0;39970.86;0;0;0;0;0;0;0;383334.84;423305.7
60.480.984/0001-87;2026-01-01;1;6319.46;0;0;0;6319.46;31108396.78;0;0;0;0;0;0;0;0;0;0;0;;0;0;31108396.78;0;0;0;0;0;0;;0;0;;0;0;0;261261.2;0;0;261261.2;0;10000;0;0;0;0;0;0;0;190112.3;200112.3
60.513.922/0001-24;2026-01-01;1;71981.28;0;0;0;71981.28;236190780.73;0;0;0;0;0;0;0;0;0;0;0;;0;0;236190780.73;0;0;0;0;0;0;;0;0;;0;0;0;4563.36;0;0;4563.36;0;13000;0;0;0;0;0;0;0;30178.76;43178.76
60.522.814/0001-18;2026-01-01;1;351115.17;0;0;0;351115.17;800000;800000;800000;0;0;0;0;0;0;0;0;0;;0;0;0;0;0;0;0;0;0;;0;0;;0;0;0;0;0;0;0;0;10023.79;0;0;0;0;0;0;0;10523.8;20547.59
60.535.430/0001-30;2026-01-01;1;12939137.59;0;0;0;12939137.59;387526173.48;0;0;0;0;0;0;0;0;0;0;0;;0;0;0;0;0;0;0;0;0;;387526173.48;0;;0;0;0;7698742.92;0;0;7698742.92;0;405461.16;0;0;0;0;0;0;0;82096.65;487557.81
60.551.924/0001-08;2026-01-01;1;4332693.84;0;0;0;4332693.84;304673682.41;288073682.41;0;288073682.41;0;0;0;0;0;0;0;0;;0;0;0;0;0;0;16600000;0;0;;0;0;;0;0;0;7803702.37;2240216.94;5500000;63485.43;0;169660.38;0;0;0;0;0;0;0;2250159.91;2419820.29
60.619.575/0001-19;2026-01-01;1;7371824.6;726185.03;0;0;6645639.57;517196538.47;517196538.47;0;0;0;0;517196538.47;0;0;0;0;0;;0;0;0;0;0;0;0;0;0;;0;0;;0;0;0;11978343.77;2131575.4;0;9846768.37;0;353595.6;0;0;0;0;319709946.55;0;0;4219048.44;324282590.59
60.619.652/0001-30;2026-01-01;1;13391462.65;617774.09;0;0;12773688.56;702721790.83;702721790.83;0;702721790.83;0;0;0;0;0;0;0;0;;0;0;0;0;0;0;0;0;0;;0;0;;0;0;0;4671597.43;4661135.21;0;10462.22;0;12196.77;0;0;0;0;435279801.73;0;0;9502.13;435301500.63
60.750.887/0001-67;2026-01-01;1;250594.72;15439.24;0;0;235155.48;470929304.42;470929304.42;0;0;0;0;0;470929304.42;0;0;0;0;;0;0;0;0;0;0;0;0;0;;0;0;;0;0;0;19422.61;0;0;19422.61;0;29012.45;0;0;0;0;0;0;0;400082601.17;400111613.62
60.801.196/0001-45;2026-01-01;1;628235.07;0;0;0;628235.07;43476961.71;0;0;0;0;0;0;0;0;0;0;0;;0;0;29356128.34;0;0;0;0;0;0;;14120833.37;0;;0;0;0;722076.33;0;0;722076.33;0;45454.73;55496.72;0;0;0;0;0;0;866524.67;967476.12
60.868.732/0001-20;2026-01-01;1;13974756.22;0;0;0;13974756.22;151708877.96;151708877.96;0;151708877.96;0;0;0;0;0;0;0;0;;0;0;0;0;0;0;0;0;0;;0;0;;0;0;0;7197357.85;3060676.34;0;4136681.51;0;74191.84;0;0;0;0;166362396.99;0;0;36570.87;166473159.7
60.871.972/0001-83;2026-01-01;1;8854582.33;0;0;0;8854582.33;105710923.03;1841713.33;0;1841713.33;0;0;0;0;0;0;0;0;;0;0;46128.28;0;0;0;0;0;0;;103823081.42;0;;0;0;0;103579.73;0;0;103579.73;0;18000;0;0;0;0;0;0;0;20209;38209
60.922.008/0001-37;2026-01-01;2;794122512.6;0;0;0;794122512.6;353377674.05;353377674.05;0;353377674.05;0;0;0;0;0;0;0;0;;0;0;0;0;0;0;0;0;0;;0;0;;0;0;0;2528435.25;2210700.85;0;317734.4;0;265000;0;89031442.49;0;0;0;0;0;11083.31;89307525.8
60.958.603/0001-22;2026-01-01;1;3581904.19;0;0;0;3581904.19;36542056.92;0;0;0;0;0;0;0;0;0;0;0;;0;0;0;0;0;0;36542056.92;0;0;;0;0;;0;0;0;4564236.9;0;0;4564236.9;0;15000;0;0;0;0;0;0;0;4801468.18;4816468.18
61.007.289/0001-65;2026-01-01;1;46695.28;5000;0;0;41695.28;215621751.55;1600160;0;0;0;0;0;1600160;0;0;0;0;;0;0;0;0;0;0;0;214021591.55;0;;0;0;;0;0;0;0;0;0;0;0;16200;0;0;0;0;0;0;0;4570.55;20770.55
61.008.232/0001-80;2026-01-01;1;22458.92;5000;0;0;17458.92;217771173.56;0;0;0;0;0;0;0;0;0;0;0;;0;0;215647676.02;0;0;0;0;2123497.54;0;;0;0;;0;0;0;0;0;0;0;0;6300;0;0;0;0;0;0;0;30889.82;37189.82
61.090.977/0001-31;2026-01-01;1;46225703.19;0;0;44019819.83;2205883.36;47100000;47100000;0;47100000;0;0;0;0;0;0;0;0;;0;0;0;0;0;0;0;0;0;;0;0;;0;0;0;1342719.72;0;0;1342719.72;0;22000;0;961786.03;0;1761410.96;0;0;0;89896.37;2835093.36
61.103.762/0001-08;2026-01-01;1;1790870.49;0;0;0;1790870.49;82644805.79;25841396.88;0;0;0;25841396.88;0;0;0;0;0;0;;0;0;0;0;0;0;0;0;0;;56803408.91;0;;0;0;0;405400.19;0;0;405400.19;0;10000;0;0;0;0;0;0;0;1812.62;11812.62
61.112.477/0001-53;2026-01-01;1;4415360.28;1000;0;0;4414360.28;169571235.55;169571235.55;0;0;0;169571235.55;0;0;0;0;0;0;;0;0;0;0;0;0;0;0;0;;0;0;;0;0;0;182493.79;181104.62;0;1389.17;0;113953.51;0;0;0;827023;0;0;0;80269.14;1021245.65
61.232.706/0001-73;2026-01-01;1;22796130.14;0;0;0;22796130.14;77743437.38;0;0;0;0;0;0;0;0;0;0;0;;0;0;77743437.38;0;0;0;0;0;0;;0;0;;0;0;0;1548757.14;0;0;1548757.14;0;102676.93;0;0;0;0;0;0;0;19022.79;121699.72
61.238.364/0001-07;2026-01-01;1;10931281.27;0;0;0;10931281.27;708909428.8;0;0;0;0;0;0;0;0;0;0;0;;0;0;708909428.8;0;0;0;0;0;0;;0;0;;0;0;0;8320970.92;0;0;8320970.92;8286045.05;119142.58;0;0;0;0;0;0;0;30410.4;8435598.03
61.245.120/0001-43;2026-01-01;1;159257.53;0;0;0;159257.53;505632995.05;0;0;0;0;0;0;0;0;0;0;0;;0;0;505632995.05;0;0;0;0;0;0;;0;0;;0;0;0;5997579.47;0;0;5997579.47;5786343.3;83814.4;0;0;0;0;0;0;0;133331.03;6003488.73
61.247.681/0001-81;2026-01-01;1;13898.77;13898.77;0;0;0;234953013.17;234953000;0;234953000;0;0;0;0;0;0;0;0;;0;0;0;0;0;0;0;0;0;;0;0;;0;0;13.17;5153608.76;0;0;5153608.76;0;13281.63;0;0;0;0;205483040.21;0;0;133411.92;205629733.76
61.248.346/0001-06;2026-01-01;1;17478.8;7.59;0;0;17471.21;1840000;1840000;0;0;0;1840000;0;0;0;0;0;0;;0;0;0;0;0;0;0;0;0;;0;0;;0;0;0;0;0;0;0;0;0;0;0;0;0;0;0;0;0;0
61.248.346/0001-06;2026-02-01;1;17580.99;7.59;0;0;17573.4;1840000;1840000;0;0;0;1840000;0;0;0;0;0;0;;0;0;0;0;0;0;0;0;0;;0;0;;0;0;0;0;0;0;0;0;0;0;0;0;0;0;0;0;0;0
61.250.889/0001-50;2026-01-01;3;47177009.22;0;0;0;47177009.22;511911616.64;11985096.58;0;11985096.58;0;0;0;0;0;0;0;0;;0;0;0;0;0;0;499926520.06;0;0;;0;0;;0;0;0;0.01;0;0;0.01;0;325870.9;0;0;0;0;0;0;0;20416.69;346287.59
61.271.000/0001-10;2026-01-01;1;320127.85;0;0;0;320127.85;32266089.7;32266089.7;0;0;32266089.7;0;0;0;0;0;0;0;;0;0;0;0;0;0;0;0;0;;0;0;;0;0;0;0;0;0;0;0;12000;0;0;0;0;0;0;0;8699643.3;8711643.3
61.272.053/0001-56;2026-01-01;1;11240561.92;1410136.21;0;9830425.71;0;0;0;0;0;0;0;0;0;0;0;0;0;;0;0;0;0;0;0;0;0;0;;0;0;;0;0;0;0;0;0;0;0;4000;0;0;0;0;0;0;0;229.78;4229.78
61.272.053/0001-56;2026-02-01;1;1408405.47;1408405.47;0;0;0;9874869.86;0;0;0;0;0;0;0;0;0;0;0;;0;0;0;0;0;0;0;0;0;;9874869.86;0;;0;0;0;0;0;0;0;0;9611.14;0;0;0;0;0;0;0;379.25;9990.39
61.272.325/0001-18;2026-01-01;2;128399375.82;2094591.21;126304784.61;0;0;280406000;280406000;0;280406000;0;0;0;0;0;0;0;0;;0;0;0;0;0;0;0;0;0;;0;0;;0;0;0;2976992.72;1221237;0;1755755.72;2386899.02;251134.59;0;104400000;0;0;0;0;0;7198662.8;114236696.41
61.293.720/0001-87;2026-01-01;1;6535446.45;4231.15;0;0;6531215.3;555717970;555717970;0;555717970;0;0;0;0;0;0;0;0;;0;0;0;0;0;0;0;0;0;;0;0;;0;0;0;5274717.39;0;0;5274717.39;0;0;0;193103259.63;0;0;304877667.67;0;0;50405.71;498031333.01
61.305.758/0001-22;2026-01-01;1;1631038.3;0;1631038.3;0;0;18800470;0;0;0;0;0;0;0;0;0;0;0;;0;0;0;0;0;0;18800470;0;0;;0;0;;0;0;0;20877.19;0;0;20877.19;0;53000;0;0;0;0;0;0;0;1259149.35;1312149.35
61.305.996/0001-38;2026-01-01;1;1628371.8;0;1628371.8;0;0;21200530;0;0;0;0;0;0;0;0;0;0;0;;0;0;0;0;0;0;21200530;0;0;;0;0;;0;0;0;21563.57;0;0;21563.57;0;53000;0;0;0;0;0;0;0;1610301.99;1663301.99
61.424.730/0001-04;2026-01-01;1;588514.84;0;0;0;588514.84;353035332.07;0;0;0;0;0;0;0;0;0;0;0;;0;0;353035332.07;0;0;0;0;0;0;;0;0;;0;0;0;0;0;0;0;0;24000;0;0;0;0;0;0;0;7308.18;31308.18
61.453.937/0001-07;2026-01-01;1;200349.76;0;0;0;200349.76;167998046.76;0;0;0;0;0;0;0;0;0;0;0;;0;0;167998046.76;0;0;0;0;0;0;;0;0;;0;0;0;2236452.6;0;0;2236452.6;0;13000;0;0;0;0;0;0;0;36265.54;49265.54
61.458.257/0001-86;2026-01-01;1;6156107.92;1936.54;5557537.74;0;596633.64;163656903.47;0;0;0;0;0;0;0;0;0;0;0;;0;0;0;0;0;0;163651718;0;0;;0;0;;0;0;5185.47;4750000;2200000;0;2550000;0;21193.22;0;0;0;0;100714848.34;0;0;65879585.91;166615627.47
61.458.298/0001-72;2026-01-01;1;10964473.55;1398.31;1495862.23;0;9467213.01;7947383.92;0;0;0;0;0;0;0;0;0;0;0;;0;0;7947383.92;0;0;0;0;0;0;;0;0;;0;0;0;15076.81;0;0;15076.81;-35880.31;7295.05;0;0;0;0;0;0;0;36483.38;7898.12
61.516.271/0001-99;2026-01-01;1;56119829.1;0;0;0;56119829.1;732643491;489642214.75;0;0;0;489642214.75;0;0;0;0;0;0;;0;0;243001276.25;0;0;0;0;0;0;;0;0;;0;0;0;32887889.43;4259899.89;0;28627989.54;0;434773.04;0;208918970.93;0;0;0;0;0;175274000;384627743.97
61.516.444/0001-79;2026-01-01;1;0;0;0;0;0;17108937.36;0;0;0;0;0;0;0;17108937.36;0;0;0;;0;0;0;0;0;0;0;0;0;;0;0;;0;0;0;0;0;0;0;0;3571.42;0;0;0;0;0;0;0;3571.42;7142.84
61.518.537/0001-32;2026-01-01;1;18267941.11;2000;;;18265941.11;108020477;108020477;;108020477;;;;;;;;;;;;;;;;;;;;;;;;;;1793675.26;1793675.26;;;;468417.07;;20622222.23;;;;;;344212.58;21434851.88
61.530.579/0001-99;2026-01-01;1;13279.98;0;0;0;13279.98;12950000;12950000;0;12950000;0;0;0;0;0;0;0;0;;0;0;0;0;0;0;0;0;0;;0;0;;0;0;0;0;0;0;0;0;12000;0;0;0;0;0;0;0;22000;34000
61.537.964/0001-68;2026-01-01;1;1568760.47;0;0;;1568760.47;44270131.2;44270131.2;0;0;0;44270131.2;0;;0;;;;;;;;;;;;;0;;;;;;;;46.65;;0;46.65;0;16333.33;0;0;0;0;0;0;0;1333.33;17666.66
61.594.920/0001-70;2026-01-01;1;232.84;232.84;0;0;0;285786.34;0;0;0;0;0;0;0;0;0;0;0;;0;0;285786.34;0;0;0;0;0;0;;0;0;;0;0;0;0;0;0;0;0;18000;0;0;0;0;0;0;0;33000;51000
61.667.274/0001-23;2026-01-01;1;12264526.64;1042.8;12263483.84;0;0;27020426.54;11848540.91;0;0;11848540.91;0;0;0;0;0;0;0;;0;0;15171885.63;0;0;0;0;0;0;;0;0;;0;0;0;0;0;0;0;0;19922.55;0;0;0;0;0;0;0;8921259.37;8941181.92
61.702.958/0001-19;2026-01-01;1;21565.19;21565.19;0;0;0;17442102.58;17442102.58;0;17442102.58;0;0;0;0;0;0;0;0;;0;0;0;0;0;0;0;0;0;;0;0;;0;0;0;127177.07;0;0;127177.07;0;18000;0;0;0;0;0;0;0;11000;29000
61.761.762/0001-03;2026-01-01;1;2441.61;0;0;0;2441.61;214888666;0;0;0;0;0;0;0;214888666;0;0;0;;0;0;0;0;0;0;0;0;0;;0;0;;0;0;0;0;0;0;0;0;24903.15;0;0;0;0;0;0;0;85522.12;110425.27
61.762.309/0001-03;2026-01-01;1;3754030.18;118.27;0;0;3753911.91;68086901.91;9107438.35;0;9107438.35;0;0;0;0;0;0;0;0;;0;0;0;0;0;0;0;0;0;;58979463.56;0;;0;0;0;0;0;0;0;0;13000;0;0;0;0;0;0;0;503875;516875
61.781.547/0001-66;2026-01-01;1;3457583.22;90;0;0;3457493.22;166101244;166101244;0;166101244;0;0;0;0;0;0;0;0;;0;0;0;0;0;0;0;0;0;;0;0;;0;0;0;1672906.15;1672906.15;0;0;54117.87;6000;0;0;0;0;60090466.63;0;0;42090;60192674.5
61.793.651/0001-70;2026-01-01;1;3536129.08;0;3010723.19;0;525405.89;29285886.24;0;0;0;0;0;0;0;0;0;0;0;;0;0;2015.98;0;0;0;0;0;0;;29283870.26;0;;0;0;0;6908.97;0;0;6908.97;0;24895.1;69296.44;0;0;0;0;0;0;75280.28;169471.82
61.796.062/0001-46;2026-01-01;1;23538.91;0;0;0;23538.91;745957.24;745957.24;0;745957.24;0;0;0;0;0;0;0;0;;0;0;0;0;0;0;0;0;0;;0;0;;0;0;0;0;0;0;0;0;10000;0;0;0;0;0;0;0;42454.55;52454.55
61.816.615/0001-85;2026-01-01;1;973949.17;0;0;0;973949.17;7116006.52;0;0;0;0;0;0;0;0;0;0;0;;0;0;0;0;0;0;7116006.52;0;0;;0;0;;0;0;0;33204.4;0;0;33204.4;0;27521.36;0;0;0;0;0;0;0;0;27521.36
61.820.010/0001-68;2026-01-01;1;4523060.17;0;0;0;4523060.17;119696309.45;0;0;0;0;0;0;0;0;0;0;0;;0;0;5984290.46;0;0;0;0;0;0;;95536514.1;0;;18175504.89;0;0;0;0;0;0;0;15000;0;0;0;0;0;0;0;132774.64;147774.64
61.839.325/0001-57;2026-01-01;1;72768.83;0;0;0;72768.83;3933614.97;3183614.97;0;3183614.97;0;0;0;0;0;0;0;0;;0;0;0;0;0;0;0;0;0;;0;0;;0;0;0;0;0;0;0;0;300;0;0;0;0;0;0;0;566.67;866.67
61.848.349/0001-72;2026-01-01;1;49399393.91;0;0;0;49399393.91;383082192.7;93177733.3;0;0;0;93177733.3;0;0;0;0;0;0;;0;0;105071827.35;0;0;0;0;0;0;;165169450.15;0;;19663181.9;0;0;11687643.88;0;0;11687643.88;2595387.3;458981.23;0;2434362.19;0;0;0;0;0;2610973.4;8099704.12
61.865.925/0001-90;2026-01-01;1;1079708.63;0;0;0;1079708.63;249967058.86;0;0;0;0;0;0;0;0;0;0;0;;0;0;249967058.86;0;0;0;0;0;0;;0;0;;0;0;0;53755861.09;0;0;53755861.09;0;45258.6;0;0;0;0;0;0;0;5851.13;51109.73
61.876.419/0001-04;2026-01-01;1;338286.23;9013.45;329272.78;0;0;152994.8;152994.8;0;152994.8;0;0;0;0;0;0;0;0;;0;0;0;0;0;0;0;0;0;;0;0;;0;0;0;0;0;0;0;0;18000;0;0;0;0;0;0;0;12000;30000
61.911.799/0001-62;2026-01-01;1;43905510.77;0;0;0;43905510.77;870066721.69;870066721.69;0;870066721.69;0;0;0;0;0;0;0;0;;0;0;0;0;0;0;0;0;0;;0;0;;0;0;0;6435632.53;6325143.78;0;110488.75;0;619747.44;0;0;0;1062432.4;0;0;0;70000;1752179.84
61.912.292/0001-23;2026-01-01;1;1189029.05;-1792026.49;0;0;2981055.54;214935322.67;0;0;0;0;0;0;0;0;0;0;0;;0;0;214935322.67;0;0;0;0;0;0;;0;0;;0;0;0;2381671.5;0;0;2381671.5;0;155742.74;0;0;0;0;0;0;0;5158770.88;5314513.62
61.918.522/0001-61;2026-01-01;1;179338876.06;0.17;0;0;179338875.89;300818435.98;0;0;0;0;0;0;0;0;0;0;0;;0;0;0;0;0;0;50000;0;0;;300768435.98;0;;0;0;0;264262754.23;0;0;264262754.23;0;1189727.28;0;0;0;0;0;0;0;10480658.04;11670385.32
61.922.643/0001-87;2026-01-01;1;14963.29;0;0;0;14963.29;572290445.87;0;0;0;0;0;0;0;0;0;0;0;;0;0;572290445.87;0;0;0;0;0;0;;0;0;;0;0;0;11448.48;0;0;11448.48;0;13000;0;0;0;0;0;0;0;35921.77;48921.77
61.974.505/0001-41;2026-01-01;1;1893021.14;1100;;;1891921.14;0;0;;;;;;;;;;;;;;;;;;;;;;;;;;;;13708012.3;;;13708012.3;;15000;;;;;;;;18232.3;33232.3
62.017.234/0001-07;2026-01-01;1;33920380.79;0.01;0;0;33920380.78;547764813.85;0;0;0;0;0;0;0;0;0;0;0;;0;0;0;0;0;0;0;0;0;;547764813.85;0;;0;0;0;11811901.63;0;0;11811901.63;0;639035.68;0;0;0;0;0;0;0;7044.23;646079.91
62.021.906/0001-40;2026-01-01;1;44472.03;0;0;0;44472.03;504462293.91;0;0;0;0;0;0;0;0;0;0;0;;0;0;504462293.91;0;0;0;0;0;0;;0;0;;0;0;0;85159.57;0;0;85159.57;0;15000;0;0;0;0;0;0;0;16708.16;31708.16
62.064.773/0001-99;2026-01-01;1;1806040.69;2000;;;1804040.69;193725471.64;0;;;;;;;;;;;;;;193725471.64;;;;;;;;;;;;;;1327698.1;;;1327698.1;1008000;35007.69;;;;;;;;31649.16;1074656.85
62.082.124/0001-10;2026-01-01;1;1864378.63;2000;;;1862378.63;269825813.5;269825813.5;;269825813.5;;;;;;;;;;;;;;;;;;;;;;;;;;1374458.34;1371520.04;;2938.3;1209323.78;89263.21;;183432515.85;;;;;;133036.81;184864139.65
62.105.992/0001-79;2026-01-01;1;95801.8;0;0;0;95801.8;41266433.16;0;0;0;0;0;0;0;0;0;0;0;;0;0;0;0;0;0;0;0;0;;41266433.16;0;;0;0;0;97.24;0;0;97.24;0;10000;0;0;0;0;0;0;0;16150.17;26150.17
62.145.710/0001-67;2026-01-01;1;1186270.44;1651.01;1184619.43;0;0;0;0;0;0;0;0;0;0;0;0;0;0;;0;0;0;0;0;0;0;0;0;;0;0;;0;0;0;0;0;0;0;0;19999.98;0;0;0;0;0;0;0;27508.39;47508.37
62.161.749/0001-78;2026-01-01;1;0;0;0;0;0;99803587.76;0;0;0;0;0;0;0;0;0;0;0;;0;0;99803587.76;0;0;0;0;0;0;;0;0;;0;0;0;0;0;0;0;0;9999.96;0;0;0;0;0;0;0;5590.33;15590.29
62.173.370/0001-88;2026-01-01;1;440430.43;208.01;0;0;440222.42;90007600;90007600;0;90007600;0;0;0;0;0;0;0;0;;0;0;0;0;0;0;0;0;0;;0;0;;0;0;0;624060.54;566448.59;0;57611.95;262123.26;8213.61;0;54868536.15;0;0;0;0;0;54484.1;55193357.12
62.173.916/0001-09;2026-01-01;1;5993696.29;0;0;0;5993696.29;396021855.3;358384762.64;0;358384762.64;0;0;0;0;0;0;0;0;;0;0;0;0;0;0;0;0;0;;0;0;;0;0;37637092.66;0;0;0;0;0;397692.34;0;0;0;0;0;0;0;15000;412692.34
62.203.816/0001-70;2026-01-01;1;143.81;143.81;0;0;0;3000000;3000000;0;0;3000000;0;0;0;0;0;0;0;;0;0;0;0;0;0;0;0;0;;0;0;;0;0;0;0;0;0;0;0;7476.19;0;0;0;0;0;0;0;0;7476.19
62.206.618/0001-60;2026-01-01;1;711125931.99;10000.01;711115931.98;0;0;1392665884.79;0;0;0;0;0;0;0;0;0;0;0;;0;0;616846081.5;0;775819803.29;0;0;0;0;;0;0;;0;0;0;9634621.33;0;0;9634621.33;9721699.4;116668.77;0;0;0;0;0;0;0;562971.87;10401340.04
62.235.730/0001-29;2026-01-01;1;7717430.21;1884.88;7715545.33;0;0;138999999.72;0;0;0;0;0;0;0;0;0;0;0;;0;0;0;0;0;0;138999999.72;0;0;;0;0;;0;0;0;0;0;0;0;0;21236.57;8152482.34;0;0;0;0;0;0;331880.6;8505599.51
62.252.669/0001-28;2026-01-01;1;7593026.86;0;0;0;7593026.86;108165950.92;0;0;0;0;0;0;0;0;0;0;0;;0;0;0;0;0;0;0;0;0;;108165950.92;0;;0;0;0;2540902.73;0;0;2540902.73;0;88421.95;0;0;0;0;0;0;0;30740.56;119162.51
62.254.106/0001-79;2026-01-01;1;398830.39;25643.27;0;0;373187.12;32228783.62;20494047.7;0;0;20494047.7;0;0;0;0;0;0;0;;0;0;0;0;0;0;11734735.92;0;0;;0;0;;0;0;0;466000;0;0;466000;0;8000;0;2061530.21;0;0;0;0;0;42006.89;2111537.1
62.293.353/0001-84;2026-01-01;1;14977367.83;1000;14976367.83;0;0;160162000;160000000;0;160000000;0;0;0;0;0;0;0;0;;0;0;162000;0;0;0;0;0;0;;0;0;;0;0;0;6145833.33;1345833.33;0;4800000;324000;130143.87;0;0;0;0;0;0;0;17457.72;471601.59
62.296.221/0001-06;2026-01-01;1;234808.32;0;0;0;234808.32;41639000;0;0;0;0;0;0;0;0;0;0;0;;0;0;0;0;0;0;0;0;0;;0;0;;0;0;41639000;137565.78;0;0;137565.78;0;10000;0;0;0;0;0;0;0;19840733.73;19850733.73
62.305.611/0001-03;2026-01-01;2;6899577.48;0;1114078.06;0;5785499.42;186619362.93;173800000;0;173800000;0;0;0;0;0;0;0;0;;0;0;0;0;0;0;0;0;0;;0;0;;4619362.93;0;8200000;2428741.88;2422540;0;6201.88;0;241005.16;797002.81;0;0;0;0;0;0;5829909.41;6867917.38
62.308.074/0001-47;2026-01-01;1;37895415.91;0;0;0;37895415.91;697192591.09;0;0;0;0;0;0;0;0;0;0;0;;0;0;697192591.09;0;0;0;0;0;0;;0;0;;0;0;0;0;0;0;0;0;36552.76;0;0;0;0;0;0;0;69534.06;106086.82
62.334.936/0001-06;2026-01-01;1;915460.72;100;;;915360.72;0;0;;;;;;;;;;;;;;;;;;;;;;;;;;;;12803698.86;;;12803698.86;;15000;;;;;;;;171508.22;186508.22
62.363.267/0001-09;2026-01-01;1;152727.1;411.11;0;0;152315.99;20000000;0;0;0;0;0;0;0;0;0;0;0;;0;0;0;0;0;0;20000000;0;0;;0;0;;0;0;0;0;0;0;0;0;9500;0;0;0;0;0;0;0;6668000;6677500
62.364.712/0001-47;2026-01-01;1;4857963.36;0;0;0;4857963.36;404093399.43;0;0;0;0;0;0;0;97741993.68;0;0;0;;0;0;152536549.06;0;0;0;0;0;0;;153814856.69;0;;0;0;0;183335.79;0;0;183335.79;0;10027.32;0;0;0;0;0;0;0;261295751.13;261305778.45
62.385.601/0001-17;2026-01-01;1;966843.61;182.76;0;0;966660.85;136462711.99;136462711.99;116128157.99;20334554;0;0;0;0;0;0;0;0;;0;0;0;0;0;0;0;0;0;;0;0;;0;0;0;1843454.96;1782802.62;0;60652.34;0;32984.49;0;123782700.08;0;0;0;0;0;38981.67;123854666.24
62.385.601/0001-17;2026-02-01;1;2978178.4;983.06;0;0;2977195.34;136462711.99;136462711.99;116128157.99;20334554;0;0;0;0;0;0;0;0;;0;0;0;0;0;0;0;0;0;;0;0;;0;0;0;2459599.56;1813891.77;0;645707.79;0;28272.42;0;123184173.74;0;0;0;0;0;33412.86;123245859.02
62.429.810/0001-15;2026-01-01;1;596648.93;0;0;0;596648.93;88388722.47;0;0;0;0;0;0;0;0;0;0;0;;0;0;88388722.47;0;0;0;0;0;0;;0;0;;0;0;0;0;0;0;0;0;5500;0;0;0;0;0;0;0;31879.98;37379.98
62.452.316/0001-71;2026-01-01;1;213603.67;73.58;213530.09;0;0;35660089.01;0;0;0;0;0;0;0;0;0;0;0;;0;0;0;0;0;0;0;0;0;;0;0;;0;0;35660089.01;0;0;0;0;0;30275.38;0;0;0;0;0;0;0;3103.77;33379.15
62.455.533/0001-15;2026-01-01;1;1880428.17;172.76;0;0;1880255.41;55517949;55517949;0;55517949;0;0;0;0;0;0;0;0;;0;0;0;0;0;0;0;0;0;;0;0;;0;0;0;1235648.17;370824.88;0;864823.29;1926265.79;25000;0;0;0;0;0;0;0;608584.19;2559849.98
62.502.267/0001-34;2026-01-01;1;53490037.08;0;0;0;53490037.08;194820.98;0;0;0;0;0;0;0;0;0;0;0;;0;0;194820.98;0;0;0;0;0;0;;0;0;;0;0;0;1564498.42;1524009.86;0;40488.56;0;10000;0;0;0;0;0;0;0;1467012.28;1477012.28
62.526.654/0001-00;2026-01-01;1;228672.42;0;0;0;228672.42;914483748.11;0;0;0;0;0;0;0;0;0;0;0;;0;0;914483748.11;0;0;0;0;0;0;;0;0;;0;0;0;73493.96;0;0;73493.96;0;12500;0;0;0;0;0;0;0;42350.35;54850.35
62.529.006/0001-08;2026-01-01;1;13032582.66;7930708.6;5101874.06;0;0;73694883.57;73694883.57;0;0;73694883.57;0;0;0;0;0;0;0;;0;0;0;0;0;0;0;0;0;;0;0;;0;0;0;0;0;0;0;0;15000;0;0;0;0;0;0;0;838.97;15838.97
62.547.973/0001-00;2026-01-01;1;17992.49;17992.49;0;0;0;13443673.31;13443673.31;0;;0;0;0;13443673.31;0;0;0;0;;0;0;0;0;0;0;0;0;0;;0;0;;0;0;0;0;0;0;0;0;6000;0;0;0;0;0;0;0;5636.36;11636.36
62.572.251/0001-06;2026-01-01;1;0;0;0;0;0;155254071.99;0;0;0;0;0;0;0;0;0;0;0;;0;0;155254071.99;0;0;0;0;0;0;;0;0;;0;0;0;43370.7;0;0;43370.7;0;25822.59;0;0;0;0;0;0;0;172746.16;198568.75
62.572.288/0001-26;2026-01-01;1;0;0;0;0;0;48779876;0;0;0;0;0;0;0;0;0;0;0;;0;0;0;0;0;0;48779876;0;0;;0;0;;0;0;0;809.16;0;0;809.16;0;10000;0;0;0;0;0;0;0;90288.23;100288.23
62.603.652/0001-78;2026-01-01;1;92968401.47;209.43;0;0;92968192.04;248977646.11;0;0;0;0;0;0;0;0;0;0;0;;0;0;0;0;0;0;248977646.11;0;0;;0;0;;0;0;0;0;0;0;0;0;295060.95;0;0;0;0;0;0;0;142694347.87;142989408.82
62.662.477/0001-90;2026-01-01;1;2326819.99;5790.14;0;0;2321029.85;107827449.24;107827449.24;0;77820000;0;30007449.24;0;0;0;0;0;0;;0;0;0;0;0;0;0;0;0;;0;0;;0;0;0;2878805.11;545831.13;380000;1952973.98;67889.29;76745.35;0;18000969.01;2839806.18;0;0;0;0;27487.91;21012897.74
62.683.216/0001-56;2026-01-01;1;107971849.79;-0.01;0;0;107971849.8;257903743.89;94350000;0;94350000;0;0;0;0;0;0;0;0;;0;0;0;0;0;0;17654659.18;0;0;;145899084.71;0;;0;0;0;11948525.19;0;0;11948525.19;0;63872.22;0;0;0;0;0;0;0;6721231.98;6785104.2
62.731.360/0001-10;2026-01-01;1;112123730.06;0;103842647.85;0;8281082.21;50170069.2;50170069.2;0;50170069.2;0;0;0;0;0;0;0;0;;0;0;0;0;0;0;0;0;0;;0;0;;0;0;0;7677367.47;0;0;7677367.47;0;254040.01;0;0;0;0;0;0;0;33189.1;287229.11
62.736.870/0001-80;2026-01-01;1;2962887.86;0;2558096.22;0;404791.64;5196.44;0;0;0;0;0;0;0;0;0;0;0;;0;0;5196.44;0;0;0;0;0;0;;0;0;;0;0;0;52571713.99;0;0;52571713.99;0;44908.77;0;0;0;0;0;0;0;486.38;45395.15
62.739.410/0001-06;2026-01-01;1;3842.39;0;0;0;3842.39;288747959.86;0;0;0;0;0;0;0;0;0;0;0;;0;0;288747959.86;0;0;0;0;0;0;;0;0;;0;0;0;67584.69;0;0;67584.69;0;26000;0;0;0;0;0;0;0;7342.68;33342.68
62.754.323/0001-28;2026-01-01;1;127144.68;0.9;0;0;127143.78;0;0;0;0;0;0;0;0;0;0;0;0;;0;0;0;0;0;0;0;0;0;;0;0;;0;0;0;196536.28;0;0;196536.28;0;6000;0;0;0;0;0;0;0;2000;8000
62.805.438/0001-02;2026-01-01;1;0;0;0;0;0;0;0;0;0;0;0;0;0;0;0;0;0;;0;0;0;0;0;0;0;0;0;;0;0;;0;0;0;0;0;0;0;0;0;0;0;0;0;0;0;0;0;0
62.808.826/0001-39;2026-01-01;1;20328129.89;0;20328129.89;0;0;5500000;0;0;0;0;0;0;0;0;0;0;0;;0;0;0;0;0;0;5500000;0;0;;0;0;;0;0;0;-59363.83;0;0;-59363.83;0;220908.45;0;0;0;0;0;0;0;17532.94;238441.39
62.811.491/0001-08;2026-01-01;1;35276644.16;0;0;0;35276644.16;66583943.37;66583943.37;66583943.37;0;0;0;0;0;0;0;0;0;;0;0;0;0;0;0;0;0;0;;0;0;;0;0;0;0;0;0;0;0;19922.55;0;0;0;0;0;0;0;31338554.56;31358477.11
62.855.536/0001-46;2026-01-01;1;6457929.87;0;0;0;6457929.87;402225532.81;371636817.69;0;371636817.69;0;0;0;0;0;0;0;0;;0;0;0;0;0;0;0;0;0;;0;0;;0;0;30588715.12;0;0;0;0;0;404194.33;0;0;0;0;0;0;0;13333.35;417527.68
62.864.543/0001-04;2026-01-01;1;665713;981.14;664731.86;0;0;660249.72;0;0;0;0;0;0;0;0;0;0;0;;0;0;660249.73;0;0;0;0;0;0;;0;0;;0;0;0;0;0;0;0;0;4991.47;0;0;0;0;0;0;0;471.8;5463.27
62.883.138/0001-33;2026-01-01;1;22536.2;0;0;0;22536.2;253427771.38;0;0;0;0;0;0;0;0;0;0;0;;0;0;253427771.38;0;0;0;0;0;0;;0;0;;0;0;0;2179352.44;0;0;2179352.44;0;9000;0;0;0;0;0;0;0;70000;79000
62.894.743/0001-00;2026-01-01;1;2479318.07;2429.88;0;0;2476888.19;1177929283.85;0;0;0;0;0;0;0;0;0;0;0;;0;0;0;0;0;0;0;1177929283.85;0;;0;0;;0;0;0;36215377.68;0;0;36215377.68;0;34763.46;0;0;0;0;0;0;0;24845840.74;24880604.2
62.935.643/0001-84;2026-01-01;1;4434738.96;84453.64;0;0;4350285.32;467507830.63;444507830.63;444507830.63;0;0;0;0;0;0;0;0;0;;0;0;0;0;0;0;0;0;0;;0;0;;0;0;23000000;0;0;0;0;0;51783.43;0;0;0;0;0;0;0;256987343.96;257039127.39
62.950.991/0001-20;2026-01-01;1;31916422.28;10000.01;31906422.27;0;0;937656029.72;483759799.35;0;483759799.35;0;0;0;0;0;0;0;0;;0;0;0;0;453896230.37;0;0;0;0;;0;0;;0;0;0;3570020.71;3465281.36;0;104739.35;0;0;0;0;0;0;0;0;0;167582.96;167582.96
62.951.756/0001-73;2026-01-01;1;1776947.44;1742.63;1775204.81;0;0;78481937.75;56747993.54;0;0;0;56747993.54;0;0;0;0;0;0;;0;0;921828.21;0;0;0;20812116;0;0;;0;0;;0;0;0;185840.84;0;0;185840.84;0;17708.99;0;0;0;0;0;0;0;16755724.96;16773433.95
62.952.567/0001-15;2026-01-01;1;655933.62;0;0;0;655933.62;61124198.27;0;0;0;0;0;0;0;61120500.48;0;0;0;;0;0;3697.79;0;0;0;0;0;0;;0;0;;0;0;0;0;0;0;0;0;20000;0;0;0;0;0;0;0;13333.33;33333.33
62.959.750/0001-42;2026-01-01;1;3019956.85;1207.75;0;0;3018749.1;111315304.3;0;0;0;0;0;0;0;0;0;0;0;;0;0;0;0;0;0;111315304.3;0;0;;0;0;;0;0;0;0;0;0;0;0;15000;0;0;0;0;0;0;0;61904.97;76904.97
62.959.750/0001-42;2026-02-01;1;2842294.66;484.18;0;0;2841810.48;111435304.3;0;0;0;0;0;0;0;0;0;0;0;;0;0;0;0;0;0;111435304.3;0;0;;0;0;;0;0;0;460.56;0;0;460.56;0;15000;0;0;0;0;0;0;0;55389.58;70389.58
62.962.772/0001-61;2026-01-01;1;13740223.92;100;;;13740123.92;2658234.7;0;;;;;;;;;;;;;;2658234.7;;;;;;;;;;;;;;331342.26;;;331342.26;;10979.95;;;;;;;;12468421.55;12479401.5
62.992.889/0001-98;2026-01-01;2;8958556.46;0;8958556.46;0;0;1145586839.67;0;0;0;0;0;0;0;0;0;0;0;;0;0;1145586839.67;0;0;0;0;0;0;;0;0;;0;0;0;13627525.82;0;0;13627525.82;0;1059025.68;0;0;0;0;0;0;0;12040.57;1071066.25
62.995.191/0001-26;2026-01-01;1;18386557.21;0;0;0;18386557.21;298707688.51;298707688.51;0;298707688.51;0;0;0;0;0;0;0;0;;0;0;0;0;0;0;0;0;0;;0;0;;0;0;0;2040161.83;2040161.83;0;0;2015883.6;33166.54;0;0;0;0;0;0;0;509968.62;2559018.76
62.995.712/0001-45;2026-01-01;1;9134270.42;0;0;0;9134270.42;1012871301.2;0;0;0;0;0;0;0;0;0;0;0;;0;0;1012871301.2;0;0;0;0;0;0;;0;0;;0;0;0;0;0;0;0;0;25525.9;0;0;0;0;0;0;0;81026.03;106551.93
63.009.499/0001-18;2026-01-01;1;10765.05;10013.29;0;0;751.76;300747788.4;0;0;0;0;0;0;0;0;0;0;0;;0;0;300747788.4;0;0;0;0;0;0;;0;0;;0;0;0;2271193.74;0;0;2271193.74;0;0;0;0;0;0;0;0;0;2623.53;2623.53
63.032.672/0001-07;2026-01-01;1;620320.4;0;620320.4;0;0;113003417;0;0;0;0;0;0;0;0;0;0;0;;0;0;113003417;0;0;0;0;0;0;;0;0;;0;0;0;790030.62;0;0;790030.62;0;25000;0;0;0;0;0;0;0;0;25000
63.034.061/0001-90;2026-01-01;1;4336072.96;-0.01;0;0;4336072.97;130978064.04;0;0;0;0;0;0;0;26504720;0;0;0;;0;0;103673344.04;0;0;0;800000;0;0;;0;0;;0;0;0;483650.64;0;0;483650.64;0;22136.12;0;0;0;0;0;0;0;25306.06;47442.18
63.034.711/0001-05;2026-01-01;1;0;0;0;0;0;33123343.04;0;0;0;0;0;0;0;0;0;0;0;;0;0;0;0;0;0;0;33123343.04;0;;0;0;;0;0;0;0;0;0;0;0;6000;0;0;0;0;0;0;0;0;6000
63.051.078/0001-55;2026-01-01;1;1180939.83;100;;;1180839.83;52903193.21;0;;;;;;;;;;;;;;50937649.29;;;;;;;;1965543.92;;;;;;0;;;;;5861.78;;;;;;;;204567.71;210429.49
63.104.203/0001-48;2026-01-01;1;160089927.69;0;0;0;160089927.69;27646548.83;27646548.83;0;0;27646548.83;0;0;0;0;0;0;0;;0;0;0;0;0;0;0;0;0;;0;0;;0;0;0;0;0;0;0;0;161738.44;0;0;0;0;0;0;0;64595.48;226333.92
63.105.082/0001-59;2026-01-01;2;906578;906578;0;0;0;11594325.06;11594325.06;11594325.06;0;0;0;0;0;0;0;0;0;;0;0;0;0;0;0;0;0;0;;0;0;;0;0;0;6759.35;0;0;6759.35;0;15000;0;0;0;0;0;0;0;87574.65;102574.65
63.134.454/0001-75;2026-01-01;1;2389570.17;0;0;0;2389570.17;212077941.83;0;0;0;0;0;0;0;197847655.44;0;0;0;;0;0;0;0;0;0;0;0;0;;14230286.39;0;;0;0;0;7384928.04;0;0;7384928.04;0;37588.46;0;0;0;0;0;0;0;26065.46;63653.92
63.168.672/0001-20;2026-01-01;1;229082.51;600;0;0;228482.51;0;0;0;0;0;0;0;0;0;0;0;0;;0;0;0;0;0;0;0;0;0;;0;0;;0;0;0;11104377.19;0;0;11104377.19;0;30500;0;0;0;0;0;0;0;12126000;12156500
63.168.672/0001-20;2026-02-01;1;94709.94;9839.72;0;0;84870.22;-641015.57;11788492.72;0;0;0;0;11788492.72;0;0;0;0;0;;0;0;0;0;0;0;0;0;0;;-12429508.29;0;;0;0;0;0;0;0;0;0;30000;0;0;0;0;0;0;0;18500;48500
63.225.091/0001-83;2026-01-01;1;354955.04;0;0;0;354955.04;36786890.41;0;0;0;0;0;0;0;0;0;0;0;;0;0;36786890.41;0;0;0;0;0;0;;0;0;;0;0;0;0;0;0;0;0;34000;0;0;0;0;0;0;0;21686.72;55686.72
63.240.822/0001-60;2026-01-01;2;29042589.13;0;29042589.13;0;0;1653347098.26;1653347098.26;0;1653347098.26;0;0;0;0;0;0;0;0;;0;0;0;0;0;0;0;0;0;;0;0;;0;0;0;4712268.35;4712268.35;0;0;0;0;0;527915822.89;0;0;0;0;0;0;527915822.89
63.249.022/0001-00;2026-01-01;1;10014670.6;0;0;0;10014670.6;0;0;0;0;0;0;0;0;0;0;0;0;;0;0;0;0;0;0;0;0;0;;0;0;;0;0;0;0;0;0;0;0;0;0;0;0;0;0;0;0;0;0
63.266.685/0001-32;2026-01-01;1;3051953.69;2520.37;3049433.32;0;0;304130500.87;4130500.87;4130500.87;0;0;0;0;0;0;0;0;0;;0;0;0;0;0;0;300000000;0;0;;0;0;;0;0;;0;0;0;0;0;6897.34;0;0;0;0;0;0;0;72921.72;79819.06
63.279.000/0001-92;2026-01-01;1;47996825.13;1632.61;47995192.52;0;0;49260625.93;0;0;0;0;0;0;0;0;0;0;0;;0;0;49260625.93;0;0;0;0;0;0;;0;0;;0;0;0;1516393.57;0;0;1516393.57;128216;19922.55;0;0;0;0;0;0;0;179762.71;327901.26
63.279.539/0001-41;2026-01-01;1;39858.06;39858.06;0;0;0;8347672.56;8347672.56;0;8347672.56;0;0;0;0;0;0;0;0;;0;0;0;0;0;0;0;0;0;;0;0;;0;0;0;0;0;0;0;0;14645.44;0;7898370.71;0;0;0;0;0;0;7926942.35
63.286.011/0001-08;2026-01-01;1;335865.38;8777.32;327088.06;0;0;45933621.27;45933621.27;0;45933621.27;0;0;0;0;0;0;0;0;;0;0;0;0;0;0;0;0;0;;0;0;;0;0;0;0;0;0;0;0;15000;0;0;0;0;0;0;0;1580.52;16580.52
63.320.393/0001-30;2026-01-01;2;857090.63;0;0;0;857090.63;62847184.77;62847184.77;0;62847184.77;0;0;0;0;0;0;0;0;;0;0;0;0;0;0;0;0;0;;0;0;;0;0;0;0;0;0;0;0;1171.44;0;0;0;0;0;0;0;56115822.76;56116994.2
63.327.294/0001-80;2026-01-01;1;310110.38;535.53;0;0;309574.85;32000000;32000000;0;32000000;0;0;0;0;0;0;0;0;;0;0;0;0;0;0;0;0;0;;0;0;;0;0;0;9383.67;0;0;9383.67;0;54070;0;18600000;0;0;0;0;0;8830.98;18662900.98
63.360.692/0001-07;2026-01-01;1;1040350.07;1999.97;;;1038350.1;24835585.78;24835585.78;;;24835585.78;;;;;;;;;;;;;;;;;;;;;;;;;101314.27;101314.27;;;;8000;;;;;;;;1059.89;9059.89
63.375.304/0001-53;2026-01-01;1;1392985.66;1417.85;1391567.81;0;0;180663063.88;175000000;0;0;175000000;0;0;0;0;0;0;0;;0;0;5663063.88;0;0;0;0;0;0;;0;0;;0;0;0;0;0;0;0;0;10348;0;0;0;0;0;0;0;92986.17;103334.17
63.416.131/0001-74;2026-01-01;1;2445333.85;0;0;0;2445333.85;61968107.08;18370507.04;0;0;0;18370507.04;0;0;0;0;0;0;;0;0;0;0;0;0;43597600.04;0;0;;0;0;;0;0;0;0;0;0;0;0;7805.89;0;0;0;0;0;0;0;11905390.33;11913196.22
63.420.458/0001-10;2026-01-01;1;14877244.85;10830.56;0;0;14866414.29;388819977.45;0;0;0;0;0;0;0;377838069.26;0;0;0;;0;0;10981908.19;0;0;0;0;0;0;;0;0;;0;0;0;0;0;0;0;3321193.74;36472.44;0;0;0;0;0;0;0;94371.93;3452038.11
63.429.256/0001-39;2026-01-01;1;30139844.65;1022.62;30138822.03;0;0;31146909.18;0;0;0;0;0;0;0;0;0;0;0;;0;0;31146909.18;0;0;0;0;0;0;;0;0;;0;0;0;1027777.74;0;0;1027777.74;0;19922.55;0;0;0;0;0;0;0;46049.69;65972.24
63.441.263/0001-56;2026-01-01;1;6053899.77;0;0;0;6053899.77;136354941.66;0;0;0;0;0;0;0;0;0;0;0;;0;0;15635.65;0;0;0;0;0;0;;136339306.01;0;;0;0;0;5805393.09;0;0;5805393.09;1630522.2;314103.43;78094.75;0;0;0;0;0;0;0;2022720.38
63.460.267/0001-81;2026-01-01;1;66431.47;91;0;0;66340.47;8000000;8000000;0;0;0;8000000;0;0;0;0;0;0;;0;0;0;0;0;0;0;0;0;;0;0;;0;0;0;0;0;0;0;0;0;0;0;0;0;0;0;0;23090.8;23090.8
63.460.267/0001-81;2026-02-01;1;24072.6;1000;0;0;23072.6;8020000;8020000;0;0;0;8020000;0;0;0;0;0;0;;0;0;0;0;0;0;0;0;0;;0;0;;0;0;0;0;0;0;0;0;4000;0;0;0;0;0;0;0;18727.2;22727.2
63.461.382/0001-70;2026-01-01;1;13046097.31;45;;;13046052.31;124555619.57;0;;;;;;;;;;;;;;;;;;124555619.57;;;;;;;;;;550000;;;550000;;116065.08;;;;;;;;13895787.07;14011852.15
63.492.653/0001-55;2026-01-01;1;388671.6;0;0;0;388671.6;143518368.89;140000000;140000000;0;0;0;0;0;0;0;0;0;;0;0;3518368.89;0;0;0;0;0;0;;0;0;;0;0;0;0;0;0;0;4.9;16602.08;0;110000000;0;0;0;0;0;71400.22;110088007.2
63.496.639/0001-20;2026-01-01;1;158716.05;0;0;0;158716.05;568980599.4;0;0;0;0;0;0;0;0;0;0;0;;0;0;568980599.4;0;0;0;0;0;0;;0;0;;0;0;0;119441.61;0;0;119441.61;0;16000;0;0;0;0;0;0;0;7342.68;23342.68
63.505.786/0001-19;2026-01-01;1;12688917.87;0.03;0;0;12688917.84;1068654592.1;1068654592.1;0;1068654592.1;0;0;0;0;0;0;0;0;;0;0;0;0;0;0;0;0;0;;0;0;;0;0;0;0;0;0;0;0;7500;0;1062705154.53;0;0;0;0;0;9302.4;1062721956.93
63.566.516/0001-18;2026-01-01;1;1619749.26;5872.85;0;0;1613876.41;37602533.74;37602533.74;0;0;37602533.74;0;0;0;0;0;0;0;;0;0;0;0;0;0;0;0;0;;0;0;;0;0;0;4818.19;0;0;4818.19;0;8000;0;5422796;0;0;31759942.36;0;0;17000;37207738.36
63.573.987/0001-53;2026-01-01;1;2411853.52;0;0;0;2411853.52;96216334.27;0;0;0;0;0;0;0;96208233.75;0;0;0;;0;0;8100.52;0;0;0;0;0;0;;0;0;;0;0;0;2089337.6;0;0;2089337.6;0;15000;0;0;0;0;0;0;0;12550.38;27550.38
63.574.240/0001-10;2026-01-01;2;8047857.76;0;0;0;8047857.76;54021395.08;54021395.08;0;54021395.08;0;0;0;0;0;0;0;0;;0;0;0;0;0;0;0;0;0;;0;0;;0;0;0;0;0;0;0;0;12000;0;0;0;0;0;0;0;59252.27;71252.27
63.574.892/0001-54;2026-01-01;1;4754384.13;0;0;0;4754384.13;56314230.36;56314230.36;0;56314230.36;0;0;0;0;0;0;0;0;;0;0;0;0;0;0;0;0;0;;0;0;;0;0;0;46173.69;46173.69;0;0;4497508.23;12000;0;25341405.86;0;0;0;0;0;18279.15;29869193.24
63.601.980/0001-06;2026-01-01;2;5413993.69;0;0;0;5413993.69;416568110.4;0;0;0;0;0;0;0;0;0;0;0;;0;0;416568110.4;0;0;0;0;0;0;;0;0;;0;0;0;0;0;0;0;1663071.2;12000;0;0;0;0;0;0;0;43833.02;1718904.22
63.602.404/0001-75;2026-01-01;1;223863.44;2207.59;221655.85;0;0;0;0;0;0;0;0;0;0;0;0;0;0;;0;0;0;0;0;0;0;0;0;;0;0;;0;0;0;0;0;0;0;0;29000;0;0;0;0;0;0;0;25027.29;54027.29
63.616.278/0001-08;2026-01-01;1;1627241.06;1000.02;0;0;1626241.04;98220604.23;0;0;0;0;0;0;0;0;0;0;0;;0;0;98220604.23;0;0;0;0;0;0;;0;0;;0;0;0;0;0;0;0;750000;8500;0;0;0;0;0;0;0;3014.94;761514.94
63.616.390/0001-49;2026-01-01;1;694901.38;1000;0;0;693901.38;128050000;0;0;0;0;0;0;0;0;0;0;0;;0;0;0;0;0;0;128050000;0;0;;0;0;;0;0;0;0;0;0;0;0;2209.52;0;0;0;0;0;0;0;76.19;2285.71
63.626.722/0001-76;2026-01-01;1;47889701.6;0;0;0;47889701.6;640796206.28;0;0;0;0;0;0;0;0;0;0;0;;0;0;0;0;0;0;0;0;0;;640796206.28;0;;0;0;0;21641417.71;0;0;21641417.71;0;704455.6;0;0;0;0;0;-1435117.98;0;11748.24;-718914.14
63.638.368/0001-08;2026-01-01;1;95629807.57;0;0;0;95629807.57;2628926515.75;0;0;0;0;0;0;0;0;0;0;0;;0;0;2628926515.75;0;0;0;0;0;0;;0;0;;0;0;0;34429023.33;0;0;34429023.33;34411778.78;451041.26;0;0;0;0;0;0;0;32715.76;34895535.8
63.638.435/0001-86;2026-01-01;1;485096.47;0;0;0;485096.47;303301585.11;0;0;0;0;0;0;0;0;0;0;0;;0;0;303301585.11;0;0;0;0;0;0;;0;0;;0;0;0;3922956.28;0;0;3922956.28;3587536.44;8000;0;0;0;0;0;0;0;526564.98;4122101.42
63.638.500/0001-73;2026-01-01;1;485320.84;0;0;0;485320.84;303375085.04;0;0;0;0;0;0;0;0;0;0;0;;0;0;303375085.04;0;0;0;0;0;0;;0;0;;0;0;0;3996456.21;0;0;3996456.21;3661214.25;8000;0;0;0;0;0;0;0;526433.58;4195647.83
63.638.558/0001-17;2026-01-01;1;1345468.22;0;0;0;1345468.22;707446354.79;0;0;0;0;0;0;0;0;0;0;0;;0;0;707446354.79;0;0;0;0;0;0;;0;0;;0;0;0;8896220.89;0;0;8896220.89;8129832.69;8000;0;0;0;0;0;0;0;1420378.53;9558211.22
63.700.460/0001-42;2026-01-01;2;107418317.99;0;0;0;107418317.99;193382672.16;21658859.28;0;21658859.28;0;0;0;0;0;0;0;0;;0;0;0;0;0;0;171723812.88;0;0;;0;0;;0;0;0;0;0;0;0;0;172798.07;0;0;0;0;0;0;0;0;172798.07
63.756.393/0001-88;2026-01-01;1;6984.17;0;0;0;6984.17;36474197.87;0;0;0;0;0;0;0;0;0;0;0;;0;0;36474197.87;0;0;0;0;0;0;;0;0;;0;0;0;0;0;0;0;0;3002.98;0;0;0;0;0;0;0;10342.68;13345.66
63.757.906/0001-75;2026-01-01;1;558963.44;0;558963.44;0;0;0;0;0;0;0;0;0;0;0;0;0;0;;0;0;0;0;0;0;0;0;0;;0;0;;0;0;0;44093941.62;0;0;44093941.62;0;47736.71;0;0;0;0;0;0;0;0;47736.71
63.759.978/0001-51;2026-01-01;1;8931180.39;1000;0;0;8930180.39;162028861.5;0;0;0;0;0;0;0;0;0;0;0;;0;0;0;0;0;0;0;0;0;;162028861.5;0;;0;0;0;208568921.02;0;0;208568921.02;0;22236.21;0;0;0;0;0;0;0;16639.33;38875.54
63.779.981/0001-37;2026-01-01;1;429127.47;113.63;0;0;429013.84;10000000;10000000;0;10000000;0;0;0;0;0;0;0;0;;0;0;0;0;0;0;0;0;0;;0;0;;0;0;0;0;0;0;0;0;4500;0;0;0;0;0;0;0;5000704.55;5005204.55
63.779.981/0001-37;2026-02-01;1;428924.9;1113.63;0;0;427811.27;10000000;10000000;0;10000000;0;0;0;0;0;0;0;0;;0;0;0;0;0;0;0;0;0;;0;0;;0;0;0;0;0;0;0;0;4000;0;0;0;0;0;0;0;5001704.55;5005704.55
63.787.107/0001-41;2026-01-01;1;103496.81;103496.81;0;0;0;144400000;144400000;0;144400000;0;0;0;0;0;0;0;0;;0;0;0;0;0;0;0;0;0;;0;0;;0;0;0;0;0;0;0;0;10000;0;0;0;0;0;0;0;122590003;122600003
63.787.222/0001-16;2026-01-01;1;1271844.07;1000.03;0;0;1270844.04;100639831.67;100639831.67;100639831.67;0;0;0;0;0;0;0;0;0;;0;0;0;0;0;0;0;0;0;;0;0;;0;0;0;18593844.33;0;0;18593844.33;0;8500;0;0;0;0;0;0;0;3500;12000
63.787.595/0001-97;2026-01-01;1;943221.94;999.99;0;0;942221.95;148868642;148868642;0;148868642;0;0;0;0;0;0;0;0;;0;0;0;0;0;0;0;0;0;;0;0;;0;0;0;0;0;0;0;0;8500;0;0;0;0;0;0;0;3500;12000
63.787.833/0001-64;2026-01-01;1;3307198.74;2064.4;0;0;3305134.34;1384000;1384000;0;1384000;0;0;0;0;0;0;0;0;;0;0;0;0;0;0;0;0;0;;0;0;;0;0;0;2903.53;0;0;2903.53;0;774.65;0;0;0;0;0;0;0;8309.89;9084.54
63.791.163/0001-50;2026-01-01;1;107108.61;2459.31;0;0;104649.3;257700000;257700000;0;257700000;0;0;0;0;0;0;0;0;;0;0;0;0;0;0;0;0;0;;0;0;;0;0;0;863.64;0;0;863.64;0;15000;0;0;0;0;0;0;0;227035000;227050000
63.801.471/0001-19;2026-01-01;2;1003798.68;100;;;1003698.68;69496800.82;0;;;;;;;;;;;;;;69496800.82;;;;;;;;;;;;;;0;;;;;10406.68;;;;;;;;18296.74;28703.42
63.806.554/0001-09;2026-01-01;1;16137371.54;236265.63;0;0;15901105.91;427152693.04;412539693.04;0;412539693.04;0;0;0;0;0;0;0;0;;0;0;0;0;0;0;14613000;0;0;;0;0;;0;0;0;18865;0;0;18865;1474769.46;34544.96;0;166881408.03;0;0;0;0;0;481900.98;168872623.43
63.811.693/0001-12;2026-01-01;1;1577773.27;2000;;;1575773.27;285001095.22;285001095.22;;285001095.22;;;;;;;;;;;;;;;;;;;;;;;;;;1868331.87;1868331.87;;;1512000;35089.77;;75000000;;;;;;1564257.37;78111347.14
63.812.442/0001-52;2026-01-01;1;955198.67;0;955198.67;0;0;33345034.9;0;0;0;0;0;0;0;0;0;0;0;;0;0;33345034.9;0;0;0;0;0;0;;0;0;;0;0;0;9543.14;0;0;9543.14;0;7500;0;0;0;0;0;0;0;0;7500
63.821.784/0001-39;2026-01-01;1;55453.08;100;;;55353.08;43808500;43808500;43808500;;;;;;;;;;;;;;;;;;;;;;;;;;;1658592.9;;;1658592.9;;35000;;;;;;;;1062.39;36062.39
63.848.135/0001-21;2026-01-01;1;136081.29;1000;0;0;135081.29;60843263.43;0;0;0;0;0;0;0;0;0;0;0;;0;0;0;0;0;0;60843263.43;0;0;;0;0;;0;0;0;0;0;0;0;0;10500;0;0;0;0;0;0;0;15002508.14;15013008.14
63.852.839/0001-78;2026-01-01;1;7358470.45;7358470.45;0;0;0;48925483.31;48925483.31;0;48925483.31;0;0;0;0;0;0;0;0;;0;0;0;0;0;0;0;0;0;;0;0;;0;0;0;480561.94;0;0;480561.94;0;4454.55;0;0;0;0;0;0;0;47783046.73;47787501.28
63.879.307/0001-24;2026-01-01;1;0;0;0;0;0;4800000;0;0;0;0;0;0;0;4800000;0;0;0;;0;0;0;0;0;0;0;0;0;;0;0;;0;0;0;0;0;0;0;0;23866.16;0;0;0;0;0;0;0;2000;25866.16
63.879.307/0001-24;2026-02-01;1;0;0;0;0;0;4800000;0;0;0;0;0;0;0;4800000;0;0;0;;0;0;0;0;0;0;0;0;0;;0;0;;0;0;0;0;0;0;0;0;35905.2;0;0;0;0;0;0;0;3000;38905.2
63.879.740/0001-60;2026-01-01;1;0;0;0;0;0;136656000;136656000;0;136656000;0;0;0;0;0;0;0;0;;0;0;0;0;0;0;0;0;0;;0;0;;0;0;0;0;0;0;0;0;21375.74;0;0;0;0;0;0;0;93921.45;115297.19
63.879.740/0001-60;2026-02-01;1;0;0;0;0;0;136656000;136656000;0;136656000;0;0;0;0;0;0;0;0;;0;0;0;0;0;0;0;0;0;;0;0;;0;0;0;0;0;0;0;0;31375.74;0;0;0;0;0;0;0;143554.92;174930.66
63.918.369/0001-06;2026-01-01;1;615467.63;0;0;0;615467.63;758365473;0;0;0;0;0;0;0;0;0;0;0;;0;0;758365473;0;0;0;0;0;0;;0;0;;0;0;0;0;0;0;0;0;13590.91;0;0;0;0;0;0;0;8790.8;22381.71
63.941.672/0001-11;2026-01-01;1;2223243.92;0;0;0;2223243.92;356664075.61;356664075.61;0;356664075.61;0;0;0;0;0;0;0;0;;0;0;0;0;0;0;0;0;0;;0;0;;0;0;0;7846259.69;1584605.81;0;6261653.88;0;58502.84;0;93000000;0;0;0;0;0;211809874.56;304868377.4
63.952.812/0001-57;2026-01-01;1;50088313.75;50088313.75;0;0;0;0;0;0;0;0;0;0;0;0;0;0;0;;0;0;0;0;0;0;0;0;0;;0;0;;0;0;0;0;0;0;0;0;0;0;0;0;0;0;0;0;88313.75;88313.75
63.952.986/0001-10;2026-01-01;1;644478.44;707.11;643771.33;0;0;10926271;10926271;0;0;0;0;10926271;0;0;0;0;0;;0;0;0;0;0;0;0;0;0;;0;0;;0;0;0;6381.14;0;0;6381.14;0;2504.27;0;0;0;0;0;0;0;7126.9;9631.17
63.954.054/0001-06;2026-01-01;1;642976848.56;0;0;0;642976848.56;50000;0;0;0;0;0;0;0;0;0;0;0;;0;0;0;0;0;0;50000;0;0;;0;0;;0;0;0;358875278.34;0;0;358875278.34;0;1161239.71;0;0;0;0;0;0;0;68928.67;1230168.38
63.973.003/0001-21;2026-01-01;1;5513069.48;0;0;0;5513069.48;205009000;2928571.43;0;2928571.43;0;0;0;0;0;0;0;0;;0;0;0;0;0;0;202080428.57;0;0;;0;0;;0;0;0;0;0;0;0;0;21477.36;0;0;0;0;0;0;0;102533481.36;102554958.72
63.976.969/0001-12;2026-01-01;1;299486.95;2038.84;297448.11;0;0;96908657;0;0;0;0;0;0;0;0;0;0;0;;0;0;0;0;0;0;96908657;0;0;;0;0;;0;0;0;0;0;0;0;0;15518.51;0;0;0;0;0;0;0;21161.67;36680.18
63.992.956/0001-37;2026-01-01;1;7581871.76;15932.16;7565939.6;0;0;179992205.69;4992205.69;0;4992205.69;0;0;0;0;0;0;0;0;;0;0;0;0;0;0;175000000;0;0;;0;0;;0;0;0;0;0;0;0;0;9383.75;0;0;0;0;0;0;0;33279.2;42662.95
64.012.870/0001-63;2026-01-01;1;1501366.35;1006.19;1500360.16;0;0;99700000;0;0;0;0;0;0;0;0;0;0;0;;0;0;0;0;0;0;99700000;0;0;;0;0;;0;0;0;16295017.78;0;0;16295017.78;1403839.84;0;0;0;0;0;0;0;0;0;1403839.84
64.030.930/0001-70;2026-01-01;1;323949;0;0;0;323949;243168840.55;0;0;0;0;0;0;0;0;0;0;0;;0;0;243168840.55;0;0;0;0;0;0;;0;0;;0;0;0;3731692.52;0;0;3731692.52;3395292.7;9818.2;0;0;0;0;0;0;0;424078.47;3829189.37
64.030.981/0001-00;2026-01-01;1;295742.55;0;0;0;295742.55;222968613.29;0;0;0;0;0;0;0;0;0;0;0;;0;0;222968613.29;0;0;0;0;0;0;;0;0;;0;0;0;3485742.16;0;0;3485742.16;3175277.86;9818.2;0;0;0;0;0;0;0;389724.07;3574820.13
64.031.021/0001-57;2026-01-01;1;1343361.1;0;0;0;1343361.1;911491300;0;0;0;0;0;0;0;0;0;0;0;;0;0;911491300;0;0;0;0;0;0;;0;0;;0;0;0;13567877.74;0;0;13567877.74;12379973.67;8000;0;0;0;0;0;0;0;1634591.48;14022565.15
64.083.111/0001-91;2026-01-01;1;65929687.36;0;0;0;65929687.36;47194172.73;0;0;0;0;0;0;0;47130863.54;0;0;0;;0;0;63309.19;0;0;0;0;0;0;;0;0;;0;0;0;2674461.72;0;0;2674461.72;0;10000;0;0;0;0;0;0;0;5000;15000
64.089.566/0001-14;2026-01-01;1;543180.38;0;0;0;543180.38;25073269.98;25073269.98;0;0;25073269.98;0;0;0;0;0;0;0;;0;0;0;0;0;0;0;0;0;;0;0;;0;0;0;0;0;0;0;0;8000;0;0;0;0;0;0;0;763386.81;771386.81
64.144.327/0001-10;2026-01-01;1;128133;128133;0;0;0;8600000;8600000;0;8600000;0;0;0;0;0;0;0;0;;0;0;0;0;0;0;0;0;0;;0;0;;0;0;0;0;0;0;0;0;14000;0;0;0;0;0;0;0;5776000;5790000
64.145.714/0001-70;2026-01-01;1;150079.48;150079.48;0;0;0;50550000;50550000;0;50550000;0;0;0;0;0;0;0;0;;0;0;0;0;0;0;0;0;0;;0;0;;0;0;0;0;0;0;0;0;14000;0;0;0;0;0;0;0;45939954.55;45953954.55
64.145.927/0001-00;2026-01-01;1;12700000;0;0;0;12700000;0;0;0;0;0;0;0;0;0;0;0;0;;0;0;0;0;0;0;0;0;0;;0;0;;0;0;0;0;0;0;0;0;0;0;0;0;0;0;0;0;0;0
64.156.203/0001-54;2026-01-01;1;2101059.52;0;0;0;2101059.52;0;0;0;0;0;0;0;0;0;0;0;0;;0;0;0;0;0;0;0;0;0;;0;0;;0;0;0;0;0;0;0;0;818.18;0;0;0;0;0;0;0;545.46;1363.64
64.280.202/0001-17;2026-02-01;1;920590.98;0;0;0;920590.98;0;0;0;0;0;0;0;0;0;0;0;0;;0;0;0;0;0;0;0;0;0;;0;0;;0;0;0;0;0;0;0;0;17931.86;0;0;0;0;0;0;0;47407.58;65339.44
64.581.643/0001-59;2026-01-01;1;880000;1450.37;878549.63;0;0;141570267.42;141570267.42;0;141570267.42;0;0;0;0;0;0;0;0;;0;0;0;0;0;0;0;0;0;;0;0;;0;0;0;0;0;0;0;0;790.48;0;20590267.42;0;0;0;0;0;1941.37;20592999.27
97.521.225/0001-25;2026-01-01;2;34730589.24;0;0;0;34730589.24;4346321313.8;9147060;0;0;0;9147060;0;0;0;0;0;0;;0;0;547313458.57;0;0;0;428774422.28;0;0;;3361086372.95;0;;0;0;0;22356576.4;0;0;22356576.4;43466901.51;3257131.46;0;0;0;0;0;0;0;512918.33;47236951.3
