CNPJ_Fundo_Classe;Data_Referencia;Versao;Data_Informacao_Numero_Cotistas;Total_Numero_Cotistas;Numero_Cotistas_Pessoa_Fisica;Numero_Cotistas_Pessoa_Juridica_Nao_Financeira;Numero_Cotistas_Banco_Comercial;Numero_Cotistas_Corretora_Distribuidora;Numero_Cotistas_Outras_Pessoas_Juridicas_Financeira;Numero_Cotistas_Investidores_Nao_Residentes;Numero_Cotistas_Entidade_Aberta_Previdencia_Complementar;Numero_Cotistas_Entidade_Fechada_Previdência_Complementar;Numero_Cotistas_Regime_Proprio_Previdencia_Servidores_Publicos;Numero_Cotistas_Sociedade_Seguradora_Resseguradora;Numero_Cotistas_Sociedade_Capitalizacao_Arrendamento_Mercantil;Numero_Cotistas_FII;Numero_Cotistas_Outros_Fundos;Numero_Cotistas_Distribuidores_Fundo;Numero_Cotistas_Outros_Tipos;Valor_Ativo;Patrimonio_Liquido;Cotas_Emitidas;Valor_Patrimonial_Cotas;Percentual_Despesas_Taxa_Administracao;Percentual_Despesas_Agente_Custodiante;Percentual_Rentabilidade_Efetiva_Mes;Percentual_Rentabilidade_Patrimonial_Mes;Percentual_Dividend_Yield_Mes;Percentual_Amortizacao_Cotas_Mes
00.332.266/0001-31;2026-01-01;1;2026-01-30;3639;;;;;;;;;;;;;;;;264139783.45;262606163.61;2800149;93.7829249836348;0.000216;2.5E-05;0.01684;0.012521;0.004319;0
00.613.094/0001-74;2026-01-01;1;2026-01-30;501;483;;;;;1;;14;;1;;;;;2;197038435.85;-25221266.07;758400;-33.2558888053797;0;0;0.00686;0.007754;-0.000894;0
00.762.723/0001-28;2026-01-01;1;2026-01-31;2190;;;;;;;;;;;;;;;;97186175.96;95576330.86;5384912;17.748912305345;0.000547;0;-0.002875;-0.002875;0;0
00.868.235/0001-08;2026-01-01;1;2026-01-31;5;;;;;;;;;;;;;;;;124256363.3;121564012.8;54316;2238.08846012225;0.00052;0;0.006411;-0.000622;0.007033;0
01.201.140/0001-90;2026-01-01;1;2026-01-31;14013;;;;;;;;;;;;;;;;526381288.38;521918936.68;4709082;110.832416313838;0.000198;0;0.006195;0.000328;0.005867;0
01.235.622/0001-61;2026-01-01;2;2026-01-31;124;;;;;;;;;;;;;;;;4802184591.45;3826159313.37;1324930.00003248;2887.81997032009;0.000530935887301239;;0.016846;0.005505;0.011341;
01.356.517/0001-80;2026-01-01;1;2025-12-31;5;5;0;0;0;0;0;0;0;0;0;0;0;0;0;0;467542476.9;172777943.7;56701;3047.17630553253;0.0004;0;0.046488;0.046488;0;0
01.497.954/0001-14;2026-01-01;1;2026-01-31;6;;;;;;;;;;;;;;;;164039240.69;163906847.65;8703994;18.8312224996938;0.000136;0;0.002086;0.000179;0.001907;0
01.601.918/0001-59;2026-01-01;1;2026-01-31;1;;;;;;;;;;;;;;;;58264970.51;58179657.82;500000;116.35931564;0.001094;1E-06;0.008525;0.008525;0;0
01.601.918/0001-59;2026-02-01;1;2026-02-28;1;;;;;;;;;;;;;;;;59114316.38;59029003.69;500000;118.05800738;0.001078;1E-06;0.014599;0.014599;0;0
01.633.741/0001-72;2026-01-01;1;2026-01-30;406;;;;;;;;;;;;;;;;23888553.39;23548189.15;508008;46.3539730673533;0.00091;2.5E-05;0.003194;0.003194;0;0
01.636.325/0001-28;2026-01-01;1;2026-01-30;4;0;4;0;0;0;0;0;0;0;0;0;0;0;0;0;315536941.88;313468794.57;234900;1334.477627;7E-05;0;0.01532;0.007506;0.007814;0
01.657.856/0001-05;2026-01-01;1;2026-01-30;4231;;;;;;;;;;;;;;;;43001356.9;41525145.71;4200000;9.8869394547619;0.00438;0;0.001664;0.001664;0;0
01.964.775/0001-40;2026-01-01;1;2026-01-31;6;;1;;;;;;5;;;;;;;;1546471.69;1541650.05;12583000;0.122518481284272;0.0006;0.0004;0.0101;0.0101;0;0
01.964.775/0001-40;2026-02-01;1;2026-02-28;6;;1;;;;;;5;;;;;;;;1545419.82;1540684.28;12583000;0.122441729317333;0.0006;0.0004;-0.0006;-0.0006;0;0
02.508.235/0001-14;2026-01-01;1;2026-01-31;6;;;;;;;;;;;;;;;;264084270.15;261269029.69;17100;15278.8906251462;0.000265;0;0.004825;-0.009119;0.013944;0
03.251.720/0001-18;2026-01-01;1;2026-01-30;672;659;6;0;0;0;0;0;1;0;0;0;4;2;0;0;278424143.8;268762408.54;750000;358.349878;0.000331;0;0.011073;0.005525;0.005548;0
03.507.519/0001-59;2026-01-01;1;2026-01-31;2063;;;;;;;;;;;;;;;;634598167.29;630214428.54;608950;1034.91982681665;0.00015;0;0.005746;0.000621;0.005125;0
03.683.056/0001-86;2026-01-01;1;2026-01-31;24658;;;;;;;;;;;;;;;;830304966.67;735960800.38;3690695;199.409813159852;0.000415;3E-06;0.005781;0.000413;0.005368;0
03.855.441/0001-63;2026-01-01;1;2026-01-31;2;;;;;;;;;;;;;;;;501883168.3;133963863.16;144210661;0.928945628783991;0.00122;9E-06;0.017324;0.017324;0;0
04.066.582/0001-60;2026-01-01;1;2026-01-30;3003;2996;7;0;0;0;0;0;0;0;0;0;0;0;0;0;56417254.15;55242140.65;200000;276.210703;0.00049;0;0;0;0;0
04.141.645/0001-03;2026-01-01;1;2026-01-31;11230;;;;;;;;;;;;;;;;350352094.15;345467420.77;1380670;250.21722842533;0.00013;0;0.003781;-0.000334;0.004115;0
04.644.612/0001-78;2026-01-01;1;2026-01-30;2;;;;;;;;2;;;;;;;;28198149.78;28167918.61;2044676.01522874;13.7762258666925;0.000631023550092542;0.000357580201059804;-0.001092;-0.001092;0;0
04.722.883/0001-02;2026-01-01;1;2026-01-30;509;488;10;0;0;0;0;0;3;0;0;0;4;4;0;0;675426310.38;646759778.1;3935562;164.337337;0.000141;0;0.00741;0.004806;0.002604;0
05.437.916/0001-27;2026-01-01;1;2026-01-30;1995;1987;8;;;;;;;;;;;;;;156783117.83;152651217.53;383936;397.595478230747;0.000412;0;0.00121;0.00121;0;0
05.562.312/0001-02;2026-01-01;1;2026-01-30;2016;2008;;;;;;;;;;;;8;;;172078868.45;121592275.44;122538;992.282193605249;0;0;0.00037;0.00037;0;0
06.175.262/0001-73;2026-01-01;1;2026-01-30;458;;;;;;;;;;;;;;;;50945870.11;50618020.79;236000;214.483138940678;0.00025;3E-05;0.005431;0.001239;0.004192;0
07.000.400/0001-46;2026-01-01;1;2026-01-30;5522;5390;122;1;0;0;1;0;0;4;0;0;0;4;0;0;17300501.36;4408674.69;130000;33.912882;0.37315;0;-0.672338;-0.473378;-0.19896;0
07.122.725/0001-00;2026-01-01;1;2026-01-30;1875;1813;50;0;0;0;6;0;0;1;0;0;3;2;0;0;233390239.98;229298385.03;111177;2062.462425;0.000472;0;0;0;0;0
07.224.019/0001-60;2026-01-01;1;2026-01-30;2;0;1;0;0;0;1;0;0;0;0;0;0;0;0;0;1343919392.27;1267810059.79;1189725;1065.632865;0.000127;0;0.048657;-0.015678;0.064335;0
07.583.627/0001-61;2026-01-01;1;2026-01-30;11;10;1;0;0;0;0;0;0;0;0;0;0;0;0;0;5088596713.73;5008872889.48;224952;22266.407454;5.5E-05;0;0.072638;0.072638;0;0
07.789.135/0001-27;2026-01-01;1;2026-01-30;250;244;;;;;6;;;;;;;;;;4499486298.56;4189660522.28;34717612.9610135;120.678242682895;2.35969906092055E-05;7.07711277377294E-07;0.074567;0.061894;0.012673;0
08.014.513/0001-63;2026-01-01;1;2026-01-30;5197;5179;10;1;0;0;1;0;0;0;0;0;3;3;0;0;225323412.83;224929403.08;1293286;173.920852;0.000363;0;0;0;0;0
08.098.114/0001-28;2026-01-01;1;2026-01-31;413;;;;;;;;;;;;;;;;788967823.04;779956729.7;8898724;87.6481537914874;0.000711274098773893;;0.006507;-0.00316;0.009667;
08.417.532/0001-30;2026-01-01;1;2026-01-31;2;;;;;;;;;;;;;;;;512719718.19;211485997.32;46971;4502.48019671712;0.000597;5E-06;0.020401;0.020401;0;0
08.431.747/0001-06;2026-01-01;2;2026-01-30;149239;;;;;;;;;;;;;;;;3393107060.36;2668558839.35;129133010;20.6651950523727;0.000484;2.5E-05;0.003646;-0.004065;0.007711;0
08.693.497/0001-82;2026-01-01;1;2026-01-30;112;108;3;0;0;0;1;0;0;0;0;0;0;0;0;0;343381914.67;341077698.35;639906.5347;533.011744484;0.000145;0;0.00685317;0.00122449;0.00562868;0
08.696.175/0001-97;2026-01-01;1;2026-01-31;6000;;;;;;;;;;;;;;;;186751637;185094220.85;927162;199.635253440068;0.000143;0;0.007673;0.000656;0.007017;0
08.706.065/0001-69;2026-01-01;1;2026-01-30;34944;34865;68;0;0;0;2;0;0;0;0;1;3;5;0;0;444518903.77;433196629.78;2888094;149.993951;0.001079;0;0.012245;-0.005783;0.018028;0
08.924.783/0001-01;2026-01-01;2;2026-01-30;117743;117499;164;0;0;0;21;3;3;3;1;1;22;25;0;1;2417338459.7;2289214993.6;26638202;85.937294;0.000169;0;0.008992;0.004298;0.004694;0
08.971.868/0001-40;2026-01-01;1;2026-01-30;1;0;1;0;0;0;0;0;0;0;0;0;0;0;0;0;4471428.93;4469131.33;27423.30802067;162.968352564594;0.00020138;0;-0.016285;-0.016285;0;0
08.971.868/0001-40;2026-02-01;1;2026-02-27;1;0;1;0;0;0;0;0;0;0;0;0;0;0;0;0;4051189.97;4045688.63;27423.30802067;147.527374412693;0.000224;0;0.016552;0.016552;0;0
09.006.914/0001-34;2026-01-01;1;2026-01-30;7519;;;;;;;;;;;;;;;;121469444.53;120054419.87;1851786;64.831692;9.7E-05;0;0.00738315;-0.0010911;0.00847425;0
09.072.017/0001-29;2026-01-01;1;2026-01-30;142846;;;;;;;;;;;;;;;;1805086577.19;1744664843.62;11817767;147.630668604314;0.000705;7.04681477646476E-06;0.057071;-0.000648;0.057719;0
09.150.967/0001-24;2026-01-01;1;2026-01-30;14;;;;;;;;;;;;;;;;18636236.1;5132611.47;73304.97449994;70.0172328687489;0.004209;0;-0.026907;-0.026907;0;0
09.276.964/0001-31;2026-01-01;1;2026-01-30;1;0;0;0;0;1;0;0;0;0;0;0;0;0;0;0;466378064.8;465894670.08;1206868.34768904;386.036033650326;2.54642106078674E-05;2.82935196441215E-06;-3.7E-05;-3.7E-05;0;0
09.276.964/0001-31;2026-02-01;1;2026-02-27;1;0;0;0;0;1;0;0;0;0;0;0;0;0;0;0;466031164.41;465934965.51;1206868.34768904;386.069422072582;4.47780088304024E-05;4.97532954510633E-06;8.6E-05;8.6E-05;0;0
09.326.861/0001-39;2026-01-01;1;2026-01-30;1523;;;;;;;;;;;;;;;;65296404.81;64675247.66;1186683;54.5008630443008;0.000426;2.5E-05;0.003242;-0.003523;0.006765;0
09.517.273/0001-82;2026-01-01;1;2026-01-30;4434;4410;11;0;0;0;10;0;0;0;0;0;2;0;0;1;165728625.19;161951312.3;1665695.3525;97.22745042;0.000199;0;0.00841633;0.00241283;0.0060035;0
09.552.812/0001-14;2026-01-01;1;2026-01-30;203083;202829;200;0;0;0;13;2;2;1;0;1;17;18;0;0;1063820444.71;1006839692.63;99521172;10.116839;0.000806;0;0;0;0;0
10.347.985/0001-80;2026-01-01;1;2026-01-30;819;;;;;;;;;;;;;;;;232928598.02;231430573.98;3140000;73.7040044522293;0.000584;0;0.003912;0.000654;0.003258;0
10.375.382/0001-91;2026-01-01;1;2026-01-30;1931;;;;;;;;;;;;;;;;161922439.47;159802584.35;7562817;21.1300345294617;0.000511;2.5E-05;0.009429;0.002314;0.007115;0
10.427.246/0001-06;2026-01-01;2;2026-01-30;1;0;0;0;0;0;0;0;0;0;0;0;1;0;0;0;335248817.07;150028701.02;11340540;13.229414;0.00033;0;-0.006511;-0.001563;-0.004948;0
10.456.799/0001-89;2026-01-01;1;2026-01-31;2;;;;;;;;;;;;;;;;1184354926.02;1110013637.46;85070;13048.2383620548;8.2E-05;0;0.00261;0.00261;0;0
10.522.648/0001-81;2026-01-01;1;2026-01-31;101;;;;;;;;;;;;;;;;40210673.18;38438758.67;66406.0074;578.844598177122;0.000881214721078817;;0.014333;0.005004;0.009329;
10.869.155/0001-12;2026-01-01;2;2026-01-30;3109;3082;7;0;0;0;1;2;1;0;0;0;8;8;0;0;749639784.52;495446278.51;19443078;25.481885;0.000265;0;0.106591;0.100432;0.006159;0
10.991.914/0001-15;2026-01-01;1;2026-01-30;2915;2911;1;;;;;;3;;;;;;;;109116467.13;107905417.91;1712950;62.9939098689395;0.000516;9.5E-05;0.007935;0.000317;0.007618;0
11.044.355/0001-07;2026-01-01;1;2026-01-30;111;;;;;;;;;;;;;;;;248121325.92;246656783.11;1613559;152.86505365;0.000119;0;0.004053;-0.001304;0.005357;0
11.160.521/0001-22;2026-01-01;1;2026-01-30;103592;;;;;;;;;;;;;;;;1533540154.03;1517657790.44;15418106;98.4334775257091;0.000666;8E-06;0.009978;0.000324;0.009654;0
11.179.118/0001-45;2026-01-01;1;2026-01-30;4001;3995;5;0;0;0;0;0;0;0;0;0;1;0;0;0;155189455.43;153986723.98;692377;222.403003;0.00038;0;0;0;0;0
11.233.841/0001-65;2026-01-01;1;2026-01-30;1;;;;;;;;;;;;;1;;;409852360.5;409492357.45;1529229.79730436;267.776862687236;8.9E-05;3.2E-05;0.001069;0.001069;0;0
11.260.134/0001-68;2026-01-01;1;2026-01-30;8902;;;;;;;;;;;;;;;;273246188.25;265046845.77;1753057;151.191230958263;0.0280887393259545;8.03175375966294E-06;0.010447;0.010447;0;0
11.268.335/0001-01;2026-01-01;1;2026-01-30;1;;;;;;;;;;;;;;;;152796101.67;152669652.79;220.4949061;692395.373164587;9.1E-05;9.1E-05;0.004816;0.004816;0;0
11.274.415/0001-70;2026-01-01;2;2026-01-30;3836;3819;6;0;0;0;0;2;0;0;0;0;3;6;0;0;105666260.68;104932239.66;1125655;93.218828;0.000702;0;0.008382;0.004765;0.003617;0
11.281.322/0001-72;2026-01-01;1;2026-01-30;790;;;;;;;;;;;;;;;;29852845.33;29576576.23;259201;114.106721154625;0.001282;2.5E-05;-0.01408;-0.01408;0;0
11.326.746/0001-06;2026-01-01;1;2026-01-30;1;0;0;0;0;0;1;0;0;0;0;0;0;0;0;0;397395647.41;395138491.03;17450;22644.03960057;5.8E-05;0;0.00364612;0.00364612;0;0
11.602.654/0001-01;2026-01-01;1;2026-01-30;2935;2920;6;0;0;0;2;0;0;0;0;0;2;4;0;1;436770084.33;425797052.6;3474010;122.566444;0.000276;0;0;0;0;0
11.664.201/0001-00;2026-01-01;1;2026-01-30;106622;0;0;0;0;0;0;0;0;0;0;0;0;0;0;0;1356651536.13;1321245056.17;15592424;84.7363473549719;0.0007878;5E-05;0.014913;0.004833;0.01008;0
11.728.688/0001-47;2026-01-01;1;2026-01-30;536031;;;;;;;;;;;;;;;;8384622828.19;7056514999;42404675;166.408892392171;0.000472;7.86361398053623E-06;0.005597;-0.001007;0.006604;0
11.769.604/0001-13;2026-01-01;2;2026-01-30;6370;6341;12;;;;3;;;;;;5;9;;;1807693218.31;1211655059.83;96106666;12.6073987399584;0.000838;0;-0.000993;-0.000993;0;0
11.827.568/0001-05;2026-01-01;1;2026-01-30;1;;;;;;;;1;;;;;;;;50850070.09;50759748.3;37122134.4905246;1.36737148864531;0.00124407728790885;3.54611687465755E-05;0.008042;0.008042;0;0
11.839.593/0001-09;2026-01-01;2;2026-01-30;451524;450725;685;1;0;0;35;4;5;0;2;0;29;32;0;6;6357403264.83;5494118561.27;53310352;103.059131;0.000714;0;0.008466;-0.00065;0.009116;0
11.945.604/0001-27;2026-01-01;1;2026-01-30;805;;;;;;;;;;;;;;;;2485778.3;2382864.3;126523;18.8334476735455;0.002413;0.000787;-0.002461;-0.002461;0;0
12.005.956/0001-65;2026-01-01;1;2026-01-30;305827;;;;;;;;;;;;;;;;5053904299.65;4622495428.16;28204047;163.894756953142;0.000903;0;0.009661;0.004269;0.005392;0
12.323.955/0001-69;2026-01-01;1;2026-10-30;1;;;;;;;;;;;;;1;;;194880532.02;189694308.54;5418740.00045904;35.0070880913146;0.000180559239038938;1.28971186264353E-05;0.003617;0.003617;0;0
12.401.858/0001-47;2026-01-01;1;2026-01-30;1;0;0;0;0;0;0;0;0;0;0;0;1;0;0;0;778668338.26;241925243.24;2626000;92.126901;0.000161;0;-0.118813;0.034454;-0.153267;0
12.516.185/0001-70;2026-01-01;1;2026-01-31;134415;;;;;;;;;;;;;;;;1245993079.25;819496800.53;82826295;9.89416224074734;0.000535380381859024;;0.008461;0.003895;0.004566;
12.681.340/0001-04;2026-01-01;1;2026-01-30;8766;;;;;;;;;;;;;;;;169389057.28;167125202.99;1590000;105.110190559748;8.7E-05;0;0.013321;0.003299;0.010022;0
12.804.013/0001-00;2026-01-01;1;2026-01-31;223;;;;;;;;;;;;;;;;190121256.74;188745533.56;1699996;111.027045687166;0.000251;0;0.007456;0.002414;0.005042;0.002791
12.809.972/0001-00;2026-01-01;1;2026-01-30;293;;;;;;;;;;;;;;;;129605579.47;129236210.78;1751141;73.8011449563456;0.000326;2.5E-05;0.001337;-0.000694;0.002031;0
12.811.222/0001-73;2026-01-01;1;2026-01-30;1;1;0;0;0;0;0;0;0;0;0;0;0;0;0;0;18758890.42;15339092.71;130657.83129235;117.398953880372;0.00104308646557493;0.000130385808196866;-0.000632;-0.000632;0;0
12.887.506/0001-43;2026-01-01;2;2026-01-30;579;0;0;0;0;0;0;0;0;0;0;0;0;0;0;0;24439079.45;22249360.54;53597;415.123244584585;0.0009168;0;0.002708;0.001221;0.001487;0
12.969.125/0001-03;2026-01-01;1;2026-01-30;1;;;;;;;;;;;;;;;;228469915.05;192901915;467;413066.199143469;0.000605;1.7E-05;0.016666;0.016666;0;0
12.978.943/0001-72;2026-01-01;1;2026-01-30;483;;;;;;;;;;;;;;;;859074794.62;775528672.25;13991890;55.4270132376684;0.000167;0;0.008289;-0.000368;0.008657;0
12.989.974/0001-29;2026-01-01;2;2026-01-30;1;;;;;;;;;;;;;;;1;7393818934.72;7338303703.65;4735662339.00747;1.54958339052273;0.00016665703;1.083269E-05;0.000127;0.000127;0;0
13.000.836/0001-38;2026-01-01;1;2026-01-30;24;7;0;0;0;1;1;0;0;10;0;0;2;3;0;0;92423657.8;91838987.64;24.07829606;3814181.34452493;0.0002;0;-0.000626;-0.000626;0;0
13.020.465/0001-56;2026-01-01;1;2026-01-30;1;;;;;;;;;;;;;;;;10096651.53;-13115121.36;297.7;-44054.8248572388;0;0;-0.002325;-0.002325;0;0
13.022.994/0001-99;2026-01-01;1;2026-01-31;112;;;;;;;;;;;;;;;;1424044111.81;1418003521.47;787256;1801.19747765657;5.6E-05;0;0.005628;-0.003763;0.009391;0
13.125.823/0001-95;2026-01-01;1;2026-01-31;1;;;;;;;;;;;;;;;;10929369.14;2131095.69;1426.29489;1494.14802292393;0.00605632119691444;;0.564258;0.564258;;
13.320.290/0001-00;2026-01-01;1;2026-01-30;1;0;0;0;0;0;0;0;0;0;0;0;0;1;0;0;308868050.36;308854550.36;155970;1980.217672;4.4E-05;0;0;0;0;0
13.371.132/0001-71;2026-01-01;1;2026-01-30;86464;;;;;;;;;;;;;;;;2299726488.31;2153572277.86;20767328;103.700017540051;0.000535;0;-0.015995;-0.020529;0.004534;0
13.500.306/0001-59;2026-01-01;1;2026-01-31;2686;;;;;;;;;;;;;;;;76738470.87;75299675.11;101664;740.67196952707;0.000918;0;-0.000101;-0.000776;0.000675;0
13.509.993/0001-73;2026-01-01;1;2026-01-30;5;;;;;;;;;;;;;5;;;28905168.09;24154904.46;106.95516384;225841.404872556;0.000828;0;-0.000876;-0.000876;0;0
13.551.286/0001-45;2026-01-01;2;2026-01-30;80526;80389;104;0;0;0;7;0;2;2;1;0;15;5;0;1;220527987.49;220346856;34134825;6.455192;0.000429;0;0;0;0;0
13.555.918/0001-49;2026-01-01;1;2026-01-30;83;29;8;;;;;;;31;;;;15;;;138576610.84;115642747.98;145817.99700065;793.062244432589;0.000216183032976038;0.000216183032976038;-0.001409;-0.001409;0;0
13.584.584/0001-31;2026-01-01;1;2026-01-31;11700;11596;12;;;1;2;;;57;;;;1;;;249767916.63;249230298.63;36006138.3997;6.92188359282862;0;0;-0.001278;-0.001278;0;0
13.598.226/0001-88;2026-01-01;2;2026-01-30;2;0;2;0;0;0;0;0;0;0;0;0;0;0;0;0;447746582.02;447618244.1;847864.1401;527.936284753364;1.30579574828371E-05;1.30579574828371E-05;-0.066766;-0.066766;0;0
13.703.596/0001-38;2026-01-01;1;2026-01-30;1;0;0;0;0;0;1;0;0;0;0;0;0;0;0;0;65440158.15;8389605.77;1064.3855;7882.1119023;0.003085;0;0.01764777;-0.01976029;0.03740806;0
13.726.079/0001-84;2026-01-01;1;2026-01-30;2;0;0;0;0;0;0;0;0;0;0;0;0;2;0;0;1042572060.96;1036355310.98;301209.9213;3440.64135277;5.2E-05;0;0.00829787;0.00829787;0;0
13.842.683/0001-76;2026-01-01;1;2026-01-30;9;0;0;0;0;0;0;0;0;9;0;0;0;0;0;0;17260660.5;16767656.82;26068.6439189;643.211701850103;0.000417;0;-0.01764;-0.01764;0;0
13.920.018/0001-53;2026-01-01;1;2026-01-30;25;;15;10;;;;;;;;;;;;;84619640.04;81827478.38;40501.13111132;2020.37513853852;0.00117120314468134;0;0.00464;0.00464;0;0
13.920.018/0001-53;2026-02-01;1;2026-02-27;25;15;1;0;0;5;0;0;0;0;0;0;0;4;0;0;84150083.37;81652420.83;40501.13111128;2016.05285061431;0.000545462823358645;0;-0.0021;-0.0021;0;0
13.974.819/0001-00;2026-01-01;1;2026-01-31;3018;0;0;0;0;0;0;0;0;0;0;0;0;0;0;0;70525085.96;70257077.08;2481283.99;28.3148069157533;0.000779;0;-0.011779;-0.011779;0;0
14.056.001/0001-62;2026-01-01;1;2026-01-30;492;;;;;;;;;;;;;;;;10465588.4;8454733.38;3231246.99824986;2.61655434715431;0.001693;0.000436;-0.001482;-0.001482;0;0
14.074.706/0001-02;2026-01-01;1;2026-01-30;18;0;7;2;0;2;1;0;0;0;0;0;1;5;0;0;737026385.36;736080613;43785754.8497037;16.8109609055873;0.00017;8E-05;0.0099;0.0099;0;0
14.080.689/0001-16;2026-01-01;1;2026-01-30;790;;;;;;;;;;;;;;;;13954461.16;13879539.04;954304;14.5441484474549;0.00125;0.000234;0.007015;0.007015;0;0
14.088.246/0001-71;2026-01-01;1;2026-01-30;9;0;0;0;0;0;0;0;9;0;0;0;0;0;0;0;94467215.38;94424369.58;230.69976;409295.482492049;0.000132;0;-0.009412;-0.009412;0;0
14.149.745/0001-21;2026-01-01;1;2026-01-30;3;0;3;0;0;0;0;0;0;0;0;0;0;0;0;0;674838048.55;673984609.91;1309737661.02923;0.514595120812486;0.000309317448699368;0;-0.026719;-0.026719;0;0
14.217.108/0001-45;2026-01-01;1;2026-01-30;14875;14848;24;;;;1;;;;;;1;1;;;407155179.49;403833488.36;685000;589.537939211679;0.000135;0;0.002854;-0.002392;0.005246;0
14.376.247/0001-11;2026-01-01;1;2026-01-30;1229;1211;3;0;0;0;2;3;0;0;0;0;2;8;0;0;113357239.89;113081780.08;998405;113.262434;0.000554;0;0;0;0;0
14.410.722/0001-29;2026-01-01;1;2026-01-30;60159;;;;;;;;;;;;;;;;1696324755.31;1661003760.44;15919690;104.336438739699;0.000225;4.1E-05;0.011051;0.000979;0.010072;0
14.413.342/0001-48;2026-01-01;1;2026-01-31;3;;;;;;;;;;;;;;;;364790807.8;342631852.55;25944;13206.5931448504;0.000702990828807577;;0.003609;-0.051682;0.055291;
14.423.780/0001-97;2026-01-01;1;2026-01-30;5599;;;;;;;;;;;;;;;;11788008.77;11735257.45;18547161.2;0.632725263098484;0.0019081;0.00017;0.000115;0.000115;0;0
14.609.653/0001-87;2026-01-01;1;2026-01-30;24;;;;;;;;;;;;;;;;61296442.47;59170882.06;71134.9855;831.811262;0.000549;0;-0.00055982;-0.00055982;0;0
14.631.148/0001-39;2026-01-01;1;2026-01-30;33;;;;;;;;33;;;;;;;;63864219.37;63397094.67;928908.19633869;68.249042176483;0.000198747278019388;8.51774048654523E-05;0.002555;0.002555;0;0
14.721.889/0001-00;2026-01-01;1;2026-01-31;125;;;;;;;;;;;;;;;;273627503.07;271231635.8;8071897;33.601969375972;0.000119783704080732;;0.010729;-1.1E-05;0.01074;
14.788.492/0001-36;2026-01-01;2;2026-01-30;1;0;0;0;0;0;0;0;0;0;0;0;0;1;0;0;1087713089;850673995.65;4113277;206.811745;0.000418;0;0.0165;0.008246;0.008254;0
14.793.782/0001-78;2026-01-01;1;2026-01-30;1055;1040;7;;;;;1;;;;;1;6;;;61578019.87;61037190.96;742000;82.2603651752022;0.00176686751640774;0;0.002044;-0.000992;0.003036;0
15.006.267/0001-63;2026-01-01;1;2026-01-30;2453;2438;4;0;0;0;0;0;0;0;0;0;2;9;0;0;151140209.65;150876536.22;9900000;15.240054;0.001043;0;0.01152;0.006715;0.004805;0
15.006.286/0001-90;2026-01-01;1;2026-01-31;6892;;;;;;;;;;;;;;;;224506266.96;223034610.02;2676000;83.3462668236173;0.000294;0;0.005472;-0.000285;0.005757;0
15.098.422/0001-19;2026-01-01;1;2026-01-30;125;123;2;0;0;0;0;0;0;0;0;0;0;0;0;0;182669519.29;165969364.13;1386242;119.726111;0.000242;0;0.005263;0.006683;-0.00142;0
15.333.306/0001-37;2026-01-01;1;0001-01-01;3750;3727;4;0;0;0;8;0;0;0;0;0;10;1;0;0;173144312.97;172041415.17;3812055;45.130885;0.000243;0;0;0;0;0
15.348.117/0001-38;2026-01-01;1;2026-01-30;3;0;0;0;0;0;0;0;0;0;0;0;3;0;0;0;120048985.1;84819989.04;1000.5181519;84776.0621623161;0.000430188926136178;2.53178528352236E-05;-0.016435;-0.016435;0;0
15.447.108/0001-02;2026-01-01;1;2026-01-30;7723;7662;37;1;0;0;8;0;0;0;0;1;6;8;0;0;2806779295.38;1985504216.85;21841231;90.906241;3.8E-05;0;0.009651;0.003382;0.006269;0
15.447.110/0001-73;2026-01-01;1;2026-01-30;3;0;0;0;0;0;0;0;0;0;0;0;3;0;0;0;1053400210.5;1036585808.15;449006092;2.308623;0.000293;0;0.004153;-0.000665;0.004818;0
15.461.076/0001-91;2026-01-01;1;2026-01-30;11;;;;;;;;;11;;;;;;;112439203.93;112414203.93;1841677;61.0390442678059;0.000222391825285418;4.44783650570837E-05;-0.000125;-0.000125;0;0
15.463.207/0001-70;2026-01-01;1;2026-01-30;3;0;0;0;0;0;0;0;0;0;0;0;0;0;0;0;857651082;837409663.14;10933;76594.6824421476;0.000125;5.01E-05;0.008665;0.001993;0.006672;0
15.489.509/0001-17;2026-01-01;1;2026-01-30;103;103;0;0;0;0;0;0;0;0;0;0;0;0;0;0;837370202.23;833052436.88;4876129.3194;170.842974480936;7.49795657929244E-05;8.33106019831465E-06;0.000262;0.000262;0;0
15.538.445/0001-05;2026-01-01;1;2026-01-30;17537;;;;;;;;;;;;;;;;98360604.1;97411115.51;1798000;54.1774835984427;0.000339969210152411;0;0.008844;0.000534;0.00831;0
15.570.431/0001-60;2026-01-01;1;2026-01-30;5506;;;;;;;;;;;;;;;;49331585.8;48728898.7;700000;69.6127124285714;0.000558;0;0.007204;-0.002823;0.010027;0
15.576.907/0001-70;2026-01-01;1;2026-01-31;91071;;;;;;;;;;;;;;;;1916461169.19;1674994889.34;156143050;10.7273099208706;0.000504;1.9E-05;0.00709;-0.001289;0.008379;0
15.798.220/0001-80;2026-01-01;1;2026-01-30;1;0;0;0;0;0;0;0;0;0;0;0;1;0;0;0;125001822.25;124421994.15;19064.61698944;6526.33064797043;0.00203495870428468;0;-0.000388;-0.000388;0;0
15.799.397/0001-09;2026-01-01;1;2026-01-30;3776;3767;6;0;0;0;0;0;0;0;0;0;2;1;0;0;125510592.58;123226075.81;1815696;67.86713;0.000545;0;0;0;0;0
16.543.270/0001-89;2026-01-01;1;2026-01-30;22;1;;;;2;;;;12;;;1;6;;;63636704.81;49029942.44;1072588.3504721;45.7117983972318;0.00170453636779753;0.000170453595988353;-0.002438;-0.002438;0;0
16.671.412/0001-93;2026-01-01;1;2026-01-31;45550;;;;;;;;;;;;;;;;757823016.01;637120739.38;7739092;82.3249987698815;0.000577;1.1E-05;-0.000497;-0.008949;0.008452;0
16.685.929/0001-31;2026-01-01;1;2026-01-31;139;97;6;;;2;3;;;20;;;;11;;;494233210.21;471698018.21;872900;540.380362252263;0.03452;0;-0.001024;-0.001024;0;0
16.706.958/0001-32;2026-01-01;1;2026-01-30;497709;;;;;;;;;;;;;;;;10529985500.46;10381050207.72;101508771;102.267519402043;0.000833;5.4E-05;0.011847;0.000112;0.011735;0
16.802.320/0001-03;2026-01-01;2;2026-01-31;16263;16240;23;;;;;;;;;;;;;;51521453.43;49186767.22;2414570;20.3708184977035;0.009697;0;-0.008139;-0.008139;0;0
16.802.360/0001-47;2026-01-01;1;2026-01-30;10;3;1;0;0;1;0;0;0;0;0;0;3;2;0;0;12110549.61;11073718.17;12639.29917225;876.13387570671;0.000621;0;-0.000621;-0.000621;0;0
16.841.067/0001-99;2026-01-01;1;2026-01-30;62;55;4;1;0;0;0;0;0;0;0;0;0;2;0;0;8013914.94;7916791.81;26291;301.121745464227;0.00183404090299048;0.00154571451336422;0.005668;0.005668;0;0
16.915.968/0001-88;2026-01-01;1;2026-01-01;32407;0;0;0;0;0;0;0;0;0;0;0;0;0;0;0;668032276.8;660593212.39;6800000;97.1460606455882;0.001208;3E-06;-0.00301;-0.013872;0.010862;0
16.924.913/0001-34;2026-01-01;1;2026-01-30;56;55;1;;;;;;;;;;;;;0;5393761;5373536.65;84100000;0.0638946093935791;0;0;0;0;0;0
16.929.519/0001-99;2026-01-01;1;2026-01-30;855;;;;;;;;;;;;;;;;13249489.27;13205037.58;1517425;8.70226705108984;0.000625;2.5E-05;-6.8E-05;-6.8E-05;0;0
17.007.443/0001-07;2026-01-01;1;2026-01-30;104;104;0;0;0;0;0;0;0;0;0;0;0;0;0;0;87372151.95;86462277.52;1086780;79.558216;0.000631;0;0.000683;0.001318;-0.000635;0
17.025.970/0001-44;2026-01-01;1;2026-01-30;1731;1730;1;;;;;;;;;;;;;;693872167.73;686598261.05;41494533;16.5467161915041;8.35302435987724E-05;0;0.005842;0.000425;0.005417;0
17.098.794/0001-70;2026-01-01;1;2026-01-30;1757;;;;;;;;;;;;;;;;138615175.93;137430479.15;1575760;87.2153622061735;0.000997;9.6E-05;0.011466;0.004326;0.00714;0
17.144.039/0001-85;2026-01-01;1;2026-01-30;2082;;;;;;;;;;;;;;;;102893070.72;102022216.2;1415000;72.1005061484099;0.000688;4.4961775688225E-06;0.001109;-0.001108;0.002217;0
17.156.502/0001-09;2026-01-01;1;2026-01-30;46634;;;;;;;;;;;;;;;;360486427.46;356108225.5;37283750;9.55129850135783;8.4E-05;8.4E-05;0.011839;0.001355;0.010484;0
17.161.979/0001-82;2026-01-01;1;2026-01-31;143;;;;;;;;;;;;;;;;759197374.51;648711332.59;3043447;213.150198636612;0.000173;0;0.002988;0.002988;0;0
17.282.011/0001-04;2026-01-01;2;2026-01-30;1;0;0;0;0;0;0;0;0;0;0;0;0;1;0;0;716234866.98;537789566.85;571307;941.33201;0.001016;0;0.015155;0.007536;0.007619;0
17.308.805/0001-08;2026-01-01;1;2026-01-30;1;0;0;0;0;0;0;0;0;0;0;0;0;1;0;0;40455078.8;40385190.45;188400;214.35876;0.00072;0;-0.001012;-0.00036;-0.000652;0
17.311.079/0001-74;2026-01-01;1;2026-01-30;45;30;2;;;1;;;2;7;1;;;1;;1;74912981.11;72683242.21;1429740;50.8366851385567;0.028239;0;-0.000663;-0.000663;0;0
17.329.029/0001-14;2026-01-01;1;2026-01-31;25342;;;;;;;;;;;;;;;;249173323.28;246824698.52;18746075;13.1667401586732;0.000504;1.7E-05;0.024241;0.016061;0.00818;0
17.374.696/0001-19;2026-01-01;1;2026-01-30;1092;1062;2;;;4;;;;12;;;4;8;;;598115729.13;576476138.36;5280066.2382;109.179717138648;0.00016755;8.328E-05;-0.002651;-0.002651;0;0
17.554.274/0001-25;2026-01-01;1;2026-01-31;339164;;;;;;;;;;;;;;;;4178169823.35;3403322070.34;28828640;118.053507565393;0.000919526243864237;;0.007679;0.00054;0.007139;
17.568.605/0001-86;2026-01-01;1;2026-01-30;1;0;0;0;0;0;0;0;0;0;0;0;1;0;0;0;344114377.03;343027835.39;269905927;1.270916;9.3E-05;0;0.017402;0.008716;0.008686;0
17.590.518/0001-25;2026-01-01;1;2026-01-30;11631;;;;;;;;;;;;;;;;201433397.88;199936533.7;2850000;70.1531697192982;0.000279;2.5E-05;0.003817;-0.003005;0.006822;0
17.655.102/0001-48;2026-01-01;1;2025-01-31;1;;;;;;;;;;;;;;;;253791408.28;229345936.8;140.7655996;1629275.45829173;0.000796619519618191;;0.006106;0.006106;;
17.655.115/0001-17;2026-01-01;1;2026-01-31;5;;;;;;;;;;;;;;;;568989111.23;568104552.46;282888.60734723;2008.22704663636;3.32551286874791E-05;;0.004586;0.004586;;
17.786.606/0001-05;2026-01-01;1;2026-01-30;1;1;;;;;;;;;;;;;;;-1681045.05;-2601134.15;18848.02189804;-138.005683783214;0.007221;0.002381;-0.034373;-0.034373;0;0
17.854.016/0001-64;2026-01-01;1;2026-01-30;4337;;;;;;;;;;;;;;;;61713143.24;55155502.21;9412630;5.85973338057482;0.000396;9.6E-05;-0.000727;-0.000727;0;0
17.870.926/0001-30;2026-01-01;1;2026-01-30;545;;;;;;;;;;;;;;;;78327282.94;77620296.77;827913;93.7541707522409;8.7E-05;2.6E-05;0.00576;0.00576;0;0
18.085.673/0001-57;2026-01-01;1;2026-01-30;10527;10504;17;0;0;0;1;0;0;0;0;0;5;0;0;0;151508637.31;151336029.61;15281388;9.903291;0.000914;0;0;0;0;0
18.259.637/0001-62;2026-01-01;1;2026-01-30;6;6;0;0;0;0;0;0;0;0;0;0;0;0;0;0;28617385.34;28538132.9;185;154260.177838;0.000764;0;0.00129;-0.000251;0.001541;0
18.265.829/0001-81;2026-01-01;1;2026-01-31;6;;;;;;;;;;;;;;;;54093475.3;-2537241.09;1030.7418;-2461.56805710218;-0.955432717668939;;-0.005304;-0.005304;;
18.289.950/0001-43;2026-01-01;1;2026-01-30;1;;;;;;;;;;;;;;;;94055681.17;93868246.36;62623089.9565228;1.49893987066384;5.2E-05;1.2E-05;0.008374;0.008374;0;0
18.307.582/0001-19;2026-01-01;1;2026-01-30;96722;;;;;;;;;;;;;;;;1811916319.23;1797051961.82;225785000;7.95912909103793;0.000417;2.5E-05;0.025986;0.018309;0.007677;0
18.308.516/0001-63;2026-01-01;1;2026-01-30;1697;1680;11;0;1;0;0;0;0;0;0;0;4;1;0;0;600430086.57;600036051.92;9218512;65.090337;0.000486;0;0;0;0;0
18.311.024/0001-27;2026-01-01;1;2026-01-30;1;;;;;;;;;;;;;;;;11221308.22;11166726.77;11270;990.83644809228;0.000582086419223813;0;0.015288;0.010935;0.004353;0
18.312.285/0001-61;2026-01-01;1;2026-01-30;5;0;0;0;0;0;0;0;0;0;0;0;5;0;0;0;982407967.76;379288432.36;255502330;1.484481;7.9E-05;0;-0.024424;-0.012253;-0.012171;0
18.330.535/0001-96;2026-01-01;1;2026-01-30;5;0;0;0;0;0;0;0;0;0;5;0;0;0;0;0;277309460.47;276975748.54;538999;513.870617;0.000631;0;0;0;0;0
18.369.510/0001-04;2026-01-01;1;2026-01-30;4;;;;;;;;;3;;;1;;;;91297505.97;90746838.44;820112.7613235;110.651660015084;0.000133;0;0.000485;0.000485;0;0
18.497.672/0001-10;2026-01-01;1;2026-01-30;5;;;;;;;;;;;;;5;;;956791.3;956156.8;65361974.8481821;0.0146286400039303;0;0;0.010694;0.010694;0;0
18.647.268/0001-85;2026-01-01;1;2026-01-30;2;0;0;0;0;1;0;0;0;0;0;0;0;1;0;0;17194585.18;17137886.08;24720;693.280181229773;0;0;-0.000105;-0.000105;0;0
18.730.914/0001-73;2026-01-01;1;2026-01-30;1;;1;;;;;;;;;;;;;;76466377.98;76310888.49;55.1165906;1384535.72072;5.2E-05;0;-0.002524;-0.002524;0;0
18.874.954/0001-99;2026-01-01;1;2026-01-30;1;0;0;0;0;0;0;0;0;0;0;0;0;1;0;0;237000752.14;-284551.01;352.186046;-807.956513984089;-0.984667564525601;0;-0.058031;-0.058031;0;0
18.874.965/0001-79;2026-01-01;1;2026-01-30;111;107;4;0;0;0;0;0;0;0;0;0;0;0;0;0;171251385.46;171176869.1;166750;1026.54794062969;0.00021949;0;0.035952;0.021353;0.014599;0
18.874.965/0001-79;2026-02-01;1;2026-02-27;111;107;4;0;0;0;0;0;0;0;0;0;0;0;0;0;170327496.98;170265294.7;166750;1021.08122758621;0.0002206;0;0.010676;0.002688;0.007988;0
18.929.353/0001-36;2026-01-01;1;2026-01-31;5;;;;;;;;;;;;;;;;137582332.99;44818044.62;45248.7866;990.48058495341;0.000410045555441281;;-0.00202;-0.00202;;
18.950.957/0001-64;2026-01-01;1;2026-01-30;2;;;;;;;;;;;;;;;;3466446055.33;3352921969.69;625769.05231811;5358.08211874553;0.000109;0;0.006001;0.006001;0;0
18.979.895/0001-13;2026-01-01;1;2026-01-30;360817;360299;422;0;0;0;20;2;1;0;0;0;31;40;0;2;3881381861.76;3217834892.53;348245947;9.240122;0.000539;0;0.01648;0.006486;0.009994;0
19.026.454/0001-60;2026-01-01;1;2026-01-31;1;;;;;;;;;;;;;;;;226277019.72;226261247.83;103619.7165;2183.57331473687;4.72095867164386E-05;;0.006534;0.006534;;
19.107.604/0001-60;2026-01-01;1;2026-01-30;6;;1;;;;;;;5;;;;;;;45506602.8;40847491.62;290000;140.85341937931;0.00049;0;-0.001004;-0.001004;0;0
19.131.224/0001-60;2026-01-01;1;2026-01-30;1;;;;;;1;;;;;;;;;;53803508.38;53401342.67;1068.13163403;49995.0951443314;0.000468;0.000112;-0.000297;-0.000297;0;0
19.239.245/0001-02;2026-01-01;1;2026-01-30;1;;;;;;1;;;;;;;;;;4696345.75;4678303.2;436312;10.7223803150039;0.00274512990094357;0.00103187625804159;0.005852;0.005852;0;0
19.249.956/0001-50;2026-01-01;1;2026-01-30;29;;;;;;;;;;;;;;;;15313382.15;15296598.9;14350;1065.96508013937;0.000598;0.000141;0.004043;0.004043;0;0
19.249.989/0001-08;2026-01-01;1;2026-01-30;195;;;;;;;;;;;;;;;;140077053.05;117397266.36;149011;787.842953607452;0.000185;4.8E-05;-0.001257;-0.001257;0;0.106413
19.267.845/0001-76;2026-01-01;1;2026-01-31;1;;;;;;;;;;;;;;;;7502875.08;7089788.19;28542.6119;248.39311184412;0.00244658366867234;;0.006902;0.003708;0.003194;0
19.419.994/0001-03;2026-01-01;1;2026-01-30;1;;;;;;;;;;;;;1;;;3532542484.78;3530305376.64;1506194;2343.85834536587;3.8E-05;5E-06;0.007131;-0.000404;0.007535;0
19.628.741/0001-40;2026-01-01;1;2026-01-30;1;0;0;0;0;0;0;0;0;0;0;0;0;1;0;0;57857560.01;48513794.91;4942739739;0.009815;0.000657;0;-0.007515;-0.003736;-0.003779;0
19.722.048/0001-31;2026-01-01;1;2026-01-30;8;4;0;1;0;0;0;0;0;0;0;0;0;0;0;3;3804422.2;189569.25;1962500;0.096596;0.268284;0;0;0;0;0
19.872.996/0001-53;2026-01-01;1;2026-01-30;1;;;;;;1;;;;;;;;;;766315926.32;280954692.44;931493022.044435;0.301617602913828;0.000163804454021811;1.63804703172303E-05;0.20647;0.20647;0;0
19.878.616/0001-98;2026-01-01;1;2026-01-30;1;;;;;;1;;;;;;;;;;1067242326.44;732342010.45;353948231.403971;2.06906531936914;7.40354222840283E-05;7.40354905581397E-06;-0.000452;-0.000452;0;0
20.019.120/0001-48;2026-01-01;1;2026-01-30;1;0;0;0;0;0;0;0;0;0;0;0;0;1;0;0;528946683.88;528878764.92;1648957;320.735328;8.3E-05;0;-0.000172;-9.2E-05;-8E-05;0
20.118.470/0001-61;2026-01-01;1;2026-01-30;1;1;;;;;;;;;;;;;;;406186244.69;2613485.83;100;26134.8583;0.0031;0;0.217141;0.217141;0;0
20.118.492/0001-21;2026-01-01;1;2026-01-30;101;102;0;0;0;0;0;0;0;0;0;0;0;0;0;0;696046252.02;695887028.44;4001018.93136464;173.927452075977;1E-06;0;0;0;0;0
20.118.507/0001-51;2026-01-01;1;2026-01-30;1;;;;;;;;;;;;;1;;;102002940.28;99762904.83;30411.46817762;3280.43698013291;0;0;-0.00056;-0.00056;0;0.000112
20.118.507/0001-51;2026-02-01;1;2026-02-27;1;;;;;;;;;;;;;1;;;101954633.98;99673835.78;30411.46817762;3277.50818204004;0.0001;0;-0.0492;-0.0492;0;0
20.132.453/0001-89;2026-01-01;1;2026-01-30;141;141;0;0;0;0;0;0;0;0;0;0;0;0;0;0;96725225.41;96096199.59;809269.7109;118.74434234;0.000135;0;0.00862864;0.00355779;0.00507085;0
20.216.935/0001-17;2026-01-01;1;2026-01-30;20383;;;;;;;;;;;;;;;;393527523.59;390115306.41;3719038;104.896832570681;0.000379;6.4E-05;0.0254;0.017062;0.008338;0
20.265.467/0001-70;2026-01-01;1;2026-01-30;1;0;1;0;0;0;0;0;0;0;0;0;0;0;0;0;19498300.99;19105850.77;226505.5396;84.350479034;0.011257;0;-0.0018071;-0.0018071;0;0
20.680.775/0001-62;2026-01-01;1;2026-01-30;1;0;0;0;0;0;0;0;0;0;0;0;0;1;0;0;2472810921.34;2445555444.14;1008604;2424.693382;0.0001;0;0.009706;0.004864;0.004842;0
20.717.355/0001-03;2026-01-01;1;2026-01-30;1;0;1;0;0;0;0;0;0;0;0;0;0;0;0;0;57008001;55641381.69;66857.6331681;832.236785141661;0.0004;0.0002;-0.000643;-0.000643;0;0
20.717.355/0001-03;2026-02-01;1;2026-02-27;1;0;1;0;0;0;0;0;0;0;0;0;0;0;0;0;57008001;55605795.93;66857.6331681;831.704523404089;0.0004;0.0002;-0.00064;-0.00064;0;0
20.748.515/0001-81;2026-01-01;2;2026-01-30;127225;;;;;;;;;;;;;;;;2567831590.21;2102490018.62;18021303.0001041;116.666925727172;2.1E-05;7E-06;0.009805;0.00233;0.007475;0
20.990.694/0001-69;2026-01-01;1;2026-01-30;7;1;0;0;0;0;0;0;0;0;0;0;0;6;0;0;183000000;-9273689.46;184225.83003927;-50.3387036335958;1;0;-0.000416;-0.000416;0;0
21.044.600/0001-21;2026-01-01;1;2026-01-30;1;;;;;;1;;;;;;;;;;490320947.9;490233939.33;290062066.22;1.69010014207848;9.76037686525632E-05;1.10598829762993E-05;0.012036;0.012036;0;0
21.067.825/0001-01;2026-01-01;1;2026-01-30;1;;;;;;1;;;;;;;;;;475512391;304749107.66;341894475.745657;0.891354289932165;0.000194421241968338;1.77914548844195E-05;0.001522;0.001522;0;0
21.085.863/0001-89;2026-01-01;1;2026-01-30;1;;;;;;;;;;;;1;;;;824537491.57;383844163.43;183938075.594535;2.08681189138963;0.000138012571369112;7.72467131844438E-06;0.06207;0.06207;0;0
21.126.204/0001-43;2026-01-01;1;2026-01-31;128;;;;;;;;;;;;;;;;488862624.45;487364437.52;625540;779.109949036033;0.000182;0;0.013389;0.002739;0.01065;0.000592
21.156.164/0001-82;2026-01-01;1;2026-01-30;1;;;;;;1;;;;;;;;;;445606981.75;437247402.23;1012.47192443;431861.261215871;4.3E-05;2.1E-05;-0.002857;-0.002857;0;0
21.408.063/0001-51;2026-01-01;1;2026-01-31;57080;;;;;;;;;;;;;;;;1009894275.32;999353142.76;12179186.9380769;82.0541755242816;0.000512081973932312;;0.00259;0.00259;;
21.500.481/0001-74;2026-01-01;1;2026-01-30;1;;;;;;;1;;;;;;;;;69879455.72;69147517.22;661866.88698113;104.47345014553;9.6E-05;9.6E-05;0.00167;0.00167;0;0
21.500.500/0001-62;2026-01-01;1;2026-01-31;1;0;0;0;0;0;0;0;0;0;0;0;1;0;0;0;629189522.64;523387876.77;2898306;180.584064;5.7E-05;0;0.011231;-0.000258;0.011489;0
21.500.514/0001-86;2026-01-01;1;2026-01-30;1;;;;;;;;;;;;;;;;39422385.27;39242099.04;1780984;22.0339424947108;0.000306;0;0.004678;0.001497;0.003181;0
21.826.249/0001-20;2026-01-01;1;2026-01-30;139;133;6;;;;;;;;;;;0;;;7311935.76;7255874.91;61750.7996;117.502525586729;0;0;0;0;0;0
21.862.783/0001-92;2026-01-01;1;2026-01-30;3;0;0;0;0;0;0;0;2;0;0;0;0;1;0;0;3873610.12;2695163.9;38275.47890728;70.4148968724564;0;0;0.009616;0.009616;0;0
21.917.235/0001-12;2026-01-01;1;2026-01-31;1;;;;;;;;;;;;;;;;261683521.88;223434241.23;110486.67969824;2022.27310876063;0.000898079000315094;;0.000998;0.000998;;
22.003.469/0001-17;2026-01-01;1;2026-01-31;7;;;;;;;;;;;;;;;;203515365.86;115045746.19;337400;340.977315323059;0.000343062662523985;;0.025363;0.022686;0.002677;
22.081.808/0001-83;2026-01-01;1;2026-01-30;1;1;;;;;;;;;;;;;;;54252328.09;53745581.46;1635.77031094;32856.43534459;0.000181;0;0.006969;0.006969;0;0
22.169.671/0001-13;2026-01-01;1;2026-01-30;28;14;;;;14;;;;;;;0;;;;60226939.42;60177955.4;65533.58738743;918.27653267678;0.00072831038722861;4.92716972567666E-05;0.025087;0.025087;0;0
22.169.716/0001-50;2026-01-01;1;2026-01-31;46;;;;;;;;;;;;;;;;871307.69;827974.51;101664.1113;8.14421627664393;0.0313174375380228;;-0.026701;-0.026701;;
22.211.522/0001-75;2026-01-01;1;2026-01-30;1;;;;;;;;;;;;;;;1;82715135.94;73563063.1;180;408683.683888889;0.12381;0.000222;-0.007052;-0.007052;0;0
22.219.335/0001-38;2026-01-01;1;2026-01-31;42020;;;;;;;;;;;;;;;;539300503.49;532350894.57;6257873;85.0689834341477;0.00068100648218659;;0.014282;0.005418;0.008864;
22.340.978/0001-35;2026-01-01;1;2026-01-30;3;0;0;0;0;0;0;0;0;0;0;0;0;3;0;0;354280906.47;353690339.21;81.64421072;4332093.31183305;5.18007928656537E-05;5.18007928656537E-05;0.006753;0.006753;0;0
22.459.737/0001-00;2026-01-01;1;2026-01-31;93;;;;;;;;;;;;;;;;76937472.36;76879523.04;2458396;31.2722291445316;0.000427;0;-0.007266;-0.007266;0;0
22.503.991/0001-68;2026-01-01;1;2026-01-30;1;0;0;0;0;0;0;0;0;0;0;0;1;0;0;0;8241743.65;8212489.1;431376.18267117;19.0378825486993;0.00247848730782486;6.08828814153312E-05;-0.000311;-0.000311;0;0
22.503.991/0001-68;2026-02-01;1;2026-02-27;1;0;0;0;0;0;0;0;0;0;0;0;1;0;0;0;8221376.7;8191622.15;431376.18266309;18.9895095724322;0.00252142367186699;1.35626372854612E-06;-0.00254;-0.00254;0;0
22.646.161/0001-90;2026-01-01;1;2026-01-30;5;;;;;;;;;;;;;;;;299089114.04;252414019.49;390588.62966;646.240060059407;0.000112;0;-0.001304;-0.001304;0;0
22.862.226/0001-34;2026-01-01;1;2026-01-30;2;;;;;;1;;;;;;;1;;;192222725.19;105926463.87;1941019;54.5726053531676;0.000151;6E-05;-0.00291;-0.00291;0;0
23.120.006/0001-06;2026-01-01;1;2026-01-30;28;28;0;0;0;0;0;0;0;0;0;0;0;0;0;0;14373424.47;12670657.65;454179.4301;27.8979117288738;0.001364;0;-0.002185;-0.002185;0;0
23.120.006/0001-06;2026-02-01;1;2026-02-27;28;28;0;0;0;0;0;0;0;0;0;0;0;0;0;0;14373425;12643154.34;454179.4301;27.8373556838897;0.0013675;0;-0.002171;-0.002171;0;0
23.120.027/0001-13;2026-01-01;1;2026-01-30;2122;2105;3;0;0;0;0;0;0;0;0;0;5;9;0;0;191282600.36;191153523.96;17910784;10.672538;0.000425;0;0;0;0;0
23.179.381/0001-13;2026-01-01;1;2026-01-30;1;;;;;;;;;;;;;;;;28018751.09;27924304.73;135207.79405178;206.528809421341;0.000656;0.00026;-0.002708;-0.002708;0;0
23.426.470/0001-17;2026-01-01;1;2026-01-30;2;0;0;0;0;0;0;0;0;0;0;0;1;1;0;0;904833662.89;506081211.69;5634140;89.8240391;2.2E-05;0;-0.03680797;-0.04132499;0.00451702;0
23.532.837/0001-87;2026-01-01;1;2026-01-30;2;0;0;0;0;0;1;1;0;0;0;0;0;0;0;0;1043044182.37;961458236.05;145301269.5864;6.61699818;3.6E-05;0;0.10923598;0.10923598;0;0
23.533.796/0001-43;2026-01-01;1;2026-01-30;2;0;0;0;0;0;1;1;0;0;0;0;0;0;0;0;638743585.53;619228606.26;78533841.7983;7.88486329;3E-05;0;0.06379697;0.06379697;0;0
23.537.203/0001-17;2026-01-01;2;2026-01-30;1;0;0;0;0;0;0;0;0;0;0;0;1;0;0;0;113572624.32;113472116.59;78155673;1.451873;0.000274;0;0.014642;0.00729;0.007352;0
23.538.112/0001-04;2026-01-01;1;2026-01-30;1;;;;;;;;;;;;1;;;;60577314.72;60520629.48;36650000;1.65131321909959;0.00033281362360344;4.89927157975093E-05;0.378313;0.378313;0;0
23.570.871/0001-46;2026-01-01;1;2026-01-30;2;0;0;0;0;0;0;0;0;0;0;0;2;0;0;0;649752751.87;649024468.92;1557498563;0.41671;0.000125;0;0.00947;0.006105;0.003365;0
23.648.935/0001-84;2026-01-01;1;2026-01-30;115648;115308;275;0;0;0;9;3;2;0;0;1;27;22;0;1;1623970751.11;1622624386.69;16960024;95.673472;0.000802;0;0;0;0;0
23.740.527/0001-58;2026-01-01;1;2026-01-30;33833;;;;;;;;;;;;;;;;1228637113.76;1216981053.03;12000000;101.4150877525;6.9E-05;0;0.009062;0.000187;0.008875;0
23.740.595/0001-17;2026-01-01;1;2026-01-30;2943;;;;;;;;;;;;;;;;242183149.85;240062735.01;2098800;114.380948642081;8.8E-05;0;-0.00076;-0.006665;0.005905;0
23.768.027/0001-24;2026-01-01;1;2026-01-30;1;0;0;0;0;0;0;0;0;0;0;0;0;1;0;0;419133841.55;418196907.78;322214000;1.297886;7.6E-05;0;0.015487;0.009925;0.005562;0
23.781.211/0001-04;2026-01-01;1;2026-01-30;1;0;0;;;;;;;;;;;1;;;2702568678.56;2206314188.39;13848992.6268;159.31225092;4.4E-05;0;0.00348626;-0.00031978;0.00380604;0
23.876.086/0001-16;2026-01-01;1;2026-01-30;7;0;0;0;0;0;0;0;0;7;0;0;0;0;0;0;14653293.51;13830087.06;214674.89786655;64.4234011402549;0.001667;0;-0.001171;-0.001171;0;0
23.964.843/0001-03;2026-01-01;1;2026-01-31;709;;;;;;;;;;;;;;;;12600331.94;10853886.11;124137.31422842;87.4345169900181;0.00157058585535499;;1.867758;1.867758;;
23.964.908/0001-10;2026-01-01;1;2026-01-30;1;;;1;;;;;;;;;;;;;21327799.46;21231406.84;542458.95695689;39.1391948970755;0.00454;0;0.019272;0.019272;0;0.19880661251642
24.514.406/0001-50;2026-01-01;1;2026-01-30;100;100;0;0;0;0;0;0;0;0;0;0;0;0;0;0;269663399.13;262799972.57;70000;3754.28532242857;0.000342;0;0.037588;0.037588;0;
24.774.904/0001-32;2026-01-01;1;2026-01-30;1;1;;;;;;;;;;;;;;;-1863238.3;-4992004.12;37834.90731346;-131.941756289808;0.003762;0.001475;-0.009387;-0.009387;0;0
24.796.967/0001-90;2026-01-01;1;2026-01-30;8;4;0;1;0;0;0;0;0;0;0;0;0;0;0;3;33629459.65;30977134.19;665000;46.582157;0.000517;0;0;0;0;0
24.853.044/0001-22;2026-01-01;1;2026-01-31;143586;;;;;;;;;;;;;;;;1954130139.88;1696405059.06;14997396;113.113307074108;0.000631135384961223;;0.005576;-0.001486;0.007062;
24.853.060/0001-15;2026-01-01;1;2026-01-30;2;0;0;0;0;0;2;0;0;0;0;0;0;0;0;0;40007764.33;38461515.79;39530.4291;972.95973541;0.000431;0;0.00239822;0.00239822;0;0
24.960.430/0001-13;2026-01-01;1;2026-01-30;71117;;;;;;;;;;;;;;;;8305333240.61;7454825543.59;80078186;93.0943358730679;0.00083;0;0.012374;0.004819;0.007555;0
24.976.492/0001-13;2026-01-01;1;2026-01-30;13;6;5;0;0;0;0;0;0;0;0;0;1;1;0;0;484470836.83;483660812.93;11075.27340159;43670.3271686787;3E-05;0;0.0003;0.0003;0;0
25.032.881/0001-53;2026-01-01;1;2026-01-30;148957;148598;282;1;0;0;37;13;0;0;0;0;22;1;0;3;2723429713.41;2664453393.19;23567968.3637;113.05401264;7.9E-05;0;0.00265544;-0.00360212;0.00625756;0
26.091.656/0001-50;2026-01-01;1;2026-01-30;26062;25997;50;;;;2;;;;;;7;6;;;335165824.28;329847779.77;3252384;101.417231104937;0.000705;4.1E-05;0.012354;0.001877;0.010477;0
26.191.053/0001-20;2026-01-01;1;2026-01-30;1;0;0;0;0;0;0;0;0;0;0;0;0;1;0;0;64772491.03;61253688.74;167445.2861;365.81315697;0.000367;0;-0.00648608;-0.00648608;0;0
26.269.251/0001-60;2026-01-01;1;2026-01-30;2;0;1;0;0;0;0;0;0;0;0;0;0;1;0;0;49874311.56;10706244.05;31977.3176153;334.807446290537;0;0;0;0;0;0
26.452.053/0001-37;2026-01-01;1;2026-01-30;1;0;1;0;0;0;0;0;0;0;0;0;0;0;0;0;440849933.17;440776106.28;272750.4419001;1616.04176773962;5E-05;0;0.0003;0.0003;0;0
26.499.833/0001-32;2026-01-01;1;2026-01-30;127948;127716;184;;;;11;;;;;;11;26;;;1836640796.51;1652812716.9;13982093;118.20924928049;0.00036907748455865;0;0.016144;0.00762;0.008524;0
26.502.794/0001-85;2026-01-01;1;2026-01-30;335719;;;;;;;;;;;;;;;;4900384796.93;4230330397.37;40015690.0002068;105.716792521837;0.000654;0;0.009814;0.002042;0.007772;0
26.502.810/0001-30;2026-01-01;1;2026-01-30;2;0;0;0;0;0;0;0;0;0;0;0;0;2;0;0;52697385.28;48001341.6;10;4800134.16;0.00508;0;0.00384229;0.00384229;0;0
26.545.627/0001-11;2026-01-01;1;2026-01-30;1;;;;;;;;;;;;;;;;261561200.1;149410705.67;752.0326;198675.836220398;0.000207446245976893;;-0.002881;-0.002881;;
26.614.291/0001-00;2026-01-01;1;2026-01-30;290631;290333;240;0;0;0;19;0;0;0;0;0;20;18;0;1;2704978044.97;2400934581.34;214249664;11.2062466587579;0.000828;0;0.009861;0.009861;0;0
26.642.727/0001-66;2026-01-01;1;2026-01-30;541;538;1;0;0;0;1;0;0;0;0;0;0;1;0;0;263626475.62;257418842.39;17779747;14.478206;0.000124;0;0.065024;0.053702;0.011322;0
26.642.834/0001-94;2026-01-01;1;2026-01-31;1;;;;;;;;;;;;;;;;76078377.13;75609987.99;132971995.962992;0.56861587616571;0;;0.003091;0.003091;;
26.681.370/0001-25;2026-01-01;1;2026-01-30;33980;33872;69;0;0;0;4;4;1;0;0;0;15;15;0;0;624418621.75;474282194.02;49616923;9.55888;0.000836;0;0.017049;0.009949;0.0071;0
26.813.118/0001-22;2026-01-01;1;2026-01-31;16;;;;;;;;;;;;;;;;32733390.54;32692830.57;897816.75236937;36.4137007732619;0;;-0.000489;-0.000489;;
26.846.134/0001-11;2026-01-01;1;2026-01-30;1;0;0;;;;;;;;;;;1;;;24064218.71;24038042.96;114083.9165;210.70492405;8.8E-05;0;-0.00140221;-0.00140221;0;0
26.846.280/0001-47;2026-01-01;1;2026-01-30;1;0;0;0;0;0;1;0;0;0;0;0;0;0;0;0;11633210.06;11617648.72;27927.7025;415.99013456;0.001283;0;-0.04449737;-0.04449737;0;0
26.990.011/0001-50;2026-01-01;1;2026-01-31;48;;;;;;;;;;;;;;;;30347968.38;30273863.83;297327;101.820096493087;0.000455;0;0.002664;0.002664;0;0
27.368.617/0001-10;2026-01-01;1;2026-01-30;136;130;3;0;0;0;3;0;0;0;0;0;0;0;0;0;243791636.48;243102842.27;1363236;178.327774699;0.000125;0;0.00474449;0.00345028;0.00129421;0
27.368.863/0001-72;2026-01-01;1;2026-01-30;1;1;0;0;0;0;0;0;0;0;0;0;0;0;0;0;42279285.65;41983733.98;84435.98676264;497.225597635537;0.000291;0.001564;0.000829;0.000829;0;0
27.445.482/0001-40;2026-01-01;1;2026-01-30;235;;;;;;;;;;;;;;;;421636578.07;224855206.88;3455000;65.0811018465991;0.00025;2.5E-05;0.006034;0.004799;0.001235;0
27.486.542/0001-72;2026-01-01;1;2026-01-30;4150;;;;;;;;;;;;;;;;661431034.07;509445289.83;42500000;11.986947996;0.000667;2.5E-05;0.009893;0.00403;0.005863;0
27.538.422/0001-71;2026-01-01;1;2026-01-30;24;3;0;0;0;0;15;0;0;0;0;0;6;0;0;0;166626969.57;153858012.48;6312090;24.37512971;0.000209;0;0.00536775;0.00050787;0.00485988;0
27.538.477/0001-81;2026-01-01;1;2026-01-30;1;0;0;0;0;0;0;0;0;0;0;0;0;1;0;0;46455861.08;44103060.08;294.9552;149524.58250464;0.000349;0;0.01162192;0.01162192;0;0
27.539.651/0001-00;2026-01-01;1;2026-01-30;1;0;0;0;0;0;0;0;0;0;0;0;1;0;0;0;180033165.35;179723925.82;30710.59235484;5852.18037292841;0.00147895461768519;5.84229392502595E-05;-8.3E-05;-8.3E-05;0;0
27.539.651/0001-00;2026-02-01;1;2026-02-27;1;0;0;0;0;0;0;0;0;0;0;0;0;1;0;0;180033190.1;179708950.57;30710.59235483;5851.69274801488;0.00154585249715645;9.2744406703927E-07;-8.3E-05;-8.3E-05;0;0
27.590.950/0001-70;2026-01-01;1;2026-01-30;1;;;;;;;;;;;;;1;;;2023687.35;1570887.35;3006.84411544;522.4372430661;0.0014;0;-0.008012;-0.008012;0;0
27.771.547/0001-47;2026-01-01;1;2026-01-30;900;853;4;0;1;0;40;2;0;0;0;0;0;0;0;0;11961609.59;11832389.44;7932248;1.49168173;0.005906;0;-0.00183424;-0.00183424;0;0
27.771.586/0001-44;2026-01-01;1;2026-01-30;279;56;216;7;0;0;0;0;0;0;0;0;0;0;0;0;12477242.56;10751796.15;583926.07550609;18.4129406118427;0.0013;0.0004;-0.003081;-0.003081;0;0
27.771.586/0001-44;2026-02-01;1;2026-02-27;279;56;216;7;0;0;0;0;0;0;0;0;0;0;0;0;12481678.99;10718571.34;583926.07550609;18.3560416114492;0.002;0.0004;-0.00309;-0.00309;0;0
27.773.327/0001-52;2026-01-01;1;2026-01-30;2;2;;;;;;;;;;;;;;;482136670.55;326047969.47;160757.049249;2028.20324827546;0.000284611862944107;0;0.001696;0.001696;0;0
27.882.272/0001-19;2026-01-01;1;2026-01-30;1;;1;;;;;;;;;;;;;;10528454.54;10514430.25;10550;996.62845971564;0.000476;9.5E-05;-0.00086;-0.00086;0;0
27.882.272/0001-19;2026-02-01;1;2026-02-27;1;;1;;;;;;;;;;;;;;10519577.64;10506181.06;10550;995.846545971564;0.000766;0.000153;-0.000785;-0.000785;0;0
28.108.193/0001-18;2026-01-01;1;2026-01-30;9;9;;;;;;;;;;;;;;;6933492.58;6801386.29;13225796.64;0.514251540011581;0.000978;0;-0.010424;-0.010424;0;0
28.152.272/0001-26;2026-01-01;1;2026-01-31;173679;;;;;;;;;;;;;;;;2442987368.79;2346650708.8;26441650;88.7482705806937;0.000154490784947449;;0.006945;-0.002359;0.009304;
28.216.384/0001-01;2026-01-01;1;2026-01-30;1;;;1;;;;;;;;;;;;;21735063.5;21685124.54;3239431;6.69411527518259;0.000922;1.7E-05;0.00714;0.005767;0.001373;0
28.267.530/0001-10;2026-01-01;1;2026-01-30;1;0;0;0;0;0;0;0;0;0;0;0;0;1;0;0;7398739.11;6863644.44;3561.23688544;1927.32038356162;0.0449402460597158;0;-0.000231;-0.000231;0;0
28.267.530/0001-10;2026-02-01;1;2026-02-27;1;0;0;0;0;0;0;0;0;0;0;0;1;0;0;0;7365013.61;6843283.44;3561.23688544;1921.60298798952;0.0431206967513828;1.62202838700482E-07;-0.002966;-0.002966;0;0
28.267.555/0001-13;2026-01-01;1;2026-01-30;124;;;;;;;;;;;;;;;;323224599.76;322983368.68;32529;9929.090002;0.000569;0;3.56E-06;3.56E-06;0;0
28.267.696/0001-36;2026-01-01;1;2026-01-30;34262;34183;60;0;0;0;4;0;0;0;0;0;5;9;0;1;466476271.77;427360394.32;4235042;100.910545;0.000776;0;0.009052;-0.000153;0.009205;0
28.516.301/0001-91;2026-01-01;1;2026-01-30;77302;;;;;;;;;;;;;;;;786254281.23;777897521.06;8701551.99991487;89.3975604659503;0.000833;0;0.011414;0.001555;0.009859;0
28.516.325/0001-40;2026-01-01;1;2026-01-30;40767;40687;55;0;0;0;7;2;0;0;0;0;12;0;0;4;866856020.06;735832557.35;7150422;102.90757068;0.000621;0;0.01078456;0.00250404;0.00828052;0
28.548.288/0001-52;2026-01-01;1;2026-01-31;217198;;;;;;;;;;;;;;;;9090256753.51;6315290426.07;62430702;101.156806246869;0.000668934279342227;;-0.009654;-0.018676;0.009022;
28.693.595/0001-27;2026-01-01;1;2026-01-30;242;0;0;0;0;0;0;0;0;0;0;0;0;0;0;0;116815982.03;116316653.25;1238572;93.9119027799756;0.00068;0;-0.004973;-0.004973;0;0
28.729.197/0001-13;2026-01-01;1;2026-01-31;113201;;;;;;;;;;;;;;;;1596108767.13;1580648458.95;17011707;92.9153352423716;0.000765994255803276;;0.011779;0.002821;0.008958;
28.737.771/0001-85;2026-01-01;1;2026-01-30;182932;182730;170;0;0;0;9;1;1;0;0;0;7;11;0;3;1732696911.91;1299853108.46;122266250;10.631332;0.0008;0;0.006649;-0.000878;0.007527;0
28.757.546/0001-00;2026-01-01;1;2026-01-30;656376;655445;810;0;0;0;27;5;10;0;0;3;28;42;0;6;7208355023.72;6493770567.45;58559855;110.891165;0.000605;0;-0.033531;0.025247;-0.058778;0
28.851.767/0001-43;2026-01-01;1;2026-01-30;752;744;7;0;0;1;0;0;0;0;0;0;0;0;0;0;131904729.28;128412326.31;850821;150.927546816545;0.000157758531304034;1.60895769072218E-05;0.007706;0.007706;0;0
28.893.734/0001-66;2026-01-01;1;2026-01-30;1;;;;;;;;;;;;;;;;2126687.26;1805094.69;161721;11.1617828853396;0.020751;0.020751;-0.100252;-0.100252;0;0.268906
28.899.178/0001-35;2026-01-01;1;2026-01-30;109;103;0;0;0;0;6;0;0;0;0;0;0;0;0;0;7273077.72;3881671.48;1306304.2006;2.97149123;0.00601;0;0.33250757;0.33250757;0;-0.749197
29.242.809/0001-01;2026-01-01;1;2026-01-30;2;0;0;0;0;0;0;0;0;0;0;0;0;2;0;0;15635243.84;8023861.75;16383.05136;489.766013283132;0.000486857839992071;0.000517876569844938;0.010329;0.010329;0;0
29.242.844/0001-20;2026-01-01;1;2026-01-30;1;0;0;0;0;0;0;0;0;0;0;0;0;1;0;0;60846736.59;18753666.96;53838.0359;348.334902016736;0.000142022891079431;0.000217231649079045;-0.041411;-0.041411;0;0
29.299.737/0001-39;2026-01-01;1;2026-01-30;127;;;;;;;;;;;;;;;;18333760.83;15815466.83;56525;279.795963379036;0.000828;0.000216;-0.000928;-0.000928;0;0
29.467.977/0001-03;2026-01-01;1;2026-01-30;136021;135683;264;0;0;0;12;2;4;0;0;1;27;28;0;0;1673037492.09;1512540596.2;16300275;92.792336;0.000799;0;0;0;0;0
29.641.226/0001-53;2026-01-01;1;2026-01-30;230224;;;;;;;;;;;;;;;;3373274895.34;3003875760.7;23238024;129.265541713013;0.000575355276876448;8.21935791187531E-06;0.006197;-0.001144;0.007341;0
29.852.732/0001-91;2026-01-01;1;2026-01-30;260186;259811;317;0;0;0;7;2;0;0;0;2;21;26;0;0;1438207917.03;1435670704.49;146101287;9.826544;0.000881;0;0;0;0;0
30.017.492/0001-99;2026-01-01;1;2026-01-30;100;85;14;;;;;;;;;1;;;;;146612219.6;145541572.75;116362;1250.76547970987;0.000159;0;0.007585;0.007585;0;0
30.048.651/0001-12;2026-01-01;1;2026-01-31;4590;;;;;;;;;;;;;;;;120340696.48;119236076.84;3477434;34.2885233307088;0.0018991711737033;;0.001181;-0.000277;0.001458;
30.091.444/0001-40;2026-01-01;1;2026-01-30;30314;;;;;;;;;;;;;;;;690243830.3;660287769.63;7014565;94.1309645901064;0.000697;5.6E-05;0.017288;0.008715;0.008573;0
30.091.506/0001-14;2026-01-01;2;2026-01-30;1;0;0;0;0;0;0;0;0;0;0;0;0;1;0;0;316439289.03;315754580.03;1858610;169.887486;4.8E-05;0;0.00056;-0.000561;0.001121;0
30.130.708/0001-28;2026-01-01;1;2026-01-30;28050;;;;;;;;;;;;;;;;3321863173.77;3087504153.73;31173083;99.0439140629754;0.001322;0;0.014201;0.004465;0.009736;0
30.166.700/0001-11;2026-01-01;2;2026-01-30;72016;71751;188;0;0;0;11;2;4;0;0;2;26;32;0;0;1397454802.26;1275757075.36;12769512;99.906486;0.001074;0;0;0;0;0
30.178.506/0001-56;2026-01-01;1;2026-01-30;1;0;0;0;0;0;1;0;0;0;0;0;0;0;0;0;124244338.66;111390941.15;1164.0342;95693.87455102;9.9E-05;0;0.00680391;0.00680391;0;0
30.230.870/0001-18;2026-01-01;1;2026-01-30;46674;46637;31;0;0;0;0;0;0;0;0;0;4;0;0;2;212907566.81;212583174.34;5841933.7;36.71829414;0.001251;0;0.0376732;0.03739068;0.00028252;0
30.248.129/0001-84;2026-01-01;1;2026-01-30;1;;;;;;;;;;;;;1;;;483108762.64;110591251.88;15550900757.9146;0.0071115656643693;0.0001;0;-0.002517;-0.002517;0;0
30.248.158/0001-46;2026-01-01;1;2026-01-30;540;517;2;0;0;0;2;2;0;0;0;0;9;7;0;1;390867795.91;387970605.22;2940298;131.949416;0.000859;0;0.006154;-0.000235;0.006389;0
30.248.180/0001-96;2026-01-01;1;2026-01-30;130689;130532;141;0;0;0;4;0;0;0;0;0;6;5;0;1;2336996536.54;2336448804.37;22084202.904;105.74291767;1E-05;0;0.00470486;0.00195699;0.00274787;0
30.258.790/0001-70;2026-01-01;1;2026-01-30;12;0;2;0;0;0;0;0;0;0;0;0;1;9;0;0;101594423.15;92122072.84;1493148.39494067;61.6965287255728;0.000129826850052339;7.8422774286449E-05;-0.001841;-0.001841;0;0
30.492.505/0001-81;2026-01-01;1;2026-01-30;1;;;;;;;;;;;;;;;;253643755.77;252860610.67;442223222;0.571794058047001;0.000122;0;0.001016;0.001016;0;0
30.495.165/0001-42;2026-01-01;1;2026-01-30;2;;;;;;;;;;;;;;;;429201496.38;391234276.23;438700;891.803684134944;7.9E-05;0;0.007842;0.001697;0.006145;0
30.567.216/0001-02;2026-01-01;1;2026-01-31;25165;;;;;;;;;;;;;;;;667622100.08;563056512.33;5829442;96.5884062882863;0.000371;0;0.013444;0.004333;0.009111;0
30.578.275/0001-78;2026-01-01;1;2026-01-30;3;0;1;0;0;0;2;0;0;0;0;0;0;0;0;0;9484789.07;9365871.04;75710.975;123.70559269;0.003754;0;-0.00295864;-0.00295864;0;0
30.578.351/0001-45;2026-01-01;1;2026-01-30;1;0;0;0;0;0;0;0;0;0;0;0;0;1;0;0;76427649.37;75915394.5;302908.9073;250.62120218;0.006073;0;-0.00037731;-0.00037731;0;0
30.578.417/0001-05;2026-01-01;1;2026-01-30;2;;;;;;;;;;;;;;;;783990778.75;775251056.63;8126783;95.394580688324;5E-05;0;0.012223;0.002242;0.009981;0
30.629.603/0001-18;2026-01-01;1;2026-01-30;123553;123250;234;1;0;0;10;3;7;0;0;0;17;28;0;3;1956829150.74;1939758402.68;16118565;120.34312;0.000791;0;0.013675;-0.000515;0.01419;0
30.642.032/0001-51;2026-01-01;1;2026-01-30;1;;;;;;;;;;;;;1;;;157987020.03;141732964.73;16985.88612497;8344.16077484744;0;0;0;0;0;0
30.647.758/0001-87;2026-01-01;1;2026-01-31;7830;;;;;;;;;;;;;;;;189723139.5;187841207.55;2167957;86.6443419080729;0.000668391571996152;;0.010755;0.001508;0.009247;
30.654.849/0001-40;2026-01-01;1;2026-01-30;32658;32600;36;0;0;0;9;1;0;0;0;0;8;0;0;4;512943282.83;303291670.29;7316171;41.45497287;0.000793;0;-0.00327953;-0.00327953;0;0
30.816.679/0001-52;2026-01-01;1;2026-01-30;5;;;;;;;;;;;;;;;;65922435.48;65079454.1;404495.18142;160.890554669985;0.001302;0;0.244909;0.244909;0;0
30.846.692/0001-54;2026-01-01;1;2026-01-30;1;;;;;;;;;;;;;1;;;156237994.03;148690999.16;1644411.13904241;90.4220335351093;7.1E-05;3.5E-05;0.006647;0.006647;0;0
30.871.660/0001-09;2026-01-01;1;2026-01-31;1;;;;;;;;;;;;;;;;566475949.08;556908502.76;390774.6659;1425.1397323247;0.00356189783450811;;0.004398;0.004398;;
30.871.698/0001-81;2026-01-01;1;2026-01-31;542;;;;;;;;;;;;;;;;253409266.8;252781460.68;2823180;89.5378476328112;0.000747744353923479;;-0.001053;-0.001053;;
30.871.716/0001-25;2026-01-01;1;2026-01-30;2;0;0;0;0;0;0;0;0;0;0;0;0;2;0;0;168895495.83;167542106.87;135350;1237.84342;0.000167;0;0;0;0;0
30.982.880/0001-00;2026-01-01;1;2026-01-30;6267;6250;10;;;;1;;;;;;5;1;;;91792354.9;90532943.78;904050;100.141522902494;0.000139;5.5E-05;0.016397;0.005725;0.010672;0
30.982.923/0001-57;2026-01-01;1;2026-01-30;1;1;0;0;0;0;0;0;0;0;0;0;0;0;0;0;98596308.55;88804153.92;798274157.3854;0.11124518;0.000292;0;-0.00032054;-0.00032054;0;0
30.982.974/0001-89;2026-01-01;1;2026-01-31;11;;;;;;;;;;;;;;;;247985502.72;246695794.24;477875;516.234986638765;0.000669232365750768;;-0.001699;-0.001699;;
30.983.020/0001-90;2026-01-01;1;2026-01-30;55338;;;;;;;;;;;;;;;;357773182.7;353347349.41;43302140;8.16004357775389;0.000679;0;0.680112;0.005798;0.674314;0
31.145.875/0001-05;2026-01-01;1;2026-01-30;2;;;;;;1;;;;;;1;;;;829361345.74;815528286.12;8304404;98.2043125695715;5.84624602376876E-05;3.63576598195848E-06;0.005144;0.005144;0;0
31.152.015/0001-07;2026-01-01;2;2026-01-30;54;50;1;0;0;0;0;0;0;0;0;0;2;1;0;0;57245231.65;56801794.3;870918.4343;65.22056724;0.000879;0;-0.00069853;-0.00069853;0;0
31.161.410/0001-48;2026-01-01;1;2026-01-30;1520;;;;;;;;;;;;;;;;137156931.79;132766535.36;1528615;86.8541361690157;0.000155;4E-05;-0.001866;-0.001866;0;0.029192
31.373.514/0001-16;2026-01-01;1;2026-01-30;8;3;3;0;0;0;0;0;0;0;0;0;1;1;0;0;4160416.61;2539530.42;12231732.6611041;0.20761820834063;0;0;0;0;0;0
31.469.385/0001-64;2026-01-01;1;2026-01-30;844;;;;;;;;;;;;;;;;82949434.39;82907027.88;500922;165.508857426905;9E-05;4.5E-05;0.005205;-0.000412;0.005617;0
31.508.219/0001-20;2026-01-01;1;2026-01-30;3;;;;;;1;;;;;;1;1;;;297458821.86;42176246.91;220066;191.652717412049;0.000378;0.000114;-0.005364;-0.005364;0;0
31.524.769/0001-32;2026-01-01;2;2026-01-30;105;105;0;0;0;0;0;0;0;0;0;0;0;0;0;0;237604116;237519610.44;144413.3759;1644.72029657746;0.0001;0;0;0;0;0
31.524.789/0001-03;2026-01-01;1;2026-01-30;102;102;0;0;0;0;0;0;0;0;0;0;0;0;0;0;409295284.09;409209864.28;40.73481058;10045704.3608032;6E-05;0;6E-05;6E-05;0;0
31.544.493/0001-54;2026-01-01;1;2026-01-30;1;0;0;0;0;0;0;0;0;0;0;0;0;1;0;0;579476620.3;579386746.12;244847.90875494;2366.31282278947;4E-05;0;0;0;0;0
31.544.514/0001-31;2026-01-01;1;2026-01-30;3;0;3;0;0;0;0;0;0;0;0;0;0;0;0;0;0;0;0;0;0;0;0;0;0;0
31.547.782/0001-07;2026-01-01;1;2026-01-31;1;;;;;;;;;;;;;;;;170825979.37;157441571.07;47850.8243;3290.25828443252;0.000293375629359438;;0.002182;0.002182;;
31.547.989/0001-81;2026-01-01;2;2026-01-30;2;0;0;0;0;0;0;0;0;0;0;0;0;2;0;0;150773100.04;150712844.24;78114.87789461;1929.3743817066;0.00011;0;0.01;0.01;0;0
31.713.934/0001-02;2026-01-01;1;2026-01-30;1;0;0;0;0;0;1;0;0;0;0;0;0;0;0;0;44449911.26;18292470.93;36531266.8939517;0.500734644191291;0.0011;0.00037;0.0099;0.0099;0;0
31.772.231/0001-47;2026-01-01;1;2026-01-31;104;;;;;;;;;;;;;;;;441766880.65;441636646.83;15303215.9133521;28.8590744148536;0.000195302836888899;;-0.000213;-0.000213;;
31.887.401/0001-39;2026-01-01;1;2026-01-30;1179;;;;;;;;;;;;;;;;60677541.01;60138241.01;690040;87.1518187496377;0.000954;0.000245;0.018769;0.011457;0.007312;0
31.894.369/0001-19;2026-01-01;1;2026-01-30;4490;;;;;;;;;;;;;;;;271009351.79;217884685.99;3779001;57.6566891593837;0.000359;0;-0.011278;-0.011278;0;0
31.907.591/0001-09;2026-01-01;1;2026-01-31;1;;;;;;;;;;;;;;;;292305279.02;286645375.74;134266;2134.9066460608;8.47552134315132E-05;;0.007488;0.000598;0.00689;
31.962.875/0001-06;2026-01-01;1;2026-01-31;2;;;;;;;;;;;;;;;;8185114419.51;7939026974.99;4859552.227;1633.69516452158;1.1546335626365E-05;;-0.012549;-0.012549;;
32.000.013/0001-57;2026-01-01;1;2026-01-30;9;;;;;;;;;;;;;;;;195128317.72;183805546.93;655090.43426895;280.580416557476;2.5E-05;2.2E-05;0.005214;0.005214;0;0.548223
32.006.821/0001-21;2026-01-01;1;2026-01-30;23816;;;;;;;;;;;;;;;;178749011.92;173769255.21;20726973;8.38372565111172;0.000109;5.7E-05;0.013885;0.003116;0.010769;0
32.065.364/0001-46;2026-01-01;1;2026-01-31;27015;;;;;;;;;;;;;;;;487162961.13;458809658.24;4836324;94.8674361436496;0.000711966202396568;;0.285547;0.269489;0.016058;
32.140.405/0001-11;2026-01-01;1;2026-01-30;122;116;0;0;0;0;0;0;0;0;0;0;0;6;0;0;118157133.14;118032562.94;96062.86121802;1228.7013049936;0.000440304526469375;4.89227251632639E-05;0.05438;0.05438;0;0
32.177.294/0001-18;2026-01-01;2;2026-01-30;1;0;0;0;0;1;0;0;0;0;0;0;0;0;0;0;42526281.83;42389778;2976;14243.87701613;0.001327;0.000199;-0.00064039;-0.02927383;0.02863344;0
32.222.912/0001-02;2026-01-01;1;2026-01-30;6;3;1;;;;;;;;;;;2;;;38196386.58;25363546.95;28701.23186851;883.709349696171;0.000315;0;-0.252729;-0.252729;0;0
32.274.163/0001-59;2026-01-01;1;2026-01-31;49321;;;;;;;;;;;;;;;;919834084.49;766574199.64;8543493;89.7260874024243;6.50740920101755E-05;;0.005482;0.000464;0.005018;
32.274.197/0001-43;2026-01-01;1;2026-01-31;3;;;;;;;;;;;;;;;;989142714.9;781941298.71;755795760.389651;1.03459339108606;8.79477271675669E-05;;0.016898;0.016898;;
32.274.553/0001-29;2026-01-01;1;2026-01-31;3;;;;;;;;;;;;;;;;564237066.08;536582204.39;488296489.1105;1.09888605868836;5.50439611272178E-05;;-0.0001;-0.0001;;
32.275.196/0001-13;2026-01-01;1;2026-01-30;2;0;1;0;0;0;0;0;0;0;0;0;0;1;0;0;8242.73;-209876.85;283.62514;-739.97971406907;-0.379055622380458;-0.0333528924223896;-0.034505;-0.034505;0;0
32.275.252/0001-10;2026-01-01;1;2026-01-30;1;0;0;0;0;0;0;0;0;0;0;0;0;1;0;0;27600736.05;27306886.83;2424674.20150446;11.2620849485909;0.00834954205579794;0.000329587186413077;-0.001114;-0.001114;0;0
32.287.811/0001-01;2026-01-01;1;2026-01-31;1;;;;;1;;;;;;;;;;;118688910.63;118543927.57;107671.3757;1100.97903736545;0.00019;0;-0.000368;-0.000368;0;0
32.317.313/0001-64;2026-01-01;1;2026-01-30;433;;;;;;;;;;;;;;;;59560172.8;59450216.25;147700.99711;402.503824708269;0.001193;5.6E-05;0.024421;0.024421;0;0
32.388.168/0001-02;2026-01-01;1;2026-01-30;1;0;0;0;0;0;0;0;0;0;0;0;0;1;0;0;64521895.21;24756660.54;244.48125095;101262.000434803;0.00196;0;0.023069;0.023069;0;0
32.400.250/0001-05;2026-01-01;1;2026-01-30;27120;;;;;;;;;;;;;;;;1407849782.3;1392830610.96;14723970;94.5961320866587;0.001331;6.65E-05;1.4459;0.5109;0.935;0
32.441.656/0001-36;2026-01-01;1;2026-01-30;136;116;2;0;0;0;3;0;0;0;0;0;1;14;0;0;68176119.48;67763463.84;139665;485.185722;0.002028;0;-0.004091;-0.002169;-0.001922;0
32.527.552/0001-49;2026-01-01;1;2026-01-30;199;196;;;;;1;;;;;;;2;;;75611392.93;75513802.97;94603;798.217846897033;0;0;0;0;0;0
32.527.626/0001-47;2026-01-01;1;2026-01-30;9720;9697;6;1;;;1;2;;;;;5;8;;;543840821.21;367481120.99;2810193;130.767218119894;0.000693008825362025;0;0.009854;0.00219;0.007664;0
32.667.306/0001-92;2026-01-01;1;2026-01-30;2;0;1;0;0;0;0;0;0;0;0;0;0;1;0;0;32282732.29;32165525.62;35564;904.440603;0.00256;0;-0.005133;-0.007988;0.002855;0
32.754.734/0001-52;2026-01-01;1;2026-01-30;14502;14466;23;0;0;0;1;2;0;0;0;0;2;8;0;0;388522071.36;363336051.46;5452634;66.634961;0.000772;0;0.118524;0.079257;0.039267;0
32.892.018/0001-31;2026-01-01;2;2026-01-30;184556;184267;216;;1;;14;5;5;;;;17;27;;4;2875455787.79;2216026875.38;21329976;103.892609882918;0.000792;0;-0.002269;-0.008946;0.006677;0
32.903.621/0001-71;2026-01-01;1;2026-01-31;40289;;;;;;;;;;;;;;;;1811905480.39;1390517364.56;12660067;109.834913556145;0.000590403385764102;;0.00616;-0.000393;0.006553;
32.903.661/0001-13;2026-01-01;1;2026-01-31;1;;;;;;;;;;;;;;;;316300151.11;314787426.01;3372642.7205;93.3355389518793;0.000545683327244917;;0.004158;-5E-06;0.004163;
33.046.142/0001-49;2026-01-01;2;2026-01-30;5326;5265;25;1;0;0;7;2;0;0;0;1;8;17;0;0;1097700067.11;923323656.31;7441745;124.073541;6.8E-05;0;0.013699;0.001789;0.01191;0
33.354.650/0001-94;2026-01-01;2;2026-01-30;1;;;;;;;;;;;;;;;;342412693.01;342306989.73;3459549;98.94555323;0.000167;0;-0.000239;-0.000239;0;0
33.554.611/0001-30;2026-01-01;1;2026-01-30;11;8;0;0;0;0;0;0;0;0;0;0;0;3;0;0;8140372.33;7992915.92;13852.42453792;577.004833927806;0.0006;0;-0.000625;-0.000625;0;0
33.554.611/0001-30;2026-02-01;1;2026-02-27;11;8;0;0;0;0;0;0;0;0;0;0;0;3;0;0;8140372.33;7987915.92;13852.42453792;576.643886283853;0.0006;0;-0.000626;-0.000626;0;0
33.701.455/0001-93;2026-01-01;1;2026-01-30;11;;;;;;;;;;;;;;;;104154294.45;74448015.33;55.55556023;1340064.163187;0.000352;0;0.011493;0.011493;0;0
33.701.485/0001-08;2026-01-01;1;2026-01-30;9;;;;;;;;;;;;;;;;415985.36;399744.27;20;19987.2135;0.015544;0.01501;-0.136507;-0.136507;0;0
33.701.501/0001-54;2026-01-01;1;2026-01-30;3;3;0;0;0;0;0;0;0;0;0;0;0;0;0;0;114551088.99;114082486.76;64327;1773.477494054;0.000739;0;-0.00089473;-0.00089473;0;0
33.701.887/0001-02;2026-01-01;1;2026-01-30;3;;;;;;;;;;;;;3;;;37736304.85;37706403.02;52522.02003146;717.916085432631;0.000318;0;-0.001355;-0.001355;0;0
33.842.871/0001-01;2026-01-01;1;2026-01-31;3;;;;;;;;;;;;;;;;234719571.63;35699199.44;133620;267.169581200419;0.000783922901325431;;0.03336;0.03336;;
33.884.145/0001-51;2026-01-01;1;2026-01-31;2802;;;;;;;;;;;;;;;;73338573.61;71122415.86;751844;94.5973045738212;0.00083773799412668;;0.009752;-0.001857;0.011609;
33.884.197/0001-28;2026-01-01;1;2026-01-30;1;;;;;;;;;;;;;1;;;36559362.68;36551945.97;28368.55958341;1288.46675709879;2.7E-05;0;-0.017076;-0.017076;0;0
34.027.774/0001-28;2026-01-01;1;2026-01-31;3284;;;;;;;;;;;;;;;;56955969.3;56371251.78;767206.99999608;73.4759351521663;0.000664778744780253;;0.020906;0.011954;0.008952;
34.081.631/0001-02;2026-01-01;1;2026-01-30;1085;1069;4;0;0;0;0;0;1;0;0;0;2;9;0;0;70702209.06;69477364.3;573450;121.15679536;0.000871;0;0.13616774;0.13388139;0.00228635;0
34.081.637/0001-71;2026-01-01;2;2026-01-30;13295;13255;23;0;1;0;4;0;0;0;0;0;3;9;0;0;219260045.45;218934688.8;4674548;46.83547774;0.000585;0;0.01048834;0.00159416;0.00889418;0
34.197.700/0001-30;2026-01-01;1;2026-01-30;109;89;0;0;0;0;0;0;0;0;0;0;0;21;0;0;36868885.27;36813331.49;853454.8976;43.1344779829874;0.000557325814907759;0.000421505453347513;0.002807;0.002807;0;0
34.197.776/0001-65;2026-01-01;1;2026-01-30;3571;3553;11;0;0;0;1;0;0;0;0;0;4;2;0;0;32901819.39;30298567.95;1313784;23.062062;0.001829;0;-0.002001;-0.001111;-0.00089;0
34.197.811/0001-46;2026-01-01;1;2026-01-30;84239;84060;134;0;0;0;7;1;0;0;0;1;17;18;0;1;1072739211.83;1071856441.19;11787247;90.933569;0.000783;0;0;0;0;0
34.508.872/0001-87;2026-01-01;1;2026-01-30;63411;63306;83;0;0;0;6;0;0;0;0;0;8;6;0;2;1214967541.41;1211591957.57;11733895;103.25573542;7.3E-05;0;0.04224466;0.03872376;0.0035209;0
34.508.959/0001-54;2026-01-01;2;2026-01-30;547;535;1;0;0;0;0;0;1;0;0;0;4;6;0;0;106554885.04;106446443.91;1200000;88.70536993;0.000177;0;-0.07510202;-0.07510202;0;0
34.509.007/0001-55;2026-01-01;1;2026-01-30;1;0;1;0;0;0;0;0;0;0;0;0;0;0;0;0;109016135.71;105178372.52;772497.18065818;136.153729946802;0.000978658421249358;0;0.007774;0.007774;0;0
34.547.078/0001-42;2026-01-01;1;2026-01-30;4;0;0;0;0;3;0;0;0;0;0;0;0;1;0;0;75534435.08;74110915.71;151735.46893692;488.421831950245;0.00344553939934039;0;-0.018423;-0.018423;0;0
34.598.181/0001-11;2026-01-01;1;2026-01-30;15723;;;;;;;;;;;;;;;;481633132.52;478585896.5;4512103;106.06714796;0.000383;0;0.005552;-0.000104;0.005656;0
34.691.520/0001-00;2026-01-01;1;2026-01-30;1657;1628;7;0;0;0;5;1;0;0;0;0;6;10;0;0;1075784306.88;663124907.41;67825745;9.776891;0.000877;0;0.003536;-0.002361;0.005897;0
34.691.925/0001-48;2026-01-01;1;2026-01-30;1;;;;;;;;;;;;;;;;203205315.94;201131321.37;408817;491.983751580781;0.000396;0.000198;0.035352;0.035352;0;0.025113
34.736.474/0001-18;2026-01-01;1;2026-01-31;128;;;;;;;;;;;;;;;;285183377.92;251184400.01;3054449;82.2355848829036;0.00135939106881799;;-0.005457;-0.005457;;
34.736.510/0001-43;2026-01-01;1;2026-01-31;291;;;;;;;;;;;;;;;;31928120.31;31739202.19;552000;57.498554692029;0.000215013596093166;;0.001526;-0.003839;0.005365;
34.835.191/0001-23;2026-01-01;1;2026-01-30;6183;;;;;;;;;;;;;;;;135700837.3;134595711.36;1130086;119.10218458;0.00083;0;0.008916;0.003272;0.005644;0
34.847.042/0001-84;2026-01-01;1;2026-12-31;19;;;;;;;;;;;;;;;;265476664.04;143810780.96;1485504;96.8094202102452;0.000393634188077634;;0.007705;-0.0027;0.010405;
34.867.728/0001-37;2026-01-01;1;2026-01-30;104;100;0;0;0;0;4;0;0;0;0;0;0;0;0;0;138710796.95;138480323.53;526253.6212;263.14369718;0.000138;0;-0.01552729;-0.07748011;0.06195282;0
34.895.711/0001-93;2026-01-01;1;2026-01-30;37;;;;;;;;;;;;;;;;37633315.25;9702480.85;21663.0146;447.882302124285;0.00578369294075958;;-0.057351;-0.057351;;
34.895.752/0001-80;2026-01-01;1;2026-01-31;421;;;;;;;;;;;;;;;;124395702.92;119752387.5;215475;555.760006961364;0.00166936688423018;;-0.002422;-0.002422;;
34.895.894/0001-47;2026-01-01;1;2026-01-31;288;;;;;;;;;;;;;;;;98787264.25;98258504.7;994814;98.7707297042462;0.000831725459791167;;0.005605;0.001549;0.004056;
35.360.651/0001-77;2026-01-01;1;2026-01-31;103;;;;;;;;;;;;;;;;242080892.14;131752536.66;118735.7149;1109.6285289642;0.000106830960198683;;0.056754;0.013162;0.043592;
35.360.687/0001-50;2026-01-01;1;2026-01-31;8745;;;;;;;;;;;;;;;;228336557.56;225736711.97;2526360;89.3525514851407;0.00073014707515499;;0.015556;0.004872;0.010684;
35.449.574/0001-26;2026-01-01;1;2026-01-31;2;;;;;;;;;;;;2;;;;63069590.57;62991932.63;58162833.23;1.08302723804571;0.000159;3.2E-05;-0.001159;-0.001159;0;0
35.507.262/0001-21;2026-01-01;1;2026-01-30;2464;;;;;;;;;;;;;;;;469966878.23;459058454.12;51685917;8.88169313354738;0.000666;2.5E-05;0.011065;0.002039;0.009026;0
35.507.457/0001-71;2026-01-01;1;2026-01-31;82421;;;;;;;;;;;;;;;;1413725605.16;1400215464.61;18399378;76.1012391076481;0.000652576094961574;;0.015203;0.006605;0.008598;
35.507.610/0001-60;2026-01-01;1;2026-01-31;3;1;0;0;0;0;2;0;0;0;0;0;0;0;0;0;526114652.95;525933239.9;3538046.45;148.650744791663;0.000117;0;0.265832;0.265832;0;0
35.586.415/0001-73;2026-01-01;1;2026-01-30;386;;;;;;;;;;;;;;;;477437584.05;317997477.13;3288000;96.7145611709246;0.000418;2.5E-05;0.006602;0.000807;0.005795;0
35.652.081/0001-99;2026-01-01;2;2026-01-30;1;0;0;0;0;0;0;0;0;0;0;0;0;1;0;0;421121236.18;400192199.38;341246;1172.73814;0.000183;0;0.00677;0.00338;0.00339;0
35.652.102/0001-76;2026-01-01;1;2026-01-30;171617;171154;346;0;0;0;29;5;10;1;0;1;28;38;0;5;2942944448.49;2928324176.15;27130067;107.936489;0.000577;0;0.006024;0.001726;0.004298;0
35.652.174/0001-13;2026-01-01;1;2026-01-30;2;0;0;0;0;0;0;0;0;0;0;0;2;0;0;0;21259049.22;19232948.08;461030;41.717346;0.001107;0;-0.000921;-0.004669;0.003748;0
35.652.227/0001-04;2026-01-01;1;2026-01-30;238;233;1;0;0;0;0;0;0;0;0;0;1;3;0;0;42781529.34;42119441.23;640199;65.79117;0.00099;0;0;0;0;0
35.652.252/0001-80;2026-01-01;1;2026-01-30;2362;2348;7;0;0;0;0;0;0;0;0;0;5;2;0;0;62211947.53;55209192.82;612282;90.169551;0.000916;0;0.032641;0.014326;0.018315;0
35.652.278/0001-28;2026-01-01;1;2026-01-30;532;531;1;0;0;0;0;0;0;0;0;0;0;0;0;0;980973321.26;980137401.25;5563126;176.184649;0.000208;0;0.007259;0.000124;0.007135;0
35.688.460/0001-39;2026-01-01;1;2026-01-30;120;;;;;;;;;;;;;;;;416827094.53;314099604.35;3370000;93.2046303709199;0.000712;2.5E-05;-0.005421;-0.005421;0;0
35.689.497/0001-81;2026-01-01;1;2026-01-30;131;;;;;;;;;;;;;;;;148931580.03;147788152.52;1640000;90.1147271463415;0.000165;2.5E-05;0.025914;0.015881;0.010033;0
35.689.670/0001-41;2026-01-01;1;2026-01-31;128;;;;;;;;;;;;;;;;31868087.61;31813598.44;323200;98.433163490099;0.000766239947548668;;9.6E-05;9.6E-05;;
35.689.733/0001-60;2026-01-01;1;2026-01-31;1392;;;;;;;;;;;;;;;;39084706.11;38777783.12;481757;80.492412398782;0.000468943517057867;;-0.000813;-0.007233;0.00642;
35.704.849/0001-20;2026-01-01;1;2026-01-31;1;;;;;;;;;;;;;;;;362089333.63;196581599.7;2201693.4442;89.2865445086653;0.000122151310380246;;0.004776;0.004776;;
35.705.463/0001-33;2026-01-01;1;2026-01-31;15952;;;;;;;;;;;;;;;;710546866.55;683820593.22;6687035;102.260657110364;0.000905342828423455;;-0.035358;-0.042381;0.007023;
35.705.542/0001-44;2026-01-01;1;2026-01-31;58;;;;;;;;;;;;;;;;260829122.27;251520591.28;1042957.2531;241.160978105671;0.000745470973353701;;0.005587;0.005587;;
35.725.659/0001-90;2026-01-01;2;2026-01-30;1;0;0;0;0;0;0;0;0;0;0;0;0;1;0;0;43596070.15;43418210.63;37754.86778822;1150.0029843449;0.000151029254887559;0.000158277365655684;0.006773;0.003548;0.003225;0
35.754.164/0001-99;2026-01-01;1;2025-12-31;27129;27049;39;1;0;0;19;4;0;0;0;0;15;0;0;2;449318935.04;445341073.96;4991535;89.219263;0.000126;0;0.00605814;-0.00032852;0.00638666;0
35.755.044/0001-06;2026-01-01;1;2026-01-30;1023;;;;;;;;;;;;;;;;78758051.28;78460233.47;154533.89335106;507.721845147324;0.000286;0.000189;0.008125;0.008125;0;0
35.755.232/0001-34;2026-01-01;1;2026-01-30;52;;;;;;;;;;;;;;;;70993048.77;69090713.99;117698.42168077;587.014787482815;2.5E-05;1.7E-05;0.328263;0.328263;0;0.31747
35.765.826/0001-26;2026-01-01;1;2026-01-31;13081;;;;;;;;;;;;;;;;377201968.65;368872369.34;4824987;76.4504379680194;0.00061753511223292;;0.002835;-0.001605;0.00444;
35.765.889/0001-82;2026-01-01;1;2026-01-30;1;0;0;0;0;0;0;0;0;0;0;0;0;1;0;0;489046889.25;424838823.12;2322238.7854156;182.943642913952;4.3E-05;0;-0.01852;-0.01852;0;0
35.765.907/0001-26;2026-01-01;1;2026-01-31;2;;;;;;;;;;;;;;;;3436143400.08;3207112847.99;29824491.4159;107.532859597405;0.000130983373492229;;-0.001479;-0.001479;;
35.819.314/0001-03;2026-01-01;1;2026-01-31;2;;;;;;;;;;;;;;;;101959987.58;96478656.12;881531660.340678;0.109444346085896;0;;0.009908;0.009908;;
35.820.768/0001-96;2026-01-01;1;2026-01-30;88;76;6;;;;;;;;;;1;5;;;84549963.31;83462409.14;47485;1757.65840033695;0.00027;0;-0.000897;-0.000897;0;0
35.864.448/0001-38;2026-01-01;1;2026-01-30;256013;;;;;;;;;;;;;;;;1987942812.6;1778215373.83;202202385;8.79423540840035;0.001008;5.6E-05;0.00974;-0.000489;0.010229;0
35.880.201/0001-05;2026-01-01;1;2026-01-31;1;;;;;;;;;;;;;;;;208732930.74;207735742.95;373790297.260055;0.555754776067591;0;;0.001931;0.001931;;
36.098.375/0001-83;2026-01-01;2;2026-01-30;106;;;;;;;;;;;;;;;;121848446.53;120950379.37;775015;156.06198508;0.000414;0;0.006487;7.9E-05;0.006408;0
36.200.654/0001-06;2026-01-01;1;2026-01-31;111;;;;;;;;;;;;;;;;435708020.3;433623402.37;3247155.91672272;133.539446053963;0.00119608138574922;;0.002979;0.002975;4E-06;
36.200.701/0001-11;2026-01-01;1;2026-01-31;2;;;;;;;;;;;;;;;;13407767.21;11387130.96;469760.1875;24.2403065713184;0.000275561070740509;;0.001393;0.001393;;
36.244.015/0001-42;2026-01-01;1;2026-01-30;63720;63661;50;0;0;0;1;0;0;0;0;0;6;1;0;1;306176853;305365567.56;29864091;10.22517536;0.002362;0;0.01770438;0.01482619;0.00287819;0
36.258.924/0001-30;2026-01-01;1;2026-01-30;2;1;0;0;0;0;0;0;0;0;0;0;0;1;0;0;294049256.47;4440440.64;71.89;61767.1531506468;0.0043;0.0002;-0.026106;-0.026106;0;0
36.258.924/0001-30;2026-02-01;1;2026-02-27;2;1;0;0;0;0;0;0;0;0;0;0;0;1;0;0;300006889.37;2715567.59;71.89;37773.9266935596;0.007;0.0004;-0.388446;-0.388446;0;0
36.293.425/0001-83;2026-01-01;2;2026-01-30;9362;;;;;;;;;;;;;;;;73898352.61;73276908.35;900494;81.3741217;0.000249;0;0.02042;0.012828;0.007592;0
36.312.025/0001-78;2026-01-01;1;2026-01-30;1;;;;;;;;;;;;;1;;;140294009.94;130905174.61;250017.63238208;523.583770323643;0.0001;0;0.004178;0.004178;0;0
36.312.772/0001-06;2026-01-01;2;2026-01-30;7699;;;;;;;;;;;;;;;;52982943.43;52402893.53;748151;70.04320455;0.000249;0;0.025095;0.015095;0.01;0
36.368.925/0001-37;2026-01-01;1;2026-01-31;681;;;;;;;;;;;;;;;;759229866.4;412632590.41;4066022;101.483117998378;0.000164908302401387;;0.029324;-0.000231;0.029555;
36.420.742/0001-13;2026-01-01;1;2026-01-30;5;;;;;;;;;;;;;;;;1197448022.1;1195563969.87;10946233.9437804;109.221488962358;0.00076;0;0.00036;-0.004798;0.005158;0
36.445.551/0001-06;2026-01-01;1;2026-01-31;57;;;;;;;;;;;;;;;;22511931.35;22427511.97;492650;45.5242301228052;0.000912856496404313;;-0.000409;-0.000675;0.000266;
36.445.587/0001-90;2026-01-01;1;2026-01-30;39844;;;;;;;;;;;;;;;;227398678.22;209608141.81;26946220;7.778759;0.00048;0;-0.01193907;-0.03751458;0.02557551;0
36.501.128/0001-86;2026-01-01;1;2026-01-30;150513;150204;288;0;0;0;10;0;0;0;0;0;5;6;0;0;2556159967.41;1765815892.73;18851720;93.66868873132;0.00108347940341736;1.68209381976276E-05;0.000488;-0.01008;0.010568;0
36.501.159/0001-37;2026-01-01;2;2026-01-30;46;43;0;0;0;0;0;0;0;0;0;0;2;1;0;0;239955523.6;187994947.47;1600000;117.496842;0.000125;0;0.010733;0.005786;0.004947;0
36.501.181/0001-87;2026-01-01;1;2026-01-30;2348;2325;4;0;0;0;2;1;1;0;0;0;8;7;0;0;146916488.97;140709122.42;1500598;93.76869916;0.000299;0;0.00216758;-0.00877966;0.01094724;-0.94197
36.501.198/0001-34;2026-01-01;1;2026-01-30;1714;1699;4;;;;1;1;;;;;2;7;;;81987276.9;81622819.25;750000;108.830425666667;0.000697405217352867;0;0.00369;-7.7E-05;0.003767;0
36.501.210/0001-00;2026-01-01;1;2026-01-30;1;;;;;;;;;;;;1;;;;145720343.67;144584994.58;1134132.23495008;127.485129268338;8.03983154252437E-05;1.67496634559821E-05;0.016873;0.007165;0.009708;0
36.501.233/0001-15;2026-01-01;1;2026-01-30;17487;;;;;;;;;;;;;;;;356495002.03;345067610.05;36549445;9.44111764351005;0.000742978107863706;1.56416303437402E-05;0.013711;0.002456;0.011255;0
36.501.249/0001-28;2026-01-01;1;2026-01-30;1;;;;;;;;;;;;;1;;;705875254.85;606791719.1;237059.33739217;2559.66175293984;0.000111661049199048;2.18071532347647E-06;0.000159;0.000159;0;0
36.517.660/0001-91;2026-01-01;1;2026-01-31;908;;;;;;;;;;;;;;;;73311973.57;73075666.34;764452;95.5922233704667;0.000834;0;-0.000236;-0.001385;0.001149;0
36.532.530/0001-28;2026-01-01;1;2026-01-30;10;9;;;;;1;;;;;;;;;;81676387.41;81028362.74;3600;22507.8785388889;8.3E-05;0;-0.000493;-0.000493;0;0
36.642.219/0001-31;2026-01-01;1;2026-01-30;45147;45007;115;0;0;0;8;1;0;0;0;0;3;13;0;0;852954755.33;776837947.04;8807885;88.198012;0.000996;0;-0.00022;-0.005709;0.005489;0
36.642.244/0001-15;2026-01-01;1;2026-01-30;38037;37981;42;0;0;0;7;0;1;0;0;0;1;5;0;0;748715464.72;693765025.57;5982736;115.961163;0.000682;0;0.004848;-0.001679;0.006527;0
36.642.275/0001-76;2026-01-01;1;2026-01-30;141;76;1;0;0;0;1;0;0;0;0;0;2;61;0;0;223540402.14;221911297.87;2623752;84.577848;0.001421;0;-0.008654;-0.007274;-0.00138;0
36.642.293/0001-58;2026-01-01;2;2026-01-30;37891;37821;59;0;0;0;2;0;0;0;0;0;3;6;0;0;455821692.19;455375391.67;4789190;95.08401;0.000838;0;0;0;0;0
36.642.311/0001-00;2026-01-01;1;2026-01-30;1;0;0;0;0;0;0;0;0;0;0;0;1;0;0;0;236445799.14;236312911.29;1941075;121.743318;5.6E-05;0;0;0;0;0
36.655.973/0001-06;2026-01-01;1;2026-01-30;88528;88253;230;0;0;0;6;1;0;0;0;1;20;16;0;1;1163526408.19;1161733177.52;111598921;10.409896;0.001;0;0;0;0;0
36.669.535/0001-05;2026-01-01;1;2026-01-30;2;0;1;0;0;0;1;0;0;0;0;0;0;0;0;0;7571865.81;7493922.78;79565;94.18617206;0.005017;0;0.01252481;-0.0054266;0.01795141;0
36.669.660/0001-07;2026-01-01;1;2026-01-31;102782;;;;;;;;;;;;;;;;375898596.53;372595623.95;44196050;8.43051865381635;0.00038061354155633;;0.022475;0.014055;0.00842;
36.673.421/0001-20;2026-01-01;1;2026-01-30;1;0;0;0;0;0;1;0;0;0;0;0;0;0;0;0;21680436.32;8482044.06;74908.4794;113.23209501;0.001768;0;0.03993327;0.03993327;0;0
36.731.458/0001-68;2026-01-01;1;2026-01-30;1;;1;;;;;;;;;;;;;;79308655.1;66194431.49;47229.2564;1401.55565714136;0.0003;0;0.004905;0.004905;0;0
36.741.215/0001-00;2026-01-01;1;2026-01-30;1;0;1;0;0;0;0;0;0;0;0;0;0;0;0;0;86718754.12;85918059.48;31193805.0801179;2.75433084419579;0.00579473702052005;0.000337697454709786;-0.000587;-0.000587;0;0
36.771.692/0001-19;2026-01-01;1;2026-01-30;385437;;;;;;;;;;;;;;;;1537469920.56;1427805141.77;164721683;8.667985;0.001284;0;0.00786606;-0.00020796;0.00807402;0
36.814.809/0001-02;2026-01-01;1;2026-01-31;5;;;;;;;;;;;;4;1;;;26825013.44;26208640.36;3042600;8.61389612831131;0.002257;0.000114;0.010661;0.010661;0;0
36.846.817/0001-22;2026-01-01;1;2026-01-30;1;0;0;;;;;;;;;;;1;;;8399943.72;6167336.7;6300.4678;978.869648;0.000622;0;0.00051511;0.00051511;0;0
36.885.948/0001-19;2026-01-01;1;2026-01-30;2;;;1;;;;;;;;;;1;;;151541859.95;146115688.07;44820.58926127;3260.01265218216;0.0002;0;-0.000121;-0.000121;0;0
36.885.989/0001-05;2026-01-01;1;2026-01-30;1;;;;;;;;;;;;;1;;;147460558.1;136221187.1;64176.75;2122.59404067672;0;0;-0.000276;-0.000276;0;0
36.930.464/0001-44;2026-01-01;2;2026-01-30;219;;;;;;;;;;;;;;;;788437540.99;788070084.79;6373961;123.63898756;0.000305;0;0.006641;8.9E-05;0.006552;0
36.969.658/0001-53;2026-01-01;1;2026-01-30;89;69;18;0;0;1;0;0;0;0;0;0;1;0;0;0;114000525.45;113155659.24;762353.03714333;148.429472602371;0.006254172126725;0.000763671482101649;-0.000499;-0.000499;0;0
37.087.810/0001-37;2026-01-01;1;2026-01-30;80230;80124;90;0;0;0;4;0;0;0;0;0;6;5;0;1;1378507769.9;1377513358.51;14044908;98.07920127;4.4E-05;0;0.00751886;0.00301915;0.00449971;0
37.112.770/0001-36;2026-01-01;1;2026-01-31;4103;;;;;;;;;;;;;;;;115213932.04;114013451.14;1334562;85.4313633536696;0.0010187464622694;;0.005526;-0.003803;0.009329;
37.180.091/0001-02;2026-01-01;1;2026-01-30;7187;7167;7;;1;;1;;;;;;7;4;;;315281929.82;311613842.15;4003900;77.8275786483179;0.000415;9E-06;0.026475;0.015127;0.011348;0
37.262.531/0001-62;2026-01-01;1;2026-01-30;116;;;;;;;;;;;;;;;;89797171.23;86919751.47;98902.19786;878.845499399704;0.000173;0.000173;-6.7E-05;-6.7E-05;0;0
37.262.752/0001-30;2026-01-01;1;2026-01-30;40;;;;;;;;;;;;;;;;258249754.53;231881277.79;742484;312.304747024852;5.2E-05;5.2E-05;-0.002446;-0.020557;0.018111;0.036368
37.266.902/0001-84;2026-01-01;1;2026-01-30;9;;;;;;;;;;;;;;;;27402860.4;27326418.45;2376;11501.0178661616;0.00075;0;-0.003613;-0.003613;0;0.048517
37.295.919/0001-60;2026-01-01;1;2026-01-30;456459;;;;;;;;;;;;;;;;2834269085.36;2753589125.34;289186438;9.52184737;0.000794;0;0.03003133;0.02113035;0.00890098;0
37.295.952/0001-90;2026-01-01;1;2026-01-30;6;2;1;0;0;0;0;0;0;0;0;0;0;3;0;0;26075957.18;20021586.56;22207.80401631;901.55634232433;0.000449514826061816;0.000149838275353939;-0.031699;-0.031699;0;0
37.433.832/0001-01;2026-01-01;1;2026-01-30;3;;;;;;;;;;;;;3;;;17888446.9;17867701.92;318583.26037373;56.0848736968772;0;0;0;0;0;0
37.899.356/0001-19;2026-01-01;1;2026-01-30;27;24;1;0;0;0;0;0;0;0;0;0;2;0;0;0;113664467.15;113380831.44;1139780;99.476067;0.000676;0;0;0;0;0
37.899.400/0001-90;2026-01-01;1;2026-01-31;50;;;;;;;;;;;;;;;;152124250.41;145021247.08;144332;1004.77542804091;0;;-0.000178;-0.000178;;
37.899.479/0001-50;2026-01-01;1;2026-01-31;3429;;;;;;;;;;;;;;;;177834583.22;175627987.98;1893505;92.752851447448;0.000790168762941151;;0.022389;0.010945;0.011444;
37.931.298/0001-63;2026-01-01;1;2026-01-30;1;0;0;0;0;0;0;0;0;0;0;0;0;1;0;0;88251831.64;81722781.99;1553281.61048459;52.612984946435;0.0003;0;-0.001251;-0.001251;0;0
37.950.819/0001-20;2026-01-01;1;2026-01-30;1;0;0;0;0;0;0;0;0;0;0;0;0;1;0;0;572550716.2;570163788.33;480625452;1.186295;0.000568;0;0.012893;0.00646;0.006433;0
38.293.862/0001-22;2026-01-01;1;2026-01-30;1;0;0;0;0;0;0;0;0;0;0;0;1;0;0;0;212124339.95;128117269.86;1309074;97.868623;0.000167;0;0.006309;-0.001774;0.008083;0
38.293.897/0001-61;2026-01-01;1;2026-01-30;4207;4178;9;0;0;0;0;1;0;0;0;1;14;4;0;0;136278371.88;131749955.08;1453859;90.620862;0.000886;0;0;0;0;0
38.293.921/0001-62;2026-01-01;1;2026-01-30;856;;;;;;;;;;;;;;;;222370884.85;169980327.08;17100937;9.939825;0.001001;0;0.00339763;-0.00012313;0.00352076;0
38.294.086/0001-85;2026-01-01;1;2026-01-30;1;0;0;1;0;0;0;0;0;0;0;0;0;0;0;0;640784577.5;487414413.77;5000000;97.482883;0.000102;0;-0.046132;-0.047388;0.001256;0
38.294.329/0001-85;2026-01-01;1;2026-01-30;3;0;0;0;0;0;0;0;0;0;0;0;3;0;0;0;63483676.81;63395215.9;645783;98.167985;0.000957;0;0;0;0;0
38.376.805/0001-07;2026-01-01;1;2026-01-30;1;;;;;;;;;;;;;;;;13655112.63;13609637.51;87884;154.859104160029;0.00064;0.00064;0.008044;0.008044;0;0
38.456.508/0001-71;2026-01-01;1;2026-01-30;659;653;2;0;0;0;1;0;0;0;0;0;3;0;0;0;51084150.55;50702131.65;462706.9622;109.57719636;0.000349;0;-0.00423827;-0.01145543;0.00721716;0
38.456.598/0001-09;2026-01-01;1;2026-01-30;80;49;0;0;0;1;28;0;0;0;0;0;2;0;0;0;27119844.8;23180810.88;77495;299.12653565;0.000889;0;-0.0017746;-0.0017746;0;0
38.498.758/0001-74;2026-01-01;1;2026-01-30;10;1;0;0;0;0;0;0;0;0;0;0;3;6;0;0;231075882.29;217533334.82;2403057.6663;90.52355999;0.005642;0;-0.0015948;-0.0015948;0;0
38.658.984/0001-75;2026-01-01;1;2026-01-30;12261;12245;9;0;0;0;0;2;0;0;0;0;5;0;0;0;377706417.1;374665086.21;3924500;95.46823448;0.000105;0;0.00851098;0.00064986;0.00786112;0
39.317.176/0001-07;2026-01-01;1;2026-01-31;1;;;;;;;;;;;;;;;;126527138.62;88601078.17;40603.5461;2182.10197581733;9.12680767211932E-05;;0.000924;0.000924;;
39.332.032/0001-20;2026-01-01;1;2026-01-31;119;;;;;;;;;;;;;;;;148678242.24;148177316.61;133414;1110.65792652945;0.000706063737645924;;0.006723;0.004182;0.002541;
39.347.413/0001-82;2026-01-01;1;2026-01-30;235;221;13;;;;;;;;1;;;;;;145101171.33;143721908.37;1122000;128.094392486631;0.000607;0;0.006691;0.000497;0.006194;0
39.583.723/0001-04;2026-01-01;1;2026-01-30;102;100;2;0;0;0;0;0;0;0;0;0;0;0;0;0;123714582.8;123672678;39800.4630333;3107.31756805257;8.08E-05;0;0.004531;0.004531;0;0
39.583.723/0001-04;2026-02-01;1;2026-02-27;102;100;2;0;0;0;0;0;0;0;0;0;0;0;0;0;124517736.13;124474117.01;39800.4630333;3127.45399232807;8E-05;0;0.00648;0.00648;0;0
39.591.218/0001-01;2026-01-01;1;2026-01-30;127;;;;;;;;;;;;;;;;47552855.35;42536549.16;29735.2499;1430.50922208;0.000793;0;0.04522037;0.04522037;0;0
39.714.024/0001-48;2026-01-01;1;2026-01-31;527;;;;;;;;;;;;;;;;365174157.17;336740617.68;1164647;289.135349749752;0.00029;0;0.006896;0.006896;0;0
39.753.295/0001-02;2026-01-01;1;2026-01-30;19601;19528;55;0;0;0;10;3;0;0;0;0;3;0;0;2;403631522.23;396710585.75;39761584;9.97723294;0.000142;0;0.00205134;-0.00985748;0.01190882;0
39.863.059/0001-49;2026-01-01;1;2026-01-30;2046;;;;;;;;;;;;;;;;98143141.41;97225019.73;11009500;8.831011;0.000668;0;0.01138369;0.01138369;0;0
40.010.015/0001-55;2026-01-01;1;2026-01-30;1;0;0;0;0;0;1;0;0;0;0;0;0;0;0;0;28883465.55;28835227.8;20.9129;1378825.92840563;0.000627;0;-0.00195526;-0.00195526;0;0
40.011.225/0001-68;2026-01-01;1;2026-01-30;26652;26610;31;0;0;0;2;0;0;0;0;0;3;6;0;0;350616593.01;350341568.61;4020635;87.13588;0.000588;0;0;0;0;0
40.011.234/0001-59;2026-01-01;1;2026-01-30;2;0;0;0;0;0;0;0;0;0;0;0;2;0;0;0;178553210.38;48354656.82;438679;110.227881;0.003173;0;0.004618;-0.000412;0.00503;0
40.011.251/0001-96;2026-01-01;1;2026-01-30;4077;4060;5;1;0;0;0;0;0;0;0;0;7;4;0;0;86692605.44;86572256.21;958423;90.327816;0.001091;0;0;0;0;0
40.011.279/0001-23;2026-01-01;1;2026-01-30;22;6;0;0;0;0;0;0;0;0;0;0;0;16;0;0;24246019.84;24207886.45;22980;1053.432831;0.001417;0;0;0;0;0
40.011.324/0001-40;2026-01-01;1;2026-01-30;10335;10292;20;0;0;0;4;1;0;0;0;1;13;4;0;0;180953328.22;181472797.04;19741485;9.192459;0.00111;0;0;0;0;0
40.041.603/0001-56;2026-01-01;1;2026-01-31;1290;;;;;;;;;;;;;;;;39635375.85;39575075.09;3949999;10.0190088883567;0.00124273497619787;;0.002157;0.002157;;
40.041.711/0001-29;2026-01-01;1;2026-01-30;9307;;;;;;;;;;;;;;;;9162315.07;1295190.98;2529966;0.511940073502964;0.019302;0;0.33493;0.33493;0;0
40.041.723/0001-53;2026-01-01;1;2026-01-31;3038;;;;;;;;;;;;;;;;217468239.76;210104780.98;2000000;105.05239049;0.000713162257903418;;0.002749;-0.001055;0.003804;
40.054.838/0001-82;2026-01-01;1;2026-01-30;8;4;0;1;0;0;0;0;0;0;0;0;0;0;0;3;7779738.03;7675153.72;855000;8.976788;0.001993;0;0;0;0;0
40.054.913/0001-05;2026-01-01;1;2026-01-31;12;;;;;;;;;;;;;;;;10734208.73;10219033.87;417875.0146;24.4547616224002;0.0477573218964192;;-0.007389;-0.007389;;
40.063.899/0001-06;2026-01-01;1;2026-01-30;3;2;;1;;;;;;;;;;;;;102378563.09;101408077.95;70287.92540601;1442.752469421;0.00899905913264575;0;0.004917;0.004917;0;0
40.063.899/0001-06;2026-02-01;1;2026-02-27;3;2;;1;;;;;;;;;;;;;109544704.26;108486028.36;77667.08563135;1396.8082808583;0.00923322491515718;0;-0.031844;-0.031844;0;0
40.102.445/0001-05;2026-01-01;1;2026-01-30;101;99;0;0;0;0;1;0;0;0;0;0;0;1;0;0;73688194.3;73593293.39;66811;1101.514622;0.001122;0;0.000468;0.000363;0.000105;0
40.189.596/0001-34;2026-01-01;1;2026-01-30;11535;;;;;;;;;;;;;;;;232734279.46;231116685.67;2090621;110.549298830348;0.000485;0;0.006813;0.000298;0.006515;0
40.225.262/0001-79;2026-01-01;1;2026-01-31;15;;;;;;;;;;;;;;;;233930084.12;233856020.32;1814306;128.895577879365;6.3E-05;0;-0.000103;-0.000103;0;0
40.346.049/0001-15;2026-01-01;1;2026-01-31;1;;;;;;1;;;;;;;;;;509637563.71;409024302.37;3384680;120.845782280747;0.000502;0;0.001316;0.001316;0;0
40.346.049/0001-15;2026-02-01;1;2026-02-28;1;;;;;;1;;;;;;;;;;509470439.98;408996127.37;3384680;120.837458007847;0.000502;0;-6.9E-05;-6.9E-05;0;0
40.414.001/0001-05;2026-01-01;1;2026-01-30;1;;;;;;;;;;;;;;;;79678362.51;59428990.55;57500000;1.033548;0.000303;0;-0.00137781;-0.00137781;0;0
40.575.940/0001-23;2026-01-01;1;2025-12-31;2456;2442;8;0;0;0;2;1;0;0;0;0;3;0;0;0;250035707.48;160077846.5;11733220;13.64313006;0.000109;0;0.01371954;0.00561163;0.00810791;0
40.837.664/0001-24;2026-01-01;1;2026-01-30;1;0;0;0;0;0;0;0;0;0;0;0;0;1;0;0;23625787.24;23584882.13;874.7666083;26961.3424954963;0.00140776450850976;0;-0.000254;-0.000254;0;0
40.886.241/0001-02;2026-01-01;1;2026-01-30;165;162;1;0;0;0;1;0;0;0;0;0;0;1;0;0;441671386.73;441203809.79;3851187;114.563071;0.000466;0;0.013699;0.007502;0.006197;0
40.886.521/0001-02;2026-01-01;1;2026-01-31;1;;;;;;;;;;;;;;;;171215371.59;118885438.08;863800;137.630745635564;0.00109380603798167;;0.001506;0.001506;;
40.887.170/0001-54;2026-01-01;1;2026-01-31;52;;;;;;;;;;;;;;;;23210942.27;21868954.3;231547;94.4471502545919;0.00177713344071509;;-0.00166;-0.00166;;
40.944.707/0001-70;2026-01-01;1;2026-01-30;49;;;;;;;;;;;;;;;;49182257.07;49101893.79;54639.555781;898.651042969759;0.000492;0;-0.000744;-0.000744;0;0
40.944.736/0001-32;2026-01-01;1;2026-01-31;12;1;;;;;;;;;;;;11;;;25114423.5;9417001.4;2000;4708.5007;0.00562610938976817;0.000750149617690404;-0.002802;-0.002802;0;0
40.944.736/0001-32;2026-02-01;1;2026-02-28;12;1;;;;;;;;;;;;11;;;25103847.08;9383638.95;2000;4691.819475;0.00752814983359947;0.00100375558460718;-0.003543;-0.003543;0;0
41.076.380/0001-25;2026-01-01;1;2026-01-30;9776;9697;60;1;0;0;2;0;0;0;0;0;14;1;0;1;105157662.23;105010036.57;10909315;9.625722;0.000892;0;0;0;0;0
41.076.564/0001-95;2026-01-01;1;2026-01-30;220980;220692;217;0;0;0;17;3;0;0;0;0;31;18;0;2;3027585985.97;2951955702.71;35225947;83.800606;0.000862;0;0;0;0;0
41.076.710/0001-82;2026-01-01;1;2026-01-30;36122;36069;38;0;0;0;5;1;0;0;0;0;5;4;0;0;444873177.37;414645157.57;4200000;98.725038;0.000611;0;0;0;0;0
41.076.748/0001-55;2026-01-01;1;2026-01-30;456;419;6;0;0;0;1;0;0;0;0;0;6;23;0;1;478757014.19;206516850.86;1600000;129.073032;0.001001;0;0.017056;0.010583;0.006473;0
41.076.823/0001-88;2026-01-01;1;2026-01-30;20;11;4;0;0;0;0;0;0;0;0;0;5;0;0;0;180085346.85;88009270.91;1085780;81.056265;0.000364;0;0.007227;9.5E-05;0.007132;0
41.076.851/0001-03;2026-01-01;1;2026-01-30;1763;1748;5;0;0;0;1;0;0;0;0;0;6;3;0;0;139732510.87;139542476.28;14101455;9.895608;0.00087;0;0;0;0;0
41.080.968/0001-52;2026-01-01;1;2026-01-30;102;94;1;0;0;0;1;0;0;0;0;0;1;5;0;0;59366176.87;59260693.66;530497;111.707877;0.0013;0;0.022181;0.000802;0.021379;0
41.081.336/0001-03;2026-01-01;1;2026-01-31;1;;;;;;;;;;;;;;;;2121613124.2;2062481585.52;1873259.7153;1101.01208533687;3.37980859996018E-05;;-0.004129;-0.004129;;
41.081.356/0001-84;2026-01-01;1;2026-01-31;8088;;;;;;;;;;;;;;;;50256018.98;49511624.3;5845602;8.46989314359753;0.00125931194707341;;0.004843;-0.004559;0.009402;
41.081.374/0001-66;2026-01-01;1;2026-01-31;13304;;;;;;;;;;;;;;;;198060957.95;195880735.45;20543663;9.53484952756478;0.000792135477965911;;0.012759;0.003289;0.00947;
41.088.458/0001-21;2026-01-01;2;2026-01-30;117613;117305;236;0;0;0;9;4;4;0;0;1;22;31;0;1;1446703755.21;1441474913.74;146354302;9.849215;0.000709;0;0.044778;0.019611;0.025167;0
41.088.534/0001-07;2026-01-01;1;2026-01-30;128;125;0;0;0;0;1;0;0;0;0;0;0;2;0;0;624602.33;593569.83;145356;4.083559;0.033694;0;0;0;0;0
41.114.606/0001-35;2026-01-01;1;2026-01-30;17;8;8;;;;;;;;1;;;;;;306864310.31;293395124.38;2782286;105.451101856531;0.001069;0;0.00121;0.00121;0;0
41.199.975/0001-78;2026-01-01;1;2026-01-30;1;0;0;1;0;0;0;0;0;0;0;0;0;0;0;0;17143981.47;16827265.21;500000;33.65453;0.00079;0;0.035039;0.030526;0.004513;0
41.218.404/0001-33;2026-01-01;1;2026-01-31;78;;;;;;;;;;;;;;;;18598186.38;18538748.42;361140;51.3339658304259;0.00065880067646983;;-0.004227;-0.004227;;
41.219.028/0001-00;2026-01-01;2;2026-01-30;1;;;;;;;;;;;;;;;;46919417.59;46787592.97;86983.05;537.893221;0.001771;0;-0.0038095;-0.0038095;0;0
41.219.454/0001-35;2026-01-01;1;2026-01-30;1;;;;;;;;;;;;;1;;;403725994.32;403578032.78;13352073.9472728;30.2258686084069;0.0001;0;0;0;0;0
41.251.077/0001-11;2026-01-01;1;2026-01-30;7;;;;;;;;;;;;;;;;9552086.41;1078428.51;130500;8.26382;0.016466;0;-0.01155492;-0.01155492;0;0
41.251.337/0001-59;2026-01-01;1;2026-01-30;134;124;3;0;0;0;0;0;0;0;0;0;0;7;0;0;77457557.96;77296801.88;489036;158.059533204099;0.000163508964052886;1.8167892666247E-05;-0.001929;-0.001929;0;0
41.251.371/0001-23;2026-01-01;1;2026-01-30;121;115;0;0;1;0;0;0;0;0;0;0;2;3;0;0;79102105.61;78204391.65;763727.3048;102.398318298283;0.00018932721919588;2.12704167234578E-05;0.000406;0.000406;0;0
41.256.643/0001-88;2026-01-01;1;2026-01-30;15552;;;;;;;;;;;;;;;;311093689.19;306908909.19;30912378.9980901;9.92834971416992;0.000831;0;0.019405;0.00924;0.010165;0
41.269.052/0001-45;2026-01-01;1;2026-01-30;21269;;;;;;;;;;;;;;;;279005079.71;278476743.5;28426127;9.796507;0.000768;0;0.01567317;0.01567317;0;0
41.320.997/0001-44;2026-01-01;1;2026-01-30;2;0;0;0;0;0;0;0;0;0;0;0;2;0;0;0;114188166.36;15753448.57;300400;52.4415731358189;0.000993426292056635;0.000104705962803673;-0.020477;-0.04342;0.022943;0
41.325.993/0001-59;2026-01-01;1;2026-01-30;102;83;0;0;0;0;0;0;0;0;0;0;1;18;0;0;111988128.26;92070552.43;126319;728.873347873242;0.000152875263898316;1.69861042290262E-05;-0.0045;-0.101038;0.096538;0
41.394.946/0001-67;2026-01-01;1;2026-01-30;2;0;0;0;0;0;0;0;0;0;0;0;0;2;0;0;337027403.49;315031196.38;1031547;305.396842;0.000898;0;0;0;0;0
41.650.310/0001-39;2026-01-01;1;2026-01-30;1;;;;;;;;;;;;;1;;;158630360.04;158594606.92;68001187996.6684;0.00233223288581032;0.0001;0;0.00838;0.00838;0;0
41.650.319/0001-40;2026-01-01;1;2026-01-30;2;;;;;;;;;;;;2;;;;40434044.86;40404044.86;32083475;1.25934129205144;0.0004;0;0.39759;0.204734;0.192856;0
41.650.365/0001-49;2026-01-01;1;2026-01-30;2;0;2;0;0;0;0;0;0;0;0;0;0;0;0;0;43183693.57;43122727.34;36479601.8952885;1.18210520673389;0.000950774742903819;0;0.000747;0.000747;0;0
41.673.349/0001-71;2026-01-01;1;2026-01-30;1;0;0;0;0;0;0;0;0;0;0;0;0;1;0;0;118411570.65;102212205.22;777491.0739;131.464152645882;0.00011942526798758;1.38865999118691E-05;0.020075;0.020075;0;0
41.673.359/0001-07;2026-01-01;1;2026-01-30;1;0;1;0;0;0;0;0;0;0;0;0;0;0;0;0;162037652.77;162008933.89;132866.53385954;1219.33589432888;4.41564537722173E-05;4.41564537722173E-05;-0.000148;-0.000148;0;0
41.776.296/0001-14;2026-01-01;1;2026-01-30;1;;;;;;;;;;;;;1;;;68843742.98;68697357.62;112381.23519944;611.288508246814;0.001223;8.9E-05;-0.000369;-0.000369;0;0
41.776.296/0001-14;2026-02-01;1;2026-02-27;1;;;;;;;;;;;;;1;;;68842817.42;68672149.22;112381.23519944;611.064196777419;0.001427;0.000104;-0.000367;-0.000367;0;0
41.778.415/0001-78;2026-01-01;1;2026-01-30;10;3;0;0;0;0;0;0;0;0;0;0;2;5;0;0;112602831.83;112433590.76;709270.1755;158.52011638;0.000189;0;-0.02080894;-0.02080894;0;0
41.820.693/0001-46;2026-01-01;1;2026-01-30;125;123;0;0;0;1;0;0;0;0;0;0;0;1;0;0;155058756.53;154726149.62;127184.6508407;1216.54734747667;0.00126;0;-0.000525;-0.000525;0;0
41.833.763/0001-09;2026-01-01;1;2026-01-31;2;1;0;0;0;0;1;0;0;0;0;0;0;0;0;0;1540604363.36;861827871.76;5414750;159.16300323376;8.4E-05;0;0.428354;0.428354;0;0
41.833.876/0001-04;2026-01-01;1;2026-01-31;1;;;;;;;;;;;;;;;;61314730.47;61092726.95;93852.58672045;650.943453822655;0.000337759681555678;;-0.01848;-0.01848;;
41.969.521/0001-39;2026-01-01;1;2026-01-30;1;;;;;;;;;;;;;1;;;63754206.95;62820432.38;51228.92725143;1226.26874600905;0.0002;0;0.0121;0.0063;0.0058;0
41.969.521/0001-39;2026-02-01;1;2026-02-28;1;;;;;;;;;;;;;1;;;63867437.41;62968509.69;51228.92725143;1229.15924787869;0.0002;0;0.0121;0.0063;0.0058;0
41.969.537/0001-41;2026-01-01;1;2026-01-30;1;0;0;0;0;0;0;0;0;1;0;0;0;0;0;0;40099155.91;38625997.93;28609190.7969727;1.35012549652705;0.019646;0;-0.002792;-0.002792;0;
41.978.140/0001-16;2026-01-01;1;2026-01-31;2;;;;;;;;;;;;;;;;142796673.3;85697921.57;957266;89.5236241232844;0.00022248205849924;;-7.8E-05;-0.011124;0.011046;
41.978.154/0001-30;2026-01-01;1;2026-01-31;108;;;;;;;;;;;;;;;;57632260.42;49787790.64;390500;127.497543252241;0.00119429922950283;;0.002566;0.002566;;
41.978.168/0001-53;2026-01-01;1;2026-01-31;3;1;0;0;0;0;2;0;0;0;0;0;0;0;0;0;356318209.03;355579970.04;2639597.63;134.709914116721;0.000116;0;0.217539;0.217539;0;0
42.066.916/0001-94;2026-01-01;2;2026-01-30;5446;;;;;;;;;;;;;;;;181327773.33;181146099.51;2057726;88.0321770294004;0.0005781;8.26E-05;0.022367;0.01373;0.008637;0
42.085.661/0001-07;2026-01-01;1;2026-01-30;24632;;;;;;;;;;;;;;;;738889855.88;731999476.13;77523290;9.44231696216711;0.000665;0;0.028675;0.020033;0.008642;0
42.273.236/0001-41;2026-01-01;1;2026-01-31;14;;;;;;;;;;;;;;;;24988058.09;22652096.86;244278.58662097;92.7305875367114;0.000978697916445339;;-0.001027;-0.001027;;
42.273.290/0001-97;2026-01-01;1;2026-01-31;108;;;;;;;;;;;;;;;;320426929.45;198796007.84;141279;1407.11647052994;0.000125394771609615;;0.127215;0.028648;0.098567;
42.273.325/0001-98;2026-01-01;1;2026-01-31;6912;;;;;;;;;;;;;;;;193412105.03;190279304.85;2222736;85.605895099553;0.0014013928115315;;0.017482;0.00411;0.013372;
42.408.956/0001-77;2026-01-01;1;2026-01-31;1;;;;;;;;;;;;;;;;85529580.54;85375033.63;3137115.8352;27.2144983210533;0.000634224757493662;;0.001929;0.001929;;
42.432.327/0001-82;2026-01-01;1;2026-01-31;7938;;;;;;;;;;;;;;;;57667178.74;45116014.44;4612227;9.78182870010518;0.00126681890475962;;0.010319;0.002123;0.008196;
42.463.823/0001-01;2026-01-01;1;2026-01-30;1695;;;;;;;;;;;;;;;;209348127.77;202574721.95;179999.99997977;1125.41512207093;5.9E-05;5.9E-05;-0.00072;-0.00072;0;0
42.502.802/0001-40;2026-01-01;1;2026-01-30;16208;;;;;;;;;;;;;;;;369947479.84;341571113.81;36000000;9.48808649472222;0.000935;5.6E-05;0.01064;0.00219;0.00845;0
42.502.842/0001-91;2026-01-01;1;2026-01-30;4459;;;;;;;;;;;;;;;;352645741.38;348988500.73;3471728;100.522996251434;0.000885;0;1.2892;0.3905;0.8987;0
42.516.999/0001-76;2026-01-01;1;2026-01-30;2;1;0;0;0;0;0;0;0;0;0;0;0;1;0;0;17986793.17;17884724.55;17446955.6695726;1.02509141931225;0.004996;0;-0.001468;-0.001468;0;
42.517.145/0001-04;2026-01-01;1;2026-01-30;1;0;0;0;0;0;0;0;0;0;0;0;0;1;0;0;18097425.71;17864786.62;21652.19935549;825.079537034205;0.000896;0;-0.001245;-0.001245;0;
42.537.492/0001-07;2026-01-01;1;2026-01-30;1;0;0;1;0;0;0;0;0;0;0;0;0;0;0;0;81410010.94;81320145.75;654126;124.318779;0.000479;0;0;0;0;0
42.537.540/0001-59;2026-01-01;1;2026-01-30;1;0;0;0;0;0;0;0;0;0;0;0;0;1;0;0;143311844.11;139037801.41;777282;178.876909;0.000118;0;0;0;0;0
42.537.601/0001-88;2026-01-01;1;2026-01-30;159;;;;;;;;;;;;;;;;99878200.94;99678779.09;663375;150.26007777;0.001766;0;0.00395277;0.00395277;0;0
42.592.868/0001-78;2026-01-01;1;2026-01-30;1;;;;;;;;;;;;;1;;;7732396.3;7674174.25;111750000;0.0686727002237136;0.0036004082133006;0;-0.004829;-0.004829;0;0
42.592.916/0001-28;2026-01-01;1;2026-01-30;1;0;1;0;0;0;0;0;0;0;0;0;0;0;0;0;96954675.52;29212286.64;31937107.53;0.91468166;0.000721;0;0.00536192;0.00536192;0;0
42.628.319/0001-06;2026-01-01;1;2026-01-30;1;;;;;;;;;;;;1;;;;1927967102.06;1923016995.31;1315551958.03;1.46175678092537;2.47766973023134E-05;1.54188444887977E-06;0.430249;0.430249;0;0
42.737.059/0001-07;2026-01-01;1;2026-01-30;594;;;;;;;;;;;;;;;;58703079.46;58044496.51;579911;100.092077077345;0.000539;5.6E-05;0.011411;0.011411;0;0
42.737.077/0001-99;2026-01-01;1;2026-01-30;1891;;;;;;;;;;;;;;;;96681203.41;95713383.25;978968;97.769675055773;0.0008;0.0001;1.7594;0.8823;0.8771;0
42.754.342/0001-47;2026-01-01;1;2026-01-30;60087;;;;;;;;;;;;;;;;2391169264.81;1987081877.35;19663235;101.055694922529;0.000919;5.6E-05;0.015175;0.005228;0.009947;0
42.754.362/0001-18;2026-01-01;1;2026-01-30;49101;;;;;;;;;;;;;;;;2209762543.69;2178960704.85;21484730;101.41904063258;0.001207;5.7E-05;0.013691;0.000862;0.012829;0
42.869.853/0001-04;2026-01-01;1;2026-01-30;137;125;3;0;0;0;9;0;0;0;0;0;0;0;0;0;59424815.56;59141811.43;468241.8656;126.30611607;0.000254;0;-0.00102318;-0.1387221;0.13769892;0
42.869.869/0001-17;2026-01-01;1;2026-01-31;2;1;0;0;0;0;1;0;0;0;0;0;0;0;0;0;179372299.62;120718783.4;1094688.61;110.276824201176;0.000238;0;-0.000888;-0.000888;0;0
42.869.879/0001-52;2026-01-01;1;2026-01-31;49;;;;;;;;;;;;;;;;138562937.47;136395965.38;1244955.4397;109.558913540606;0.000809673583029557;;-0.000404;-0.000404;;
42.869.892/0001-01;2026-01-01;1;2026-01-31;111;;;;;;;;;;;;;;;;107147352.14;106291014.29;110439;962.440933818669;0.00166896676247721;;-0.00182;-0.002144;0.000324;
42.888.583/0001-89;2026-01-01;1;2026-01-30;35307;;;;;;;;;;;;;;;;360398411.09;354929241.49;37536140;9.455667;0.000777;0;0.01482539;0.00315545;0.01166994;0
42.922.127/0001-08;2026-01-01;2;2026-01-30;767;;;;;;;;;;;;;;;;46906081.76;46766495.73;5003220;9.347279;0.001231;0;-0.00116999;-0.00116999;0;0
42.923.317/0001-40;2026-01-01;1;2026-01-30;5;1;0;0;1;0;3;0;0;0;0;0;0;0;0;0;12933729.22;12633767.39;12084.0322;1045.49269494;0.001307;0;-0.00094763;-0.00094763;0;0
43.008.233/0001-43;2026-01-01;1;2026-01-30;19252;19252;0;0;0;0;0;0;0;0;0;0;0;0;0;0;1013101358.04;1006484258.86;98041159;10.265936;0.001;0;0;0;0;0
43.008.884/0001-33;2026-01-01;2;2026-01-30;1;0;0;0;0;0;0;0;0;0;0;0;1;0;0;0;182717644.48;182656738.42;1557530;117.273336;0.000171;0;-0.018405;-0.022893;0.004488;0
43.009.610/0001-69;2026-01-01;2;2026-01-30;1;0;0;0;0;0;0;0;0;0;0;0;1;0;0;0;559232211.3;386005732.25;4034495;95.676344;0.000259;0;0.015301;0.011643;0.003658;0
43.010.485/0001-07;2026-01-01;1;2026-01-30;660;641;13;0;0;0;3;0;1;0;0;0;1;1;0;0;359842131.51;359218008.35;2829142;126.970653;0.000334;0;0.00203;-0.001741;0.003771;0
43.010.543/0001-00;2026-01-01;1;2026-01-30;20060;20005;29;0;0;0;4;0;0;0;0;1;7;14;0;0;192717324.09;192157833.33;20189040;9.517928;0.000655;0;0;0;0;0
43.010.601/0001-98;2026-01-01;1;2026-01-30;109;96;2;0;0;0;0;0;0;0;0;0;2;9;0;0;331080043.67;184038701.78;1241847;148.197565;0.000563;0;0;0;0;0
43.010.844/0001-26;2026-01-01;1;2026-01-30;9305;9270;17;0;0;0;3;1;0;0;0;1;3;10;0;0;724526399.53;719675901.53;67797053;10.61515;0.00102;0;0.02401;0.014082;0.009928;0
43.011.068/0001-89;2026-01-01;2;2026-01-30;131;126;2;0;0;0;3;0;0;0;0;0;0;0;0;0;396212004.91;303632574.93;305829;992.818127;0.000777;0;-0.000442;-0.000229;-0.000213;0
43.101.312/0001-02;2026-01-01;1;2026-01-30;2;0;0;0;0;0;0;0;0;0;0;0;0;2;0;0;395228432.92;391613167.75;31432981.0866883;12.4586709313373;0.000566053157184728;0;-0.000225;-0.000225;0;0
43.164.799/0001-64;2026-01-01;1;2026-01-31;1;;;;;;;;;;;;;;;;26590350.88;26542733.8;42494086.2364356;0.624621827430696;0;;0.02288;0.02288;;
43.564.551/0001-90;2026-01-01;1;2026-01-30;1;0;0;0;0;0;1;0;0;0;0;0;0;0;0;0;37196251.7;37146347.97;212884;174.49102784;0.000486;0;-0.0005048;-0.01110045;0.01059565;0
43.565.147/0001-31;2026-01-01;1;2026-01-30;4;;;;;;;;;;;;;4;;;201593378.54;199975182.96;177328.89938148;1127.70779978622;7.5E-05;0;-0.000789;-0.000789;0;0
43.617.647/0001-70;2026-01-01;1;2026-01-30;1;;1;;;;;;;;;;;;;;1083551687.12;1080267748.88;10041000;107.585673626133;5E-05;0;0.000814;0.000814;0;0
43.617.702/0001-21;2026-01-01;1;2026-01-31;4;;;;;;;;;;;;;;;;29297044.02;26821280.52;259570.1442;103.329605192707;0.00143958823931647;;0.002124;0.002124;;
43.619.174/0001-40;2026-01-01;1;2026-01-30;1;;;;;;;;;;;;;1;;;12027171.47;12005994.34;19285.22772804;622.548746082149;0.0009;0;-0.0022;-0.0022;0;0
43.619.174/0001-40;2026-02-01;1;2026-02-28;1;;;;;;;;;;;;;1;;;12010142.94;11988965.81;19285.22772804;621.665762990628;0.0009;0;-0.0022;-0.0022;0;0
43.619.218/0001-31;2026-01-01;1;2026-01-31;3;1;0;0;0;0;2;0;0;0;0;0;0;0;0;0;526730945.91;503391223.32;3557364.2534;141.506797578819;0.000128;0;0.341203;0.341203;0;0
43.671.250/0001-66;2026-01-01;1;2026-01-30;3;;;;;;;;;;;;;3;;;119704181.78;119646327.09;60234;1986.35865275426;5E-05;0;-0.001438;-0.001438;0;0
43.671.358/0001-59;2026-01-01;1;2026-01-30;1;;;;1;;;;;;;;;;;;43320818.24;43080818.24;41122.02277202;1047.63373336082;0.000279;0;-0.000284;-0.000284;0;0
43.740.825/0001-55;2026-01-01;1;2026-01-30;1;;;;;;;;;;;;1;;;;136057477.62;122283244.69;42318.89734416;2889.56594722984;0.0001;0;-0.000253;-0.000253;0;0
43.741.150/0001-69;2026-01-01;1;2026-01-30;120;;;;;;;;;;;;;;;;158006550.89;155046292.89;91400.00621264;1696.34882222314;0.001271;0;-0.001195;-0.017414;0.016219;0
43.741.171/0001-84;2026-01-01;2;2026-01-30;68281;68202;79;0;0;0;0;0;0;0;0;0;0;0;0;0;937478149.36;907974148.5;110660136;8.20506987719589;9.79116642768602E-05;1.08791974048147E-05;0.010639;-0.001539;0.012178;0
43.741.195/0001-33;2026-01-01;1;2026-01-30;23677;;;;;;;;;;;;;;;;932430611.49;931633433.61;9329342;99.8605725473458;0.00083;0;0.002922;0.002922;0;0
43.790.197/0001-12;2026-01-01;1;2026-01-30;3;;;;;;;;;;;;;3;;;58868166.19;58837715.78;52800;1114.35067765152;8.5E-05;0;0.00033;0.00033;0;0
43.862.625/0001-75;2026-01-01;1;2026-01-31;570;;;;;;;;;;;;;;;;24387707.88;18266156.08;347200;52.6098965437788;0.003073;0;0.003113;0.003113;0;0.036003
43.867.361/0001-42;2026-01-01;1;2026-01-30;1;;;;;;;;;;;;1;;;;414895786.63;226976352.9;87050000;2.60742507639288;0.000148656983729339;1.30633432166669E-05;0.177798;0.177798;0;0
43.867.799/0001-20;2026-01-01;1;2026-01-30;1;;;;;;;;;;;;1;;;;945885898.99;525211701.99;200000000;2.62605850995;6.42438465711155E-05;5.6454758886093E-06;0.299653;0.299653;0;0
43.951.744/0001-02;2026-01-01;1;2026-01-30;1;;;;;;;;;;;;;1;;;2060696048.73;389689661.34;409985000;0.950497362927912;7.09029844543219E-05;0;0.169103;0.169103;0;0
43.951.785/0001-90;2026-01-01;1;2026-01-30;1;;;;;;;;;;;;1;;;;661580265.39;392297698.77;125650000;3.1221464287306;8.60102419815171E-05;7.55821410448393E-06;0.346251;0.346251;0;0
43.951.817/0001-58;2026-01-01;1;2026-01-30;1;;;;;;;;;;;;;1;;;2248871446.3;733491130.62;483450000;1.51720163537077;3.76693852816529E-05;0;0.264764;0.264764;0;0
43.951.851/0001-22;2026-01-01;1;2026-01-30;1;;;;;;;;;;;;;1;;;409337556.14;66351647.52;275413540.461884;0.240916432099615;0.000462689038591637;0;-0.816993;-0.816993;0;0
43.951.875/0001-81;2026-01-01;1;2026-01-30;84;80;;;;;;;;;;;;4;;;43140537.81;33595344.06;38137;880.912081705431;0;0;0;0;0;0
43.951.941/0001-13;2026-01-01;1;2026-01-30;1;;;;;;;;;;;;1;;;;1048523717.72;584664663.07;213780000;2.73488943338947;5.77110643609399E-05;5.07140278400065E-06;0.17732;0.17732;0;0
43.951.970/0001-85;2026-01-01;1;2026-01-30;1;;;;;;;;;;;;;1;;;665353284.84;383791018.66;181600000;2.11338666662996;7.19927217069077E-05;0;0.038762;0.038762;0;0
43.985.938/0001-10;2026-01-01;1;2026-01-31;1173;;;;;;;;;;;;;;;;151834192.25;149644175.35;15970289;9.3701607622755;0.000831428752298577;;0.027748;0.015823;0.011925;
44.002.561/0001-03;2026-01-01;1;2026-01-30;1;0;0;0;0;0;1;0;0;0;0;0;0;0;0;0;858714650.92;793567179.58;670644;1183.29125375;7.1E-05;0;0.00348809;0.00348809;0;0
44.107.380/0001-33;2026-01-01;1;2026-01-31;40;37;0;0;0;0;0;0;0;0;0;0;1;2;0;0;60140809.14;59960698.33;596131.8;100.582955530975;0.000309;0;0.001852;0.001852;0;0
44.302.072/0001-69;2026-01-01;1;2026-01-30;1;0;0;0;0;0;1;0;0;0;0;0;0;0;0;0;8637797.79;8611023.93;225791.3716;38.13708145;0.001825;0;-0.00246004;-0.00246004;0;0
44.395.062/0001-15;2026-01-01;1;2026-01-31;1;;;;;;;;;;;;;;;;159821926.77;153488398.98;229341101.915148;0.669258138633989;0;;0.006142;0.006142;;
44.428.541/0001-90;2026-01-01;1;2026-01-31;1;;;;;;;;;;;;;;;;224600210.01;71321330.42;106318393.756974;0.670827764601378;0;;-0.00088;-0.00088;;
44.514.162/0001-13;2026-01-01;1;2026-01-30;108;;;;;;;;;;;;;;;;217046216.62;75330409.11;840000;89.6790584642857;0.001283;2.6E-05;-0.041888;-0.041888;0;0
44.527.494/0001-32;2026-01-01;1;2026-01-30;1973;;;;;;;;;;;;;;;;81389719.04;80485317.22;8828286;9.11675462485017;0.000852;3.7E-05;0.010357;0.00048;0.009877;0
44.584.965/0001-44;2026-01-01;1;2026-01-30;2;;;;;;;;;;;;;2;;;8919170.04;7750219.28;6510537.54823588;1.19041157854931;0;0;-0.006379;-0.006379;0;0
44.584.965/0001-44;2026-02-01;1;2026-02-27;2;;;;;;;;;;;;;2;;;8920791.41;7700860.57;6510537.54823588;1.18283022145946;0;0;-0.006369;-0.006369;0;0
44.585.121/0001-18;2026-01-01;1;2026-01-30;2;;;;;;;;;;;;;2;;;12368399.46;9866114.22;20804.71837734;474.224838858955;0;0;-0.000549;-0.000549;0;0
44.585.121/0001-18;2026-02-01;1;2026-02-27;2;;;;;;;;;;;;;2;;;12368226.44;9959971.64;21035.25026119;473.489571853401;0.000513444233060085;0;-0.00155;-0.00155;0;0
44.625.562/0001-04;2026-01-01;1;2026-01-30;32839;;;;;;;;;;;;;;;;1615132484.4;1335805614.6;143087151;9.33560844048114;0.000183;0;0.01256;0.003819;0.008741;0
44.625.612/0001-45;2026-01-01;1;2026-01-30;4224;4205;6;0;0;0;3;3;0;0;0;1;2;3;0;1;434334973.37;433434266.99;3927060;110.371185;0.000848;0;0;0;0;0
44.625.657/0001-10;2026-01-01;1;2026-01-30;2162;;;;;;;;;;;;;;;;336496264.12;311173479.99;29112120.9160988;10.6887945707152;0.000183;0;0.010896;-0.000753;0.011649;0
44.669.639/0001-30;2026-01-01;1;2026-01-31;2;0;0;0;0;0;0;0;0;0;0;0;2;0;0;0;21871450.24;21758932.01;197516.1;110.162827283447;0.000201;0;0.05054;0.05054;0;0
44.669.674/0001-59;2026-01-01;1;2026-01-30;1;0;0;0;0;0;1;0;0;0;0;0;0;0;0;0;653817562.88;639875329.69;254858.3521;2510.70967207;0.00013;0;0.01222353;0.01222353;0;0
44.674.528/0001-11;2026-01-01;1;2026-01-30;5286;5279;7;0;0;0;0;0;0;0;0;0;0;0;0;0;161196178.97;159780518.57;167926832;0.95148891;0.000151;0;0.00584111;-0.00181713;0.00765824;0
44.680.435/0001-08;2026-01-01;1;2026-01-30;460;448;12;;;;;;;;;;;;;;68234172.86;67728867.42;422986;160.120825322824;0.0002;0;0.008498;0.005682;0.002816;0
44.680.449/0001-13;2026-01-01;1;2026-01-30;6;3;;;;;;;;;;;;3;;;5159820.13;5138643.65;7223.8057699;711.348534786413;0.0032;0;0.000705;0.000705;0;0
44.683.052/0001-85;2026-01-01;1;2026-01-30;1;0;0;0;0;0;0;0;0;0;0;0;0;1;0;0;6378034.88;6347352.62;11828.55240388;536.612799544088;0.0024706;0;-0.00524;-0.00524;0;0
44.683.052/0001-85;2026-02-01;1;2026-02-27;1;0;0;0;0;0;0;0;0;0;0;0;0;1;0;0;6378339.43;6347255.41;11885.45134676;534.035706749183;0.0024706;0;-0.004803;-0.004803;0;0
44.705.818/0001-85;2026-01-01;1;2026-01-30;1;;;;;;;;;;;;;1;;;29475546.48;25873556.34;187.58324438;137931.063222183;0.009;0.00048;-0.026728;-0.026728;0;0
44.728.323/0001-71;2026-01-01;1;2026-01-30;0;0;0;0;0;0;0;0;0;0;0;0;0;0;0;0;0;0;0;0;0;0;0;0;0;0
44.728.452/0001-60;2026-01-01;1;2026-01-30;1;;;;;;;;;;;;;1;;;10035648.29;3715398.83;10059.7380866;369.333555010649;0.0001;0;0;0;0;0
44.728.520/0001-90;2026-01-01;1;2026-01-30;2;;;;;;;;;;;;;2;;;91645487.93;76619194.28;61704.34332958;1241.71476666976;0.000144;0;-0.013465;-0.013465;0;0
45.063.985/0001-32;2026-01-01;1;2026-01-30;1;0;0;;;;;;;;;;1;;;;811740342.44;405217967.87;674.9769;600343.46045;8.6E-05;0;-0.03201924;-0.03201924;0;0
45.105.676/0001-88;2026-01-01;1;2026-01-30;1;;;;;;;;;;;;;1;;;133171917.82;56588511.21;38975000;1.4519181837075;0.000488264480001329;0;0.003644;0.003644;0;0
45.105.714/0001-00;2026-01-01;1;2026-01-30;1;;;;;;;;;;;;;1;;;945143163.77;366975382.77;409890000;0.895302112200834;7.52915898375588E-05;0;0.027633;0.027633;0;0
45.106.274/0001-06;2026-01-01;1;2026-01-30;1;;;;;;;;;;;;;1;;;1321823463.47;195716386.39;291030000;0.672495572243411;0.000141174484720671;0;0.127445;0.127445;0;0
45.106.312/0001-12;2026-01-01;1;2026-01-30;1;;;;;;;;;;;;;1;;;480995546.64;197206585.43;165120000;1.19432282842781;0.00014010769437417;0;0.064373;0.064373;0;0
45.106.376/0001-13;2026-01-01;1;2026-01-30;1;;;;;;;;;;;;;1;;;55945074.2;22298425.37;25950000;0.859284214643545;0.0012391081227275;0;0.143915;0.143915;0;0
45.120.786/0001-19;2026-01-01;1;2026-01-30;11;;;;;;;;;;;;;;;;99124517.74;96735850.06;82890.04;1167.038284;0.000111;0;-0.0017539;-0.0017539;0;0
45.123.401/0001-77;2026-01-01;1;2026-01-30;1;;;;;;;;;;;;;1;;;119112684.7;43448388.59;41700000;1.04192778393285;0.000635930604026113;0;0.055252;0.055252;0;0
45.123.465/0001-78;2026-01-01;1;2026-01-30;1;;;;;;;;;;;;;1;;;179682370;179614798.43;1053900;170.428691934719;0.000165752322527048;0;0.096723;0.096723;0;0
45.188.033/0001-45;2026-01-01;1;2026-01-30;94;82;2;1;0;0;0;0;0;0;0;0;2;7;0;0;44679028.58;42625448.46;4000;10656.362115;0.001824;0;-0.009326;-0.004471;-0.004855;0
45.188.066/0001-95;2026-01-01;2;2026-01-30;477;456;4;0;0;0;0;0;0;0;0;0;9;0;0;0;102201830.91;80569198.99;8891661.96643939;9.06120805020475;6.38315890497846E-05;7.09241257407715E-06;-0.006219;-0.012698;0.006479;0
45.188.099/0001-35;2026-01-01;1;2026-01-30;256;248;2;0;0;0;1;0;0;0;0;0;4;1;0;0;43341009.64;30726451.92;3100500;9.91016;0.001429;0;-0.01482;-0.021971;0.007151;0
45.188.124/0001-80;2026-01-01;1;2026-01-30;1;0;0;0;0;0;0;0;0;0;0;0;0;1;0;0;8394291.33;8319700.6;178925;46.498257;0.003503;0;0;0;0;0
45.188.176/0001-57;2026-01-01;1;2026-01-30;315691;315339;297;0;0;0;18;1;3;0;0;1;16;16;0;0;2109055956.02;2081014595.39;205846940;10.109524;0.00079;0;-0.004185;-0.013336;0.009151;0
45.188.199/0001-61;2026-01-01;1;2026-01-30;1;0;0;0;0;0;0;0;0;0;0;0;0;1;0;0;14233385.34;14133244.06;14965;944.419917;0.000387;0;-0.00743;-0.003834;-0.003596;0
45.254.732/0001-46;2026-01-01;1;2026-01-30;115;115;;;;;;;;;;;;;;;59326042.02;58983964.36;510282.00000169;115.590917100358;0.0003;0;0.028;0.028;0;0
45.254.732/0001-46;2026-02-01;1;2026-06-28;115;115;;;;;;;;;;;;;;;66392963.25;66037574.65;556944.00000169;118.571300974244;0.0003;0;0.028;0.028;0;0
45.338.646/0001-11;2026-01-01;1;2026-01-31;1848;;;;;;;;;;;;;;;;292981873.74;288297464.89;30213893;9.54188408921684;0.00092106852240729;;0.012304;4.2E-05;0.012262;
45.727.531/0001-19;2026-01-01;1;2026-01-30;1;;;;;;;;;;;;;1;;;331592660.45;134161675.9;95320000;1.40748715799413;0.000212263597700034;0;0.010158;0.010158;0;0
45.742.299/0001-98;2026-01-01;1;2026-01-30;1;;;;;;;;;;;;;1;;;32298486.85;11501708.06;26600000;0.432395039849624;0.00247594877660284;0;0.142864;0.142864;0;0
45.777.119/0001-03;2026-01-01;1;2026-01-30;2;0;0;0;0;0;0;0;0;0;0;0;0;2;0;0;45670556.45;44578221.91;26887.1280209;1657.97633259113;0.000512328783646064;5.69253371813061E-05;0.000651;0.000651;0;0
46.027.189/0001-07;2026-01-01;1;2026-01-31;1;;;;;;;;;;;;;;;;23613724.38;23443613.23;204897;114.416576279789;8.1E-05;0;0.006682;3.9E-05;0.006643;0
46.078.492/0001-39;2026-01-01;1;2026-01-30;1;0;0;0;0;0;0;0;0;0;0;0;0;1;0;0;5806120;5781120;8466.6780161;682.808533524811;0.00345953725229713;0.000172976862614857;-0.004289;-0.004289;0;0
46.079.965/0001-12;2026-01-01;1;2026-01-31;1;0;0;0;0;0;0;0;0;0;0;0;0;0;0;0;5422255.27;5391255.27;62000;86.9557301612903;0.005728;2.2E-05;-0.007196;-0.007196;0;0
46.157.247/0001-17;2026-01-01;1;2026-01-31;214;0;0;0;0;0;0;0;0;0;0;0;0;0;0;0;116949543.54;115161716.9;3315091;34.7386291658359;0.001106;4E-06;0.01266;-0.006501;0.019161;0
46.157.348/0001-98;2026-01-01;2;2026-01-31;103;;;;;;;;;;;;;;;;4470063.5;4196318.25;410100;10.2324268471105;0.00327817128741368;;-0.749114;-0.755331;0.006217;
46.285.299/0001-79;2026-01-01;1;2026-01-30;384;374;10;0;0;0;0;0;0;0;0;0;0;0;0;0;8384397.22;8348979.92;113000;73.8847780530973;0.00309064343755183;0;-0.03548;-0.03548;0;0
46.322.850/0001-07;2026-01-01;1;2026-01-30;7;;;;;;;;;;;;;;;;97646068.9;96728445.44;1252026;77.257537;0.000775;0;0.01010255;0.00218959;0.00791296;0
46.334.715/0001-81;2026-01-01;1;2026-01-30;1;0;1;;;;;;;;;;;;;;112115332.5;111992758.42;10728379;10.43892637;0.000893;0;0.01337677;0.01337677;0;0
46.437.903/0001-35;2026-01-01;1;2026-01-30;13027;0;0;;;;;;;;;;;;13026;1;542058789.8;504121023.09;53092572;9.495133;0.000733;0;0.01943741;-0.00535759;0.024795;0
46.449.786/0001-20;2026-01-01;1;2026-01-30;224;;;;;;;;;;;;;;;;14776327.81;14638146.65;156501;93.53388573;0.009355;0;0.00030942;0.00030942;0;0
46.716.709/0001-99;2026-01-01;1;2026-01-31;3;;;;;;;;;;;;;;;;18938710.37;18911454.69;31150;607.109299839486;0.000902330374882441;;-0.000966;-0.000966;;
46.879.122/0001-09;2026-01-01;1;2026-01-30;1;;;;;;;;;;;;;1;;;2416221.5;2344323.36;12731.48;184.135965339458;0.010237;0.00128;-0.008945;-0.008945;0;0
46.965.606/0001-62;2026-01-01;1;2026-01-30;1;0;0;0;0;0;0;0;0;0;0;0;1;0;0;0;87085877.74;14115297.85;23966.29716816;588.964484207124;0.0186889432163134;0;-0.03565;-0.03565;0;0
46.965.606/0001-62;2026-02-01;1;2026-02-27;1;0;0;0;0;0;0;0;0;0;0;0;1;0;0;0;87086148.55;10765147.67;23966.2971684;449.17859418826;0.0263215655452314;2.06425408003716E-05;-0.237341;-0.237341;0;0
47.085.640/0001-05;2026-01-01;1;2026-01-31;3;;;;;;;;;;;;;;;;4387758.04;4266189.21;72488.74678007;58.8531240986076;0.00576888149787431;;0.004326;0.004326;;
47.102.860/0001-08;2026-01-01;1;2026-01-30;2;0;0;0;0;0;0;0;0;0;0;0;0;0;2;0;120104434.53;118709872.8;1050000;113.057021714286;0.003945;0;-0.000562;-0.000562;0;
47.136.369/0001-90;2026-01-01;1;2026-01-30;1;;;;;;;;;;;;;;;;29069367.66;29036814.29;366011;79.3331738390376;0.001121;0;0.00092;0.00092;0;0.035404
47.142.218/0001-44;2026-01-01;1;2026-01-30;1;0;0;0;0;0;0;0;0;0;0;0;0;1;0;0;14260590.78;14149880.63;1882881.22421921;7.5150149929758;0.00692585347979716;0;-0.032051;-0.032051;0;0
47.154.849/0001-83;2026-01-01;1;2026-01-30;1;;;;;;;;;;;;;;;;215386138.17;206388903.13;210087;982.397307448819;0.000114;0.00018;0.003525;0.003525;0;0
47.669.336/0001-05;2026-01-01;1;2026-01-30;1;;;;;;;;;;;;;1;;;32105249.14;18568011.35;28290.32767848;656.337797180214;0;0;0.1565;0.1565;0;0
47.669.336/0001-05;2026-02-01;1;2025-02-27;1;;;;;;;;;;;;;1;;;32102132.29;18564394.65;28328.43209338;655.327290575261;0;0;-0.00154;-0.00154;0;0
47.669.545/0001-59;2026-01-01;1;2026-01-30;1;0;0;0;0;0;0;0;0;0;0;0;1;0;0;0;1382.47;-14120.56;230.42514;-61.2804661852435;-0.28327488428221;0;0.00033;0.00033;0;0
47.896.665/0001-99;2026-01-01;2;2026-01-30;31442;31325;60;0;0;0;3;4;4;0;0;0;18;26;0;2;1106604575.89;905332840.76;79699818;11.359284;0.000766;0;-0.009993;-0.021401;0.011408;0
48.373.413/0001-48;2026-01-01;1;2026-01-30;2;;;;;;;;;;;;2;;;;277621257.54;277607643.93;746852;371.703689526171;0.0004;0;0.005022;0.004298;0.000724;0
48.373.428/0001-06;2026-01-01;1;2026-01-30;1;;1;;;;;;;;;;;;;;55258020.11;55167378.75;134733.9998;409.454026688815;0.0001;0;0.00401;0.00401;0;0
48.389.780/0001-30;2026-01-01;1;2026-01-30;108;107;1;;;;;;;;;;;;;;236828365.84;236326646.1;6127180;38.5702143726804;0.0001;0;0.008976;0.004567;0.004409;0
48.904.259/0001-93;2026-01-01;1;2026-01-30;3;;;;;;;;;;;;;3;;;17310337.9;17297146.47;15592;1109.36034312468;0.000289;0;-0.000888;-0.000888;0;0
48.916.699/0001-60;2026-01-01;1;2026-01-30;119;101;3;0;0;0;1;1;0;0;0;0;4;9;0;0;676487566.34;509497571.74;4772405;106.759081;0.000808;0;0.001558;-1.1E-05;0.001569;0
48.961.539/0001-33;2026-01-01;1;2026-01-30;1;0;0;0;0;0;0;0;0;0;0;0;0;1;0;0;24871127.08;24607035.13;236898;103.871857;0.000386;0;0.018017;0.010127;0.00789;0
48.964.604/0001-84;2026-01-01;1;2026-01-30;1;;;;;;;;;;;;;1;;;1406963.35;1389246.47;616.82417713;2252.25683672773;0.0004;0;0.005796;0.005796;0;0
48.969.543/0001-48;2026-01-01;1;2026-01-30;1;;1;;;;;;;;;;;;;;154029309.45;150461641.25;1270360;118.440159679146;0.000273363760080611;0;0.003629;0.003629;0;0
48.978.731/0001-32;2026-01-01;1;2026-01-30;3;;;;;;;;;;;;;3;;;27505832.34;27487234.45;15660;1755.25124201788;0.000182;0;-0.001485;-0.001485;0;0
48.978.797/0001-22;2026-01-01;1;2026-01-30;4;;1;;;;;;;;;;;3;;;18885107.05;18859264.84;21237;888.038086358714;0.000265;0;-0.000869;-0.000869;0;0
48.978.859/0001-04;2026-01-01;1;2026-01-30;10486;10386;56;0;0;0;9;0;1;0;0;1;10;23;0;0;1506847007.07;1278987378.8;11610812;110.154861;6.5E-05;0;0.006016;0.000174;0.005842;0
48.984.698/0001-53;2026-01-01;1;2026-01-30;1;;;;;;;;;;;;;1;;;14516440.24;14336440.24;2207.37673587;6494.78632579207;0.001256;0;-0.001254;-0.001254;0;0
49.005.348/0001-60;2026-01-01;1;2026-01-30;10063;10008;22;0;0;0;7;1;0;0;0;1;9;15;0;0;448317942.94;426871489.6;4346763;98.204455;0.000818;0;0;0;0;0
49.005.570/0001-63;2026-01-01;1;2026-01-30;5;;;;;;;;;;;;;;;;79180446.7;79158089.37;21320046.4175265;3.71284789065594;0.000139;0;0.016833;0.016833;0;0
49.112.611/0001-10;2026-01-01;1;2026-01-30;2;;;1;;;;;;;;;;1;;;99471438.38;99392245.67;531606.79177517;186.965718286074;0.0001;0;0.00108;0.00108;0;0
49.152.919/0001-90;2026-01-01;1;2026-01-30;1;;;;;;1;;;;;;;;;;524257324.67;307121725.7;194814062.988523;1.57648642499743;9.71295662396052E-05;1.57182953729411E-05;0.07244;0.07244;0;0
49.184.940/0001-77;2026-01-01;2;2026-01-30;149;135;1;0;0;0;0;0;0;0;0;0;6;7;0;0;163797894.78;129030638.73;1416379;91.098949;0.000636;0;-0.002666;-0.004378;0.001712;0
49.318.661/0001-59;2026-01-01;1;2026-01-30;1;0;1;0;0;0;0;0;0;0;0;0;0;0;0;0;239306555.84;4592033.27;1000;4592.03327;0.005681;8E-06;-0.010414;-0.010414;0;0
49.592.781/0001-40;2026-01-01;1;2026-01-30;105;;;;;;;;;;;;;;;;626749050.95;346922775.8;30796704;11.2649319810328;0.000158;0;0.006467;0.006467;0;0
49.640.601/0001-58;2026-01-01;1;2026-01-30;3;2;1;0;0;0;0;0;0;0;0;0;0;0;0;0;23015759.03;22386183.51;23028.75904;972.096823416152;0.026813;0;-0.001206;-0.001206;0;
49.649.500/0001-48;2026-01-01;1;2026-01-30;110;103;5;0;0;0;2;0;0;0;0;0;0;0;0;0;28785496.47;28595460.4;51735;552.72949454;0.001154;0;0.00024361;0.00024361;0;0
49.893.516/0001-00;2026-01-01;1;2026-01-30;6;5;1;0;0;0;0;0;0;0;0;0;0;0;0;0;205848268.22;59079991.38;565208.40948256;104.527799637813;0.000111317551786684;0.000111317551786684;0.014411;0.014411;0;0
49.916.958/0001-16;2026-01-01;1;2026-01-30;3640;0;0;;;;;;;;;;;;3640;;159729838.08;157939330.79;16169323;9.7678382;0.000996;0;0.00243926;0.00243926;0;0
49.996.755/0001-87;2026-01-01;1;2026-01-30;1;0;0;0;0;0;0;0;0;0;0;0;0;1;0;0;38407568.98;38388568.98;35108.70904295;1093.42012356642;0.000495;0;0.010033;0.010033;0;
50.027.615/0001-80;2026-01-01;1;2026-01-30;1;0;0;0;0;0;0;0;0;0;0;0;1;0;0;0;18074881.28;17662667.66;917.53508465;19250.1278212566;0.0229441762592729;0;-0.001828;-0.001828;0;0
50.041.467/0001-58;2026-01-01;1;2026-01-30;15;0;1;1;;1;;;;;;;;12;;;25985099.77;25114133;31986989.8806;0.785136;0.034065;0;-0.0020667;-0.0020667;0;0
50.117.874/0001-00;2026-01-01;2;2026-01-30;1;;;;;;;;;;;;1;;;;85672675.4;81650766.7;1000000;81.6507667;0.000172;0;-0.00055;-0.00055;0;0
50.135.849/0001-40;2026-01-01;1;2026-01-30;197;0;0;;;;;;;;;;;;;;89761487.65;89730578.08;975907;91.94582894;0.000275;0;0.02302464;0.01376309;0.00926155;0
50.143.549/0001-03;2026-01-01;1;2026-01-30;2459;;;;;;;;;;;;;;;;89187614.73;87097114.97;8969244;9.71064171852165;0.000725;0;0.013446;0.013446;0;0
50.180.894/0001-17;2026-01-01;1;2026-01-30;11250;;;;;;;;;;;;;;;;485600607.43;425161362.3;46022047;9.238211;0.001667;0;0.00347333;-0.0083345;0.01180783;0
50.252.286/0001-70;2026-01-01;1;2026-01-30;1;0;0;0;0;0;0;0;0;0;0;0;0;1;0;0;7890058.13;-807416.23;227.06725;-3555.84625259697;-0.828986333356217;0;-0.034624;-0.034624;0;0
50.275.622/0001-09;2026-01-01;1;2026-01-30;81;80;1;;;;;;;;;;;;;;26086125.34;19456293.69;201908.51080513;96.3619295314304;0.0006;0;0.001442;0.001442;0;0
50.352.284/0001-53;2026-01-01;1;2026-01-30;5782;5782;0;0;0;0;0;0;0;0;0;0;0;0;0;0;236937706.89;235790107.37;2383522;98.925081;0.001115;0;0;0;0;0
50.375.550/0001-63;2026-01-01;1;2026-01-30;1;0;0;0;0;1;0;0;0;0;0;0;0;0;0;0;11718489.44;11003221.58;1683103.41349599;6.53746020106103;0.00434375420439366;0;-0.005163;-0.005163;0;0
50.375.550/0001-63;2026-02-01;1;2026-02-27;1;0;0;0;0;1;0;0;0;0;0;0;0;0;0;0;11717616.11;10985126.34;1683103.4131795;6.52670908631118;0.00438377570812718;0;-0.001644;-0.001644;0;0
50.385.179/0001-10;2026-01-01;1;2026-01-30;8471;;;;;;;;;;;;;;;;288820678.01;285395241.31;30000000;9.51317471033333;0.001042;0;0.018287;0.008219;0.010068;0
50.399.189/0001-05;2026-01-01;1;2026-01-30;5;;;;;;;;;;;;5;;;;80859828.35;72452880.63;1285088;56.3797036700989;0.0003;0;-0.026101;-0.04063;0.014529;0.064181
50.479.122/0001-80;2026-01-01;2;2026-01-30;19992;19988;1;0;0;0;0;0;0;0;0;0;1;1;0;1;2042841506.61;1422565671.73;135551986;10.494613;0.00074;0;0.016705;0.008463;0.008242;0
50.492.450/0001-17;2026-01-01;1;2026-01-31;1;0;0;0;0;0;1;0;0;0;0;0;0;0;0;0;231810690.75;52172187.45;300000;173.9072915;0.000525;0;0.739188;0.739188;0;0
50.522.058/0001-73;2026-01-01;1;2026-01-30;1344;1344;0;0;0;0;0;0;0;0;0;0;0;0;0;0;87494008.05;87315215.83;74340;1174.538819;0.001649;0;0.004102;0.003168;0.000934;0
50.555.700/0001-10;2026-01-01;1;2026-01-31;4;;;;;;;;;;;;;;;;40668022.82;40664128.02;38681895.052866;1.05124446370647;0;;0.014302;0.014302;;
50.659.134/0001-97;2026-01-01;1;2026-01-31;1;0;0;0;0;0;1;0;0;0;0;0;0;0;0;0;1297233698.93;260679291.38;1680000;155.166244869048;0.000105;0;0.551732;0.551732;0;0
50.686.473/0001-62;2026-01-01;1;2026-01-30;56;52;2;0;0;0;2;0;0;0;0;0;0;0;0;0;36536555.61;34817695.9;190889.4919;182.39713223;0.000475;0;-0.04661165;-0.04661165;0;0
50.701.686/0001-16;2026-01-01;2;2026-01-30;249;237;3;0;0;0;1;0;1;0;0;0;2;4;1;0;1200457689.51;954074435.69;4893685;194.960329;0.000262;0;0.005421;-0.003724;0.009145;0
50.716.077/0001-30;2026-01-01;1;2026-01-30;1;0;0;0;0;0;0;0;0;1;0;0;0;0;0;0;28520.87;-16344.43;500000005738;0;0;0;-1;-1;0;0
50.718.891/0001-94;2026-01-01;1;2026-01-30;5;1;2;0;0;0;0;0;0;0;0;0;1;1;0;0;264883665.98;264733253.28;1435128;184.466649;0.000241;0;0;0;0;0
50.718.976/0001-72;2026-01-01;1;2026-01-30;3;0;0;0;0;0;0;0;0;0;0;0;3;0;0;0;239399587.61;239367985.58;1317717;181.653561;0.00011;0;0;0;0;0
50.750.438/0001-65;2026-01-01;1;2026-01-30;8954;;;;;;;;;;;;;;;;336521682.66;330484088.91;32742817;10.0933309711868;0.001043;0;0.002718;0.002718;0;0
50.808.042/0001-21;2026-01-01;1;2025-12-31;1;0;0;0;0;0;1;0;0;0;0;0;0;0;0;0;476070087.38;475949062.69;3454262;137.78603438;8.3E-05;0;0.00411389;0.00106245;0.00305144;0
50.876.919/0001-11;2026-01-01;1;2026-01-30;1;;;;;;;;;;;;;1;;;12271700.22;12035371.75;11095.6440709;1084.69338716124;0.000831;0.000166;-0.011987;-0.011987;0;0
50.918.320/0001-01;2026-01-01;1;2026-01-30;6;0;0;;;;;;;;;;;6;;;55409110.85;55379919.13;55920.0001;990.3419;0.000164;0;-0.00092621;-0.00092621;0;0
50.939.923/0001-81;2026-01-01;1;2026-01-30;1;;;;;;;;;;;;;1;;;12638052;12449052;13338.82034475;933.294825047988;0.00241;0;-0.0069;-0.0069;0;0
50.940.230/0001-09;2026-01-01;1;2026-01-30;1;;;;;;;;;;;;;1;;;8083804.48;7939804.48;19377.06202223;409.752751520906;0.001071;0;-0.002262;-0.002262;0;0
50.957.247/0001-79;2026-01-01;1;2026-01-31;1;;;;;;;;;;;;;;;;764316461.95;744410617.9;593076.13;1255.16873845521;0.000145376634075009;;0.003891;0.003891;;
51.067.062/0001-51;2026-01-01;1;2026-01-30;4;2;;;;;;;;;;;;2;;;805353661.4;605644810.31;42470.90603969;14260.2281605203;4.9E-05;0;0.059335;0.059335;0;0
51.192.125/0001-00;2026-01-01;2;2026-01-30;1218;1215;0;0;0;0;0;0;0;0;0;0;2;1;0;0;106905894.8;106690858.48;10387333;10.271247;0.001108;0;0;0;0;0
51.226.569/0001-00;2026-01-01;1;2026-01-30;1;;;;;;;;;;;;;1;;;46415641.67;46231735.45;14183.1882;3259.61517241941;0.003978;0;-0.000389;-0.000389;0;0
51.226.569/0001-00;2026-02-01;1;2026-02-27;1;;;;;;;;;;;;;1;;;46415641.44;46213735.22;14183.18828975;3258.346027416;0.004369;0;-0.000389;-0.000389;0;0
51.294.441/0001-84;2026-01-01;2;2026-01-30;10988;;;;;;;;;;;;;;;;397272579.4;393195721.4;3857359;101.933919399257;0.0008;0.0001;1.6705;0.7317;0.9388;0
51.295.092/0001-15;2026-01-01;1;2026-01-30;1;;;;;;;;;;;;;1;;;25355480.22;7428671.32;4774.48535096;1555.9103806877;0.001;0;-0.143831;-0.143831;0;0
51.303.221/0001-70;2026-01-01;1;2026-01-30;1;;;;;;;;;;;;;1;;;7024293.63;7013932.37;665860124003991;1.05336423028659E-08;0;0;0;0;0;0
51.303.221/0001-70;2026-02-01;1;2026-02-27;1;;;;;;;;;;;;;1;;;7024263.75;7013409.1;667550124003991;1.05061909927202E-08;0.000916447323741602;0;0;0;0;0
51.326.818/0001-30;2026-01-01;1;2026-01-30;2;0;0;;;;;;;;;;1;1;;;48505476.93;33797059.36;32000;1056.158105;0.000204;0;0.0086854;0.0002854;0.0084;0
51.381.999/0001-05;2026-01-01;1;2026-01-30;1;;;;;;;;;;;;;1;;;11039008.11;10887008.11;6798.5813;1601.36470089723;0.001745;0;-0.001742;-0.001742;0;0
51.385.048/0001-04;2026-01-01;1;2026-01-30;1125;;;;;;;;;;;;;;;;233989052.73;233223715.27;211547;1102.46760894742;0.001453;0;0.023072;0.023072;0;0
51.385.174/0001-50;2026-01-01;1;2026-01-30;132;;;;;;;;;;;;;;;;27298237.52;24219069.83;239955;100.931715655019;0.001672;2.5E-05;-0.005413;-0.005413;0;0
51.392.366/0001-94;2026-01-01;1;2026-01-30;1;0;0;0;0;0;0;0;0;0;0;0;0;1;0;0;26291862.18;26058927.4;32847.159109;793.338848986181;0.004092;0.000106;-0.000553;-0.000553;0;0
51.407.683/0001-37;2026-01-01;1;2026-01-30;1;;;;;;;;;;;;;1;;;16803802.46;16651802.46;8028.2219;2074.15822176016;0.009128;0;-0.00114;-0.00114;0;0
51.407.683/0001-37;2026-02-01;1;2026-02-27;1;;;;;;;;;;;;;1;;;16803802.46;16632802.46;8028.2219259;2071.79156400007;0.010281;0;-0.001141;-0.001141;0;0
51.413.518/0001-98;2026-01-01;1;2026-01-30;6;5;0;;;;1;;;;;;;;;;15040.08;-30809.84;10000;-3.080984;-0.438172;0;1.40901371;1.40901371;0;0
51.416.131/0001-95;2026-01-01;1;2026-01-30;1;;;;;;;;;;;;;1;;;29225388.17;9054388.17;10870.6957;832.917084598367;0.018886;0;-0.002093;-0.002093;0;0
51.416.131/0001-95;2026-02-01;1;2026-02-27;1;;;;;;;;;;;;;1;;;29225386.81;9035386.81;10870.6957;831.169141272164;0.021028;0;-0.002099;-0.002099;0;0
51.472.985/0001-99;2026-01-01;1;2026-01-30;11189;;;;;;;;;;;;;;;;362768224.97;352392703.05;31625978;11.1425076894065;0.000581;0;0.006895;0.002666;0.004229;0
51.476.870/0001-72;2026-01-01;1;2026-01-30;1;;;1;;;;;;;;;;;;;152089592.9;152067467.3;975576.21427652;155.874513005396;0.0001;0;0.093553;0.093553;0;0
51.601.636/0001-20;2026-01-01;1;2026-01-30;4215;0;0;;;;;;;;;;;;4215;;224046225.39;206832310.05;21021208;9.83922095;0.000732;0;0.00968067;-0.00047788;0.01015855;0
51.646.298/0001-42;2026-01-01;1;2026-01-30;13124;13078;19;1;;;3;2;;;;;9;12;;;299333680.86;295803811.35;29563321;10.005770709928;0.000753;0;0.013138;0.002121;0.011017;0
51.665.327/0001-13;2026-01-01;1;2026-01-30;4667;;;;;;;;;;;;;;;;148254685.27;144948575.45;14963704;9.6866775398658;0.001004;0;0.013615;0.001008;0.012607;0
51.666.294/0001-26;2026-01-01;1;2026-01-30;2;0;1;0;0;0;0;0;0;0;0;0;1;0;0;0;276624272.28;275601828.83;2504500;110.042655;0.000125;0;0.010674;0.005322;0.005352;0
51.672.980/0001-00;2026-01-01;1;2026-01-30;1;;;;;;;;;;;;;1;;;8208130.59;8038035.35;9248.3457;869.132233021955;0.002133;0;-0.002266;-0.002266;0;0
51.710.043/0001-00;2026-01-01;2;2026-01-31;1268;;;;;;;;;;;;;;;;88083258.25;87990625.08;771287;114.082857717037;0.000659;0;0.012899;0.012899;0;0
51.734.924/0001-52;2026-01-01;1;2026-01-30;354;;;;;;;;;;;;;;;;386343770.6;378845656.06;401399022;0.943813101916327;0.000293;5.6E-05;-0.004218;-0.004218;0;0
51.753.261/0001-13;2026-01-01;1;2026-01-31;43;;;;;;;;;;;;;;;;14033079.62;11674245.37;10113.5522;1154.31701336351;0.00523675390249229;;-0.003642;-0.003642;;
51.786.271/0001-55;2026-01-01;1;2026-01-30;131;131;0;0;0;0;0;0;0;0;0;0;0;0;0;0;207092664.14;206956936.54;173540;1192.560427;0.00015;0;0.005147;-5.2E-05;0.005199;0
51.802.350/0001-02;2026-01-01;1;2026-01-30;8207;8204;0;0;0;0;0;0;0;0;0;0;3;0;0;0;347008212.49;346504224.88;3492678;99.208752;0.001009;0;0.021819;0.009538;0.012281;0
51.817.522/0001-11;2026-01-01;1;2026-01-31;102;;;;;;;;;;;;;;;;54015256.34;53912294.31;55163;977.327090803618;0.00166782514361148;;-0.001373;-0.001373;;
51.868.778/0001-58;2026-01-01;1;2026-01-30;6702;;;;;;;;;;;;;;;;141085185.89;139542314.39;14803242;9.4264698496451;7.5E-05;2.3E-05;0.016201;0.006379;0.009822;0
51.870.412/0001-13;2026-01-01;1;2026-01-30;11992;;;;;;;;;;;;;;;;451900966.88;441883961.5;46971245;9.40754202917125;0.000915;5E-05;0.01432;0.004708;0.009612;0
51.889.479/0001-08;2026-01-01;1;2026-01-30;2;0;0;0;0;0;0;0;0;0;0;0;0;2;0;0;181389331.25;151621004.1;137040.09219538;1106.39887693473;0.0004;0;0.005216;0.005216;0;0
51.889.479/0001-08;2026-02-01;1;2026-02-28;2;0;0;0;0;0;0;0;0;0;0;0;0;2;0;0;203799395.85;152848138.44;137040.09219538;1115.3534414008;0.0003;0;0.008093;0.008093;0;0
51.890.054/0001-00;2026-01-01;2;2026-01-30;5610;;;;;;;;;;;;;;;;363578415.72;360072051.42;41922689;8.588954;0.000923;0;0.00933029;0.00059297;0.00873732;0
51.951.316/0001-08;2026-01-01;1;2026-01-30;1;0;1;0;0;0;0;0;0;0;0;0;0;0;0;0;50499017.46;50466384.77;111529822.026922;0.452492291773029;0.000172505917348278;1.91672140655301E-05;-0.000783;-0.000783;0;0
51.991.587/0001-89;2026-01-01;1;2026-01-30;1;0;0;0;1;0;0;0;0;0;0;0;0;0;0;0;206164947.96;205938469.74;209930.76447951;980.982802833076;0.000653;0;-0.000213;-0.000213;0;
51.991.713/0001-03;2026-01-01;1;2026-01-31;3;;;;;;;;;;;;;;;;10169512.1;10141333.21;10500;965.841258095238;0.00166818007550705;;-0.00174;-0.00174;;
52.101.897/0001-43;2026-01-01;1;2025-12-31;662;649;3;0;0;0;5;0;0;0;0;0;4;0;0;1;36999067.98;36480081.37;3582421;10.18308048;0.000451;0;0.01695307;0.00510862;0.01184445;0
52.153.014/0001-49;2026-01-01;1;2026-01-30;1;0;0;;;;;;;;;;1;;;;100840687.99;100797976.23;100000000;1.00798;8.4E-05;0;0.02545999;0.02545999;0;0
52.219.978/0001-42;2026-01-01;1;2026-01-30;28355;;;;;;;;;;;;;;;;1042016876.61;1021195946.43;9625000;106.098280148571;0.000565;5.6E-05;0.007181;0.001517;0.005664;0
52.227.760/0001-30;2026-01-01;1;2026-01-30;6361;6347;8;0;0;0;1;0;0;0;0;0;4;1;0;0;71199804.78;71040830.61;7418243;9.576504;0.000828;0;0;0;0;0
52.241.939/0001-41;2026-01-01;1;2026-01-30;1;0;0;0;0;0;1;0;0;0;0;0;0;0;0;0;258538533.53;258467384.12;113994.8011;2267.36115721;9.1E-05;0;0.00263687;0.00263687;0;0
52.270.671/0001-76;2026-01-01;1;2026-01-30;14094;;;;;;;;;;;;;;;;613857880.69;606108095.46;6250000;96.9772952736;0.0009869;8.36E-05;2.43;1.54;0.89;0
52.321.885/0001-24;2026-01-01;1;2026-01-30;11;9;1;0;0;0;0;0;0;0;0;0;0;1;0;0;1064075163.65;1058601180.79;27214.54793273;38898.3562544082;0.000333391523082017;0;-0.000249;-0.000249;0;0
52.324.762/0001-47;2026-01-01;1;2026-01-30;1;;;;;;;;;;;;;1;;;31562351.34;22266518.37;402311;55.3465313401821;0.0006;0;-0.074461;-0.083472;0.009011;0.083474
52.353.292/0001-40;2026-01-01;1;2026-01-30;2;0;0;0;0;0;0;0;0;0;0;0;2;0;0;0;219259993.86;137696125.62;1314901;104.719766;0.000425;0;0.018522;0.001816;0.016706;0
52.355.496/0001-10;2026-01-01;1;2026-01-31;1603;;;;;;;;;;;;;;;;64339215.17;63605389.82;12500000;5.0884311856;0.000881608935322771;;0.010722;0.002105;0.008617;
52.355.764/0001-01;2026-01-01;1;2026-01-30;1;0;1;0;0;0;0;0;0;0;0;0;0;0;0;0;1132281.72;1102369.85;1482.67764924;743.499337543167;0.00596591062427914;0.00596591062427914;-0.008271;-0.008271;0;0
52.355.865/0001-74;2026-01-01;1;2026-01-30;1;0;1;0;0;0;0;0;0;0;0;0;0;0;0;0;30941033.75;30911120.23;1476.68250123;20932.8140641286;0.000212759678428516;0.000212759678428516;-0.000171;-0.000171;0;0
52.356.865/0001-99;2026-01-01;1;2026-01-30;4;;2;;;;;;;;;;;2;;;25207215.53;11686024.86;20100;581.394271641791;0.0009;0;-0.027455;-0.027455;0;0
52.357.468/0001-31;2026-01-01;1;2026-01-30;9617;;;;;;;;;;;;;;;;352044580.07;350216438.47;36336910;9.63803577326746;0.000953;0;0.010305;-7E-05;0.010375;0
52.366.833/0001-74;2026-01-01;1;2026-01-30;1;;;;;;;;;;;;;;;1;132651581.23;132589012.63;125637170.563782;1.0553326856616;0.00020825036292451;4.16502083427574E-05;0.000764;0.000764;0;0
52.371.756/0001-40;2026-01-01;1;2026-01-30;1850;1828;3;0;0;0;11;1;0;0;0;0;6;0;0;1;681669230.49;471402008.32;43542510;10.82624792;8.7E-05;0;-0.00401958;-0.02208521;0.01806563;0
52.446.271/0001-79;2026-01-01;1;2026-01-30;167;165;1;0;0;0;0;0;0;0;0;0;0;1;0;0;8763135.06;8513919.58;109567;77.705145;0.008671;0;-0.009833;-0.005115;-0.004718;0
52.521.137/0001-95;2026-01-01;1;2026-01-30;49;47;1;0;0;0;0;0;0;0;0;0;0;1;0;0;8036522.02;7940176.91;101542;78.195987;0.010247;0;-0.037742;-0.019024;-0.018718;0
52.551.605/0001-74;2026-01-01;1;2026-01-30;925;890;3;0;0;0;27;0;1;0;0;0;3;0;0;1;528916825.78;528217074.42;53077768.52;9.95175738;8.4E-05;0;-0.00113596;-0.00911795;0.00798199;0
52.589.406/0001-55;2026-01-01;1;2026-01-30;1;0;1;0;0;0;0;0;0;0;0;0;0;0;0;0;111345322.12;3293401.34;40;82335.0335;0.00714258226420713;0.000318084524736363;-0.210017;-0.210017;0;0
52.609.938/0001-07;2026-01-01;1;2026-01-30;1;;;;;;1;;;;;;;;;;24240421.14;-1806970.7;533333.33;-3.38807008367544;0;0;8.530697;8.530697;0;0
52.610.191/0001-07;2026-01-01;1;2026-01-30;1;;;;;;1;;;;;;;;;;172861780.17;44284840.59;533333.33;83.034076625213;0.000343165060493221;0;9.658887;9.614068;0.044819;0
52.610.289/0001-64;2026-01-01;1;2026-01-30;1;;;;;;1;;;;;;;;;;60811675.16;26728835.8;533333.33;50.1165674382286;0.000568562361402961;0;7.02756;7.02756;0;0
52.635.194/0001-03;2026-01-01;2;2026-01-30;181;;;;;;;;;;;;;;;;52648114.21;49940140.19;447921;111.49318784;0.000548;0;-0.022811;-0.022811;0;0
52.649.350/0001-87;2026-01-01;1;2026-01-30;288;;;;;;;;;;;;;;;;10733148.48;10605313.89;110417;96.047836;0.000401;0;0.01422952;0.00326181;0.01096771;0
52.649.680/0001-72;2026-01-01;1;2026-01-30;8;;;;;;;;;;;;;;;;38099318.63;37731178.64;518865;72.71868143;0.000318;0;0.0106468;0.00169311;0.00895369;0
52.713.882/0001-36;2026-01-01;1;2026-01-30;1;0;0;0;0;0;0;0;0;0;0;0;1;0;0;0;64549906.7;64461973.21;627724;102.691586;0.000964;0;0.011312;0.004446;0.006866;0
52.714.934/0001-99;2026-01-01;1;2026-01-30;173;164;4;0;0;0;0;0;0;0;0;0;1;4;0;0;79813351.83;68633320.62;715952;95.86302;0.002087;0;0;0;0;0
52.889.976/0001-60;2026-01-01;1;2026-01-30;1;0;1;0;0;0;0;0;0;0;0;0;0;0;0;0;68244979;68026818.17;1082563.6252;62.8386328401089;0.00022;0;-0.000576;-0.000576;0;0
52.889.976/0001-60;2026-02-01;1;2026-02-27;1;0;1;0;0;0;0;0;0;0;0;0;0;0;0;0;9252710.98;9220449;1082563.6252;8.51723518633517;0.000216;0;-0.82604;-0.82604;0;0
52.890.292/0001-89;2026-01-01;1;2026-01-30;1;0;0;;;;;;;;;;1;;;;48194180.5;48177235.46;4517995;10.663411;0.000311;0;0.00777853;-3.31E-05;0.00781163;0
52.904.581/0001-90;2026-01-01;1;2026-01-30;251;250;1;0;0;0;0;0;0;0;0;0;0;0;0;0;14415560.6;14381054.89;14951.49725393;961.847141176443;0.0024;0;-0.7309;-0.7309;0;0
52.904.581/0001-90;2026-02-01;1;2026-02-27;251;250;1;0;0;0;0;0;0;0;0;0;0;0;0;0;14360507.87;14326012.65;14951.49725393;958.165754686168;0.0024;0;-0.3827;-0.3827;0;0
52.966.340/0001-75;2026-01-01;1;2026-01-30;393;384;8;0;0;0;0;0;0;0;0;0;1;0;0;0;118431263.06;100838108.98;8358357;12.0643457775254;0.000146666375932668;1.6296319086328E-05;0.040946;0.040946;0;0
53.018.363/0001-10;2026-01-01;1;2026-01-30;0;0;0;;;;;;;;;;;;;;0;0;0;0;0;0;0;0;0;0
53.018.363/0001-10;2026-02-01;1;2026-02-27;0;0;0;;;;;;;;;;;;;;0;0;0;0;0;0;0;0;0;0
53.072.782/0001-30;2026-01-01;1;2026-01-30;32;;;;;;;;;;;;;;;;111554736.25;110772989.24;1144708;96.7696471414544;0.00019;0;-0.000313;-0.000313;0;0
53.076.137/0001-96;2026-01-01;1;2026-01-30;1;0;0;1;;;;;;;;;;;;;42576035.1;42532674.25;420000;101.268272;0.000891;0;0.00662957;-0.0075803;0.01420987;0
53.076.143/0001-43;2026-01-01;1;2026-01-30;1;0;1;;;;;;;;;;;;;;13506559.47;13471557.8;171101;78.734536;0.002375;0;-0.00219375;-0.00219375;0;0
53.076.746/0001-45;2026-01-01;1;2026-01-30;108;108;;;;;;;;;;;;;;;96471187.31;96232289.35;109525.09505595;878.632328973013;0.000297327749274833;2.21418404819442E-05;-0.002846;-0.002846;0;0
53.087.126/0001-01;2026-01-01;1;2026-01-30;41;;;;;;;;;;;;;;;;70904862.72;70688222.31;5365285;13.1751104200429;0.000212;0;0.087789;0.087789;0;0
53.095.823/0001-04;2026-01-01;1;2026-01-30;2;;;;;;;;;;;;;;;;29730979.43;29437686.06;300000;98.1256202;0.001446;0;0.014185;0.004359;0.009826;0
53.123.631/0001-64;2026-01-01;1;2026-01-30;1;;;;;;;;;;;;;1;;;13167113.86;8423113.86;7250;1161.80880827586;0.00095;0;0.108941;0.108941;0;0
53.127.942/0001-00;2026-01-01;2;2026-01-31;112;111;;;;;;;;;;;1;;;;73103969.82;72427696.56;4424262.98337786;16.3705676701665;0.000966481102184592;0;-0.000644;-0.000644;0;0
53.137.434/0001-02;2026-01-01;1;2026-01-30;6;;;;;;;;;;;;;;;;79724618.24;79623368.87;120000;663.528073916667;0.000188;0;-0.000798;-0.015011;0.014213;0.00094
53.178.634/0001-03;2026-01-01;1;2026-01-30;28;23;0;0;0;0;5;0;0;0;0;0;0;0;0;0;9087014.51;9053025.22;100880;89.74053549;0.001657;0;-0.00160974;-0.00160974;0;0
53.179.110/0001-29;2026-01-01;1;2026-01-30;2;;1;;;;;;;;;;;1;;;28402635.67;25974019.43;58179.98967187;446.442489531043;0.000462;7.7E-05;-0.001894;-0.001894;0;0
53.190.891/0001-52;2026-01-01;1;2026-01-30;1;0;1;0;0;0;0;0;0;0;0;0;0;0;0;0;47896135.64;46865450.85;37036.40961775;1265.38860903891;0.000327339430684256;9.82017651922365E-05;-0.000575;-0.000575;0;0
53.191.611/0001-20;2026-01-01;1;2026-01-30;2;0;0;0;0;0;0;0;0;0;0;0;0;2;0;0;115780250.25;115643622.16;107050.06453395;1080.27606207864;0.00076;0;0.002023;0.002023;0;0
53.193.237/0001-00;2026-01-01;1;2026-01-30;749;734;15;0;0;0;0;0;0;0;0;0;0;0;0;0;98229697.17;88855137.68;8496949;10.457299;0.000977;0;0;0;0;0
53.211.851/0001-40;2026-01-01;1;2026-01-30;1;0;0;0;0;0;0;0;0;0;0;0;0;1;0;0;142119334.29;142042190.29;158008.75877847;898.951370722079;0.000150786185120576;7.54001327220734E-05;-0.000742;-0.000742;0;0
53.249.951/0001-65;2026-01-01;1;2026-01-30;1;0;0;0;0;0;0;0;0;0;0;0;0;1;0;0;28453427.24;28450427.24;29575.79443798;961.949722083041;3.5148857047533E-05;3.5148857047533E-05;-0.016383;-0.016383;0;0
53.250.967/0001-98;2026-01-01;1;2026-01-30;1;0;0;;;;;;;;;;1;;;;35750570.17;34937786.37;3495030;9.99642;0.000343;0;-0.01497343;-0.01497343;0;0
53.251.006/0001-06;2026-01-01;1;2026-01-30;1673;0;0;;;;;;;;;;1;;;;153375627.87;149887100.79;144426;1037.81244921;0;0;-0.01770828;-0.01770828;0;0
53.251.715/0001-83;2026-01-01;1;2026-01-30;1;0;0;0;0;0;0;0;0;0;0;0;0;1;0;0;28428570.7;28425570.7;29575.7927747;961.1093408903;3.51795927179045E-05;3.51795927179045E-05;-0.016408;-0.016408;0;0
53.251.882/0001-24;2026-01-01;1;2026-01-30;1;0;0;0;0;0;0;0;0;0;0;0;0;1;0;0;28274471.56;28257471.56;29575.7978389;955.4255041206;7.07777408800832E-05;7.07777408800832E-05;-0.016546;-0.016546;0;0
53.260.548/0001-37;2026-01-01;1;2026-01-31;424;;;;;;;;;;;;;;;;37990512.84;37531915.67;5453775;6.88182326370266;0.000845472431490199;;-0.148788;-0.158037;0.009249;
53.275.496/0001-72;2026-01-01;1;2026-01-30;6;5;0;0;0;0;0;0;0;0;0;0;1;0;0;0;14413796.62;14391273.16;520997.13053679;27.6225574316935;0.0008;0;-0.000738;-0.000738;0;0
53.275.496/0001-72;2026-02-01;1;2026-02-27;6;5;0;0;0;0;0;0;0;0;0;0;1;0;0;0;15403126.47;15380603.01;557206.87741045;27.6030387160321;0.0007;0;-0.000707;-0.000707;0;0
53.294.563/0001-04;2026-01-01;2;2026-01-30;1;;;;;;;;;;;;;;;;8022905.85;7994514.08;44044.4;181.510341;0.003197;0;0.00388444;0.00388444;0;0
53.305.536/0001-81;2026-01-01;1;2026-01-30;16;;;;;;;;;;;;;;;;50159109.97;49423677.58;500000;98.84735516;0.00017;0;0.01355405;-2.18E-06;0.01355623;0
53.309.565/0001-11;2026-01-01;2;2026-01-30;3;0;0;0;0;0;2;0;0;0;0;0;0;1;0;0;324430965.29;324316143.31;309000;1049.566807;0.000124;0;0.011571;0.006052;0.005519;0
53.317.751/0001-00;2026-01-01;1;2026-01-30;2;0;0;0;0;0;0;0;0;0;0;0;1;1;0;0;1728974.66;1656353.28;3370.29364928;491.456665906203;0.00674;0;0;0;0;0
53.322.347/0001-17;2026-01-01;1;2026-01-30;1;;;;;;;;;;;;;1;;;122284086.4;122155881.75;9875.08781855;12370.105865847;0.0001;0;-0.000499;-0.000499;0;0
53.372.824/0001-59;2026-01-01;1;2026-01-30;1;;1;;;;;;;;;;;;;;327153554.18;253696687.39;10;25369668.739;0.0001;0;0.018011;0.018011;0;0
53.391.567/0001-00;2026-01-01;2;2026-01-30;239;214;2;0;0;0;0;1;4;0;0;0;3;15;0;0;212402013.32;211962217.28;1924193;110.156423;0.001326;0;0.122412;-0.015578;0.13799;0
53.391.653/0001-05;2026-01-01;1;2026-01-30;19;5;0;0;0;0;0;0;0;0;0;0;9;5;0;0;235336540.86;204686938.87;1738692;117.724668;0.000543;0;-0.005923;-0.002937;-0.002986;0
53.463.715/0001-47;2026-01-01;1;2026-01-30;1;1;0;0;0;0;0;0;0;0;0;0;0;0;0;0;141887106.33;141778556.46;142000;998.44053845;0.000193;0;-0.00042431;-0.00042431;0;0
53.466.467/0001-98;2026-01-01;1;2026-01-30;4599;;;;;;;;;;;;;;;;249153227.51;245881817.07;26261802;9.36271688705901;0.000504;2.5E-05;-0.004048;-0.011648;0.0076;0
53.471.254/0001-54;2026-01-01;1;2026-01-30;1;;;;;;;;;;;;;;;;140539.36;-135531457.19;319681.6991;-423.95751;-6.6E-05;0;0.00013127;0.00013127;0;0
53.507.204/0001-80;2026-01-01;1;2026-01-30;1;0;0;0;0;0;0;0;0;0;0;0;0;1;0;0;560910.52;517534.11;59000;8.77176457627119;0.0232043449271392;0.00257826484132611;-0.057629;-0.057629;0;0
53.523.736/0001-00;2026-01-01;1;2026-01-31;167;;;;;;;;;;;;;;;;49795909.9;49063293.2;5000000;9.81265864;0.000633705117861921;;0.009695;-0.000491;0.010186;
53.645.729/0001-81;2026-01-01;1;2026-01-30;2;;;;;;;;;;;;2;;;;36116262.57;28268199.66;500399;56.4913192472407;0.0005;0;-0.055094;-0.064084;0.00899;0.064019
53.654.501/0001-58;2026-01-01;1;2026-01-30;131;;;;;;;;;;;;;;;;242338254.41;239726659.52;239599794;1.00052948926993;0.001042;5.6E-05;-0.000251;-0.000251;0;0
53.656.482/0001-07;2026-01-01;1;2026-01-30;24841;;;;;;;;;;;;;;;1;499765704.72;306517192.48;35021736;8.75219871;0.001066;0;0.02019019;0.00639171;0.01379848;0
53.724.231/0001-04;2026-01-01;2;2026-01-30;31;6;0;0;0;0;0;0;0;0;0;0;1;24;0;0;430666897.38;393121058.01;205000;1917.663698;0.001369;0;-0.081328;-0.080529;-0.000799;0
53.730.029/0001-95;2026-01-01;1;2026-01-30;1233;1206;25;0;0;0;0;0;0;0;0;0;0;1;0;1;106557350.83;105395912.24;997857.00104541;105.62226063412;0.00092;0;0.027909;0.027909;0;0
53.764.894/0001-52;2026-01-01;1;2026-01-30;354;346;;;;;;;;;;;1;5;;2;17414944.24;17240246.71;1702007;10.1293629873438;0.00104406858572153;0.000116007620635726;0.012313;0.006133;0.00618;0
53.866.393/0001-87;2026-01-01;1;2026-01-31;2584;;;;;;;;;;;;;;;;175857108.25;96198960.89;98886;972.826900572376;0.000875532637990847;;0.020078;0.020078;;
53.866.872/0001-01;2026-01-01;1;2026-01-30;145;145;0;0;0;0;0;0;0;0;0;0;0;0;0;0;46303753.08;46225405.46;5537031;8.34841;0.001091;0;0;0;0;0
54.010.546/0001-52;2026-01-01;1;2026-01-30;2;;;;;;;;;;;;2;;;;170513760.38;132944665.23;2066476;64.333999151212;0.0001;0;0.023784;0.010858;0.012926;0
54.045.925/0001-88;2026-01-01;1;2026-01-30;1;0;0;0;0;0;0;0;0;0;0;0;0;1;0;0;15577966.61;11603771.52;16495.56796831;703.447831701961;0.00501561064863159;0;-0.000584;-0.000584;0;0
54.064.962/0001-33;2026-01-01;1;2026-01-30;1;;;;;;;;;;;;;1;;;31855716.08;31709016.08;34424.53676929;921.116710807493;0.000252;0;-0.000567;-0.000567;0;0
54.088.529/0001-38;2026-01-01;1;2026-01-30;1;0;0;0;0;0;1;0;0;0;0;0;0;0;0;0;103019047.91;15482366.96;465620.1;33.25107091;0.001086;0;0.07475286;0.07475286;0;0
54.089.614/0001-10;2026-01-01;1;2026-01-30;1;0;0;;;;;;;;;;1;;;;68767006.82;48535646.92;3650100;13.297073;0.000165;0;0.00623172;0.00133689;0.00489483;0
54.089.708/0001-90;2026-01-01;1;2026-01-30;586;;;;;;;;;;;;;;;;24340440.8;24063947.01;315650;76.2361698400127;0.000822;0;-0.003654;-0.003654;0;0.00010777
54.134.474/0001-55;2026-01-01;1;2026-01-30;116;108;0;0;0;0;0;0;0;0;0;0;2;6;0;0;146044168.27;145898854.15;111541;1308.028923;0.000192;0;0;0;0;0
54.174.907/0001-04;2026-01-01;1;2026-01-30;678;675;;;;;1;;;;;;2;;;;14718518.39;14667292.22;1026794;14.2845519354418;0.0006;0;0.012198;0.006634;0.005564;0
54.250.318/0001-50;2026-01-01;1;2026-01-30;1;0;0;0;0;0;1;0;0;0;0;0;0;0;0;0;43390425.63;43350483.51;805579.7067;53.81277998;0.000364;0;0.03807969;0.03615706;0.00192263;0
54.250.610/0001-72;2026-01-01;1;2026-01-30;1;0;0;0;0;0;1;0;0;0;0;0;0;0;0;0;56253231.74;56214217.21;571936.72;98.287477;0.000281;0;0.00525384;-0.03426668;0.03952052;0
54.275.309/0001-13;2026-01-01;1;2026-01-30;1;;;;;;;;;;;;;1;;;12774854.17;12558354.17;12948.0113745;969.906019292863;0.000737;0;-0.001431;-0.001431;0;0
54.306.150/0001-57;2026-01-01;1;2026-01-30;126;;;;;;;;;;;;;;;;13924673.85;13821543.99;11434.1666;1208.793301;0.000642;0;0.04337787;0.04337787;0;0
54.375.187/0001-37;2026-01-01;1;2026-01-30;36346;36301;18;;1;;4;;;;;;7;15;;;1814209149.94;967278322.55;99120994;9.75856156718929;0.000466;3.1E-05;0.001668;-0.006981;0.008649;0
54.386.365/0001-25;2026-01-01;1;2026-01-30;1;;;;;;;;;;;;;;;;185954678.49;185074051.95;122654.58920652;1508.90442132892;0.00015;2.7E-05;0.002705;0.002705;0;0
54.417.489/0001-20;2026-01-01;3;2026-01-30;2;;;;;;;;;;;;;2;;;115061342.83;111939070.1;46442.45;2410.27486921986;0.0001;0;-0.000384;-0.000384;0;0
54.419.040/0001-00;2026-01-01;1;2026-01-30;3;2;;;;;;;;;;;;1;;;14809844.91;8432615.07;5562.69334315;1515.92305198417;0;0;-0.000427;-0.000427;0;0
54.419.040/0001-00;2026-02-01;1;2026-02-27;3;2;;;;;;;;;;;;1;;;17032492.04;8930253.77;5912.079169;1510.50984175344;0;0;-0.003571;-0.003571;0;0
54.422.883/0001-57;2026-01-01;1;2026-01-30;13;;;;;;;;;;;;;;;;183212753.53;173716428.89;1858798;93.456324;0.005042;0;-0.00265692;-0.00265692;0;0
54.483.412/0001-59;2026-01-01;1;2026-01-30;4952;;;;;;;;;;;;;;;;242724547.22;236005332.99;24700000;9.554872;0.000521;0;0.00518268;-0.00316352;0.0083462;0
54.485.027/0001-40;2026-01-01;1;2026-01-30;1;;;;;;;;;;;;;;;;59668116.11;49932908.81;48479.73484515;1029.97487443963;0.000291;4.5E-05;0.00567;0.00567;0;0
54.500.419/0001-31;2026-01-01;1;2026-01-30;2;0;2;0;0;0;0;0;0;0;0;0;0;0;0;0;7639784.96;1014013.82;2170;467.287474654378;0.358772;0;-0.093467;-0.093467;0;
54.505.336/0001-35;2026-01-01;1;2026-01-30;5;5;0;0;0;0;0;0;0;0;0;0;0;0;0;0;32313396.05;32281637.31;168896.0002;191.1332256;0.000652;0;-0.01003212;-0.01003212;0;0
54.505.439/0001-03;2026-01-01;1;2026-01-30;124;;;;;;;;;;;;;;;;56477075.56;56080346.27;565171;99.2272184347746;0.000214;0.000107;0.014046;0.002428;0.011618;0
54.557.596/0001-54;2026-01-01;2;2026-01-30;1;0;0;0;0;0;0;0;0;0;0;0;1;0;0;0;132924286.45;66826360.88;540500;123.63804;0.000244;0;0.023616;0.014948;0.008668;0
54.564.113/0001-49;2026-01-01;1;2026-01-30;19;;;;;;;;;;;;;;;;76357895.61;25389085.04;29232.9487;868.509205162735;0.00683;0;0.002548;0.002548;0;0
54.620.584/0001-27;2026-01-01;2;2026-01-30;143;;;;;;;;;;;;;;;;8225657.98;8130742.07;12889.17378;630.819493070719;0.000922;0.000799;-0.016941;-0.016941;0;0
54.635.245/0001-14;2026-01-01;1;2026-01-30;1520;0;0;;;;;;;;;;;;1520;;134520599.27;134310772.52;13750000;9.768056;0.001009;0;0.00118699;0.00118699;0;0
54.635.301/0001-10;2026-01-01;1;2026-01-30;208;;;;;;;;;;;;;;;;45624148.47;32469600.92;310503;104.57097329;0.002417;0;-0.00076408;-0.00076408;0;0
54.645.216/0001-33;2026-01-01;1;2026-01-30;597;591;0;0;0;0;0;0;0;0;0;0;6;0;0;0;327580707.82;303877179.03;30000000;10.129239;0.00108;0;0.022528;0.011572;0.010956;0
54.660.460/0001-75;2026-01-01;1;2026-01-30;1;;;;1;;;;;;;;;;;;80354573.91;80237569.08;797800;100.573538581098;0.000124;2.7E-05;0.016155;0.006651;0.009504;0
54.675.539/0001-70;2026-01-01;1;2026-01-30;1;0;0;0;0;0;0;0;0;0;0;0;0;1;0;0;206909638.96;61767717.98;202935.01457757;304.371909936665;0.000101185541645293;0;-0.015294;-0.015294;0;0
54.675.539/0001-70;2026-02-01;1;2026-02-27;1;0;0;0;0;0;0;0;0;0;0;0;0;1;0;0;206930582.8;60945268.88;202935.01458;300.319139139857;0.000102550864322317;2.27892997360421E-06;-0.013315;-0.013315;0;0
54.698.848/0001-65;2026-01-01;1;2026-01-30;1276;;;;;;;;;;;;;;;;59029525.88;58874436.16;8938436;6.58665969751308;0.00017;0;0.011572;0.003041;0.008531;0.05061
54.866.214/0001-74;2026-01-01;1;2026-01-30;3428;;;;;;;;;;;;;;;;212128577.92;209843213.15;22137100;9.47925487755849;0.000835;0;0.011859;0.001819;0.01004;0
54.869.435/0001-04;2026-01-01;1;2026-01-30;2174;2174;0;0;0;0;0;0;0;0;0;0;0;0;0;0;69708171.01;69627627.94;721132;96.553236;0.00112;0;0;0;0;0
55.034.258/0001-09;2026-01-01;1;2026-01-30;2;2;0;;;;;;;;;;;;;;30731517.86;15334639.63;1271000;12.065019;0.000652;0;-0.00670622;-0.00670622;0;0
55.074.554/0001-25;2026-01-01;1;2026-01-30;28;5;3;0;0;0;0;1;5;13;0;0;0;1;0;0;29451150.69;29114776.1;3298014;8.827972;0.010659;0;0;0;0;0
55.089.373/0001-72;2026-01-01;1;2026-01-30;110;109;0;0;0;0;1;0;0;0;0;0;0;0;0;0;15561000.86;15489545.58;1408780.6641;10.99500155;0.001226;0;-0.00921108;-0.00921108;0;0
55.115.058/0001-72;2026-01-01;1;2026-01-30;31;30;0;0;0;0;0;0;0;0;0;0;1;0;0;0;5146885.21;5097166.73;583340;8.73790025;0.003924;0;0.01008627;0.01008627;0;0
55.154.961/0001-42;2026-01-01;1;2026-01-30;1;1;;;;;;;;;;;;;;;8149165.11;7798268.98;134822.44542425;57.8410290323762;0.0003;0;2.137368;2.137368;0;0
55.177.440/0001-00;2026-01-01;1;2026-01-30;1;;;;;;;;;;;;;1;;;133050991.56;133013807.04;122054.95095;1089.78624795392;0.000247;0;0.004092;-0.00047;0.004562;0
55.293.694/0001-94;2026-01-01;1;2026-01-30;1;;;;;;;;;;;;1;;;;8301716.74;8286716.74;8000;1035.8395925;0.000724;0;-0.000632;-0.000632;0;0
55.296.764/0001-68;2026-01-01;1;2026-01-30;3349;;;;;;;;;;;;;;;;158728102.97;157919141.11;16946435;9.31872344301324;0.000106;0;0.00129;-0.042316;0.043606;0
55.302.190/0001-93;2026-01-01;1;2026-01-30;1;0;0;0;0;0;0;0;0;0;0;0;1;0;0;0;87434662.02;87282589.62;598399.9998;145.8599426;0.000148;0;-0.00406812;-0.00406812;0;0
55.314.110/0001-10;2026-01-01;1;2026-01-30;1;0;0;0;0;0;1;0;0;0;0;0;0;0;0;0;68747514.07;68654655.07;20055;3423.318627;0.000304;0;0;0;0;0
55.314.271/0001-03;2026-01-01;1;2026-01-30;1;0;0;0;0;0;0;0;0;0;0;0;1;0;0;0;59635442.02;26255331.69;40000;656.383292;0.001143;0;0.014271;0.007651;0.00662;0
55.315.760/0001-80;2026-01-01;1;2026-01-30;1;0;1;0;0;0;0;0;0;0;0;0;0;0;0;0;399520476.91;396487263.17;131187;3022.306045;0.0001;0;0.016421;0.006971;0.00945;0
55.346.193/0001-29;2026-01-01;1;2026-01-30;1;1;;;;;;;;;;;;;;;17647046.78;17632046.78;14985.44618219;1176.61139786118;0.000227;0;0.000134;0.000134;0;0
55.431.577/0001-40;2026-01-01;1;2026-01-30;4;0;0;0;0;0;0;0;0;0;0;0;4;0;0;0;40625155.3;40541456.39;4093800;9.903136;0.000617;0;0;0;0;0
55.435.378/0001-00;2026-01-01;1;2026-01-30;1;;;;;;;;;;;;;1;;;25794934.16;25622914.52;28644.54089;894.513010992092;0.0007;0;-0.0719;-0.0719;0;0
55.435.378/0001-00;2026-02-01;1;2026-02-28;1;;;;;;;;;;;;;1;;;25299946.21;25119407.21;28644.54089;876.93523545945;0;0;-0.0196;-0.0196;0;0
55.611.150/0001-23;2026-01-01;1;2026-01-30;61;52;0;0;0;0;8;0;0;0;0;0;0;1;0;0;4730040.81;4704271.09;488412;9.631768;1E-05;0;0;0;0;0
55.661.358/0001-57;2026-01-01;1;2026-01-30;1;0;0;0;0;0;1;0;0;0;0;0;0;0;0;0;21280483.21;21251673.51;10014.0695;2122.18153962;0.000744;0;-0.00076507;-0.00076507;0;0
55.729.232/0001-77;2026-01-01;1;2026-01-30;4;;;;;;;;;;;;3;1;;;114886016.09;68893691.73;80000000;0.861171146625;0.000183502432262531;3.05837870941453E-05;0.009395;-0.00064;0.010035;0
55.753.193/0001-43;2026-01-01;1;2026-01-30;129;;;;;;;;;;;;;;;;177134680.21;169349954.18;178651;947.937342528169;0.000556;5.6E-05;0.012163;0.003462;0.008701;0
55.768.096/0001-24;2026-01-01;1;2026-01-30;184;175;1;0;0;7;0;0;0;0;0;0;0;1;0;0;142576945.71;142315559.97;141957;1002.52583507682;0.000167049899568336;1.67042872929786E-05;-0.007553;-0.007553;0;0
55.793.516/0001-22;2026-01-01;1;2026-01-30;3849;3748;95;0;0;0;3;0;0;0;0;0;1;1;0;1;54163692.43;47009190.44;524081;89.69832991;0.000493;0;-0.00226098;-0.00226098;0;0
55.944.877/0001-22;2026-01-01;1;2026-01-30;3;;3;;;;;;;;;;;;;;85617364.41;39049685.89;75650;516.188841903503;0.0002;0;-0.008899;-0.008899;0;0
55.948.693/0001-30;2026-01-01;1;2026-01-30;101;99;0;0;0;1;0;0;0;0;0;0;1;0;0;0;51119494.47;51081975.49;48162.70254363;1060.61273126701;0.000500532913121289;0;0.000273;0.000273;0;0
55.969.466/0001-91;2026-01-01;1;2026-01-30;1;0;0;0;0;0;0;0;0;0;0;0;0;1;0;0;97231510.42;90584622.14;25363.32214106;3571.48096121663;0.000197;0;0.012237;0.012237;0;
55.985.251/0001-64;2026-01-01;2;2026-01-30;1;0;0;;;;;;;;;;;1;;;66235.15;30604.19;6000;5.100698;0.463745;0;-0.99874259;-0.99874259;0;0
55.985.307/0001-80;2026-01-01;1;2026-01-30;1;0;0;;;;;;;;;;1;;;;128536690.12;125497931.47;12500000;10.039835;0.00087;0;0.0126058;0.00163157;0.01097423;0
55.987.139/0001-62;2026-01-01;1;2026-01-30;1;;;1;;;;;;;;;;;;;99206580.32;99150887.39;990327.1417;100.119327457589;0.0002;0;0.001977;0.001977;0;0
56.008.757/0001-86;2026-01-01;1;2026-01-30;1;0;0;0;0;0;0;0;0;0;0;0;0;1;0;0;13920890.03;13863044.18;14403.60203574;962.470647661696;0.00079;0;0;0;0;0
56.012.069/0001-90;2026-01-01;1;2026-01-31;2;;;;;;;;;;;;2;;;;163151980.82;163112936.45;1519282.4796;107.361822860581;0.000104;0;-0.022735;-0.022735;0;0
56.028.598/0001-81;2026-01-01;1;2026-01-30;116;45;0;0;0;0;0;0;0;0;0;0;25;46;0;0;44007175.45;18385010.75;467.94976398;39288.4282997219;0.000598313492963282;0;-0.020277;-0.020277;0;0
56.053.824/0001-84;2026-01-01;1;2026-01-30;6811;6811;0;0;0;0;0;0;0;0;0;0;0;0;0;0;245827761.99;245525818.65;2423669;101.303362;0.000914;0;0;0;0;0
56.061.587/0001-01;2026-01-01;1;2026-01-30;1995;1936;55;1;0;0;2;0;0;0;0;0;0;0;0;1;44414592.99;44376498.57;396111;112.0304626;0.000285;0;0.01139026;0.01139026;0;0
56.073.063/0001-22;2026-01-01;1;2026-01-30;1;;;;;;;;;;;;;1;;;2930270.7;2641140.27;2941.34348922;897.936701265853;0.006815;0;-0.007142;-0.007142;0;0
56.073.063/0001-22;2026-02-01;1;2026-02-27;1;;;;;;;;;;;;;1;;;2930172.7;2622042.27;2941.34348922;891.443749976759;0.111712;0.005804;-0.103726;-0.103726;0;0
56.174.611/0001-00;2026-01-01;1;2026-01-30;16;16;0;0;0;0;0;0;0;0;0;0;0;0;0;0;317287103.11;228770676.19;110038.34264221;2079.0087409245;0.000358789034359588;7.74893893537169E-06;-0.000262;-0.000262;0;0
56.191.016/0001-83;2026-01-01;1;2026-01-30;4;;;;;;;;;;;;;;;;45395926.73;11258469.88;100000;112.5846988;0.001244;0;-0.052082;-0.052082;0;0
56.212.023/0001-14;2026-01-01;1;2026-01-30;132;112;11;0;0;0;1;0;0;0;0;0;3;5;0;0;163446403.21;160869091.08;161229;997.767716;0.000537;0;0.025364;0.012991;0.012373;0
56.303.820/0001-07;2026-01-01;1;2026-01-30;1;0;0;;;;;;;;;;;1;;;232446936.89;14239753.33;1000;14239.75333;0.000628;0;0.01896956;0.01896956;0;0
56.304.155/0001-76;2026-01-01;1;2026-01-30;2;;;;;;;;;;;;;;;;35629731.15;34879679.42;292000;119.45095692;0.000229;0;0.24605772;0.22498553;0.02107219;0
56.414.379/0001-30;2026-01-01;1;2026-01-31;3;;;;;;;;;;;;;;;;58071038.91;32589969.54;29000;1123.79205310345;0.000368211451847831;;0.022258;0.022258;;
56.430.935/0001-62;2026-01-01;1;2026-01-31;880;;;;;;;;;;;;;;;;78877980.15;77832869.49;8400517;9.26524754250244;0.000903605898906709;;-0.044035;-0.054243;0.010208;
56.524.816/0001-79;2026-01-01;1;2026-01-30;1;0;0;0;0;0;0;0;0;0;0;0;0;1;0;0;77701729.18;77473103.22;825286.92817088;93.8741431319009;0.0004;0;-0.007279;-0.007279;0;0
56.524.816/0001-79;2026-02-01;1;2026-02-27;1;0;0;0;0;0;0;0;0;0;0;0;0;1;0;0;78310968.8;78081521.96;825286.92817088;94.6113639931939;0.0004;0;0.007853;0.007853;0;0
56.805.391/0001-76;2026-01-01;1;2026-01-30;4830;4797;5;0;0;0;4;3;1;0;0;0;5;14;0;1;757727614.51;484804819.37;4528240;107.062527;0.000606;0;0.018515;0.009141;0.009374;0
56.883.420/0001-18;2026-01-01;1;2026-01-30;4;3;1;;;;;;;;;;;;;;1101851.76;1078641.83;1002.83906486;1075.58816543568;0.003821;0.000955;-0.005623;-0.005623;0;0
56.883.420/0001-18;2026-02-01;1;2026-06-27;4;3;1;;;;;;;;;;;;;;1101947.94;1078711.25;1033.34952145;1043.89775928511;0.003821;0.000955;0.001183;6.4E-05;0.001119;0
56.978.773/0001-00;2026-01-01;1;2026-01-30;121;106;;;;;;;;;;;;;;15;49759846.87;38568046.46;340000;113.435430764706;0.000340730247087552;5.45168913904072E-05;0.011679;-0.00235;0.014029;0
56.990.470/0001-02;2026-01-01;1;2026-01-30;3905;3905;0;0;0;0;0;0;0;0;0;0;0;0;0;0;119088089.57;118943607.6;1242717;95.712546;0.001004;0;0;0;0;0
56.992.328/0001-96;2026-01-01;1;2026-01-30;5;;;3;1;;;;;;;;1;;;;3740065995.95;3477763606.28;3490947;996.2235480172;5E-05;0;0.003432;0.001924;0.001508;0.006793
57.077.139/0001-50;2026-01-01;1;2026-01-31;37;36;;;;;;;;;;;;;1;;83240771.56;81236728.68;6369404.661;12.7542106372067;0.000431;0;0.001144;0.001144;0;0
57.136.514/0001-96;2026-01-01;1;2026-01-30;23;22;1;;;;;;;;;;;1;;;8237917.64;8182754.77;76723;106.653217027488;0.0014;0;0.011122;0.011122;0;0
57.136.514/0001-96;2026-02-01;1;2026-02-28;24;22;1;;;;;;;;;;;1;;;8321036.14;8262744.69;76723;107.695797739922;0;0;0;0;0;0
57.170.846/0001-97;2026-01-01;1;2026-01-30;2861;2861;0;0;0;0;0;0;0;0;0;0;0;0;0;0;80444869.7;80321983.41;8105120;9.91003;0.001212;0;0.012986;0.001461;0.011525;0
57.216.258/0001-47;2026-01-01;1;2026-01-30;374;;;;;;;;;;;;;;;;471778176.76;230003135.56;1932933;118.991778587256;0.000109;0;-0.001635;-0.001635;0;0
57.231.494/0001-32;2026-01-01;1;2026-12-31;1;;;;;;;;;;;;;;;;147606291.48;103661690.5;976000;106.210748463115;0.000144701479665721;;0.006077;-0.007329;0.013406;
57.244.407/0001-81;2026-01-01;1;2026-01-30;102;100;2;0;0;0;0;0;0;0;0;0;0;0;0;0;442907716.44;442354886.33;25316953.6112896;17.472674363662;1E-05;0;1E-06;1E-06;0;0
57.285.563/0001-90;2026-01-01;1;2026-01-30;163;159;;;;;;;;;;;;;;4;147928789.54;44963032.07;450000;99.9178490444445;0.000374104219079636;4.67630829861871E-05;0.039112;0.039112;0;0
57.300.503/0001-08;2026-01-01;1;2026-01-30;1;0;0;;;;;;;;;;;;;;879216680.37;488328735.02;43500000;11.225948;1.8E-05;0;0.00661368;0.00661368;0;0
57.306.908/0001-45;2026-01-01;1;2026-01-30;2;0;0;0;0;0;0;0;0;0;0;0;0;2;0;0;7861.54;-136138.46;110566.16969902;-1.23128494340169;-1.05774664999149;0;-0.152363;-0.152363;0;0
57.350.504/0001-59;2026-01-01;1;2026-01-30;1;;;;;;;;;;;;1;;;;40644678.9;40616527.77;40434077;1.00451230208618;0.0009;0;0;0;0;0
57.376.810/0001-64;2026-01-01;1;2026-01-30;589;;;;;;;;;;;;;;;;307194824.74;269345634.98;1462996.5082;207.196741;0.000546;0;0.00552631;0.00017287;0.00535344;0
57.378.678/0001-20;2026-01-01;1;2026-01-30;198;198;0;0;0;0;0;0;0;0;0;0;0;0;0;0;6681373.3;6590892.56;831160;7.929752;0.009825;0;0;0;0;0
57.457.407/0001-60;2026-01-01;1;2026-01-31;1;;;;;;;;;;;;;;;;1428981378.75;483511145.24;297360.9512;1626.00752818684;0.000127911487891972;;0.004801;0.004801;;
57.466.934/0001-30;2026-01-01;1;2026-01-30;228;;;;;;;;;;;;;;;;1818430638.06;1707269495.82;124642860;13.6972907699647;9.6E-05;0;-0.000659;-0.004208;0.003549;0
57.469.492/0001-86;2026-01-01;1;2026-01-30;3433;3433;0;0;0;0;0;0;0;0;0;0;0;0;0;0;126862788.09;126655442.21;12085604;10.47986;0.000947;0;0;0;0;0
57.495.006/0001-02;2026-01-01;1;2026-01-31;9;;;;;;;;;;;;;;;;15902152.04;15851961.15;170740;92.8426915192691;0.002528;0;-0.002022;-0.002022;0;0
57.519.008/0001-86;2026-01-01;2;2026-01-30;223;113;4;0;0;0;9;0;0;0;0;0;0;48;48;1;41482699.92;41312696.37;36179;1141.897133;2E-06;0;0;0;0;0
57.545.219/0001-93;2026-01-01;1;2026-01-31;0;;;;;;;;;;;;;;;;0;0;0;0;0;0;0;0;0;0
57.567.076/0001-10;2026-01-01;1;2026-01-30;1;0;0;0;0;0;0;0;0;0;0;0;1;0;0;0;1219778446.37;1001108405.24;6424390;155.829332;5.5E-05;0;0.727823;0.507368;0.220455;0
57.583.846/0001-19;2026-01-01;1;2026-01-30;469;313;0;0;0;0;0;0;0;0;0;0;0;0;156;0;69969339.48;69580874.58;7086568;9.818698;0.000834;0;0.009862;-0.000834;0.010696;0
57.593.613/0001-05;2026-01-01;2;2026-01-30;9254;9252;0;1;0;0;0;0;0;0;0;0;0;1;0;0;441611650.42;346491495.49;3396703;102.008181;0.000854;0;0.019998;0.005079;0.014919;0
57.640.413/0001-58;2026-01-01;1;2026-01-30;1;1;;;;;;;;;;;;;;;28773839.26;25514269.3;700000;36.4489561428571;0.0003;0;0.01344;0.01344;0;0
57.682.963/0001-30;2026-01-01;1;2026-01-30;113;102;3;0;0;0;0;1;0;0;0;0;1;6;0;0;157018156.91;156741659.13;1602566;97.806679;0.001516;0;-0.005158;-0.004902;-0.000256;0
57.683.576/0001-18;2026-01-01;1;2026-01-30;843;;;;;;;;;;;;;;;;93074049.4;91218536.79;8742;10434.5157618394;0.00095;5.6E-05;0.012184;0.012184;0;0
57.811.221/0001-67;2026-01-01;1;2026-01-30;304;291;11;0;0;0;0;0;0;0;0;0;1;1;0;0;188871375.96;188370050.91;1834908.39664467;102.659103448682;9E-05;0;0;0;0;0
57.882.804/0001-89;2026-01-01;1;2026-01-30;1;0;1;0;0;0;0;0;0;0;0;0;0;0;0;0;103019318.59;102920751.28;104100;988.671962;0.000788;0;4E-05;8E-06;3.2E-05;0
57.904.514/0001-99;2026-01-01;1;2026-01-30;1;;;;;;;;;;;;1;;;;973824.25;950475.89;660307.5834;1.43944415283842;0.0105;0;-0.275387;-0.275387;0;0
57.909.000/0001-26;2026-01-01;1;2026-01-30;1;0;0;0;0;0;0;0;0;0;0;0;0;1;0;0;48706545.73;10223570.66;101500;100.724834;0;0;0;0;0;0
57.927.297/0001-52;2026-01-01;1;2026-01-30;42;36;0;0;0;0;0;0;0;0;0;0;0;6;0;0;77322935.99;61957353.27;627261;98.774439;0.001468;0;0;0;0;0
57.965.466/0001-49;2026-01-01;1;2026-01-30;131;;;;;;;;;;;;;;;;116177268;115938331.99;111500.00122399;1039.80565665729;5E-05;5.6E-05;0.002743;-0.002342;0.005085;0
57.976.696/0001-03;2026-01-01;1;2026-01-31;4;;;;;;;;;;;;;;;;21649118.06;20932518.73;21171.5;988.712123845736;0.00163423572868815;;0.003807;0.003807;;
57.977.051/0001-95;2026-01-01;1;2026-01-30;1;;;;;;;;;;;;;1;;;78770024.44;64408541.75;685871.89289701;93.9075393189666;0.00022512541979729;5.43406185717595E-05;-0.003895;-0.003895;0;0
57.979.459/0001-04;2026-01-01;1;2026-01-30;13435;;;;;;;;;;;;;;;;844721471.75;844690597.39;80000000;10.558632467375;1.2E-05;0;0.001471;0.001471;0;0
57.986.419/0001-81;2026-01-01;1;2026-01-30;1;;;;;;;;;;;;;;;;24055414.43;23945858.63;25026.16710871;956.832843238947;0.000626;0.000313;-0.001044;-0.001044;0;0
58.019.792/0001-26;2026-01-01;1;2026-01-30;80;67;10;;;;;;;;;;;3;;;74952388.52;21901308.77;1493;14669.329383791;0.0005;0;-0.008065;-0.008065;0;0
58.022.479/0001-47;2026-01-01;1;2026-01-30;1;0;0;0;0;0;0;0;0;0;0;0;1;0;0;0;58997142.98;58927325.03;10850000;5.43109;0.000294;0;0;0;0;0
58.054.129/0001-62;2026-01-01;1;2026-01-30;3;;;;;;;;;;;;;3;;;210353602.22;38059078.7;3672;10364.6728485839;0.000158;0;0.024396;0.024396;0;0
58.099.321/0001-75;2026-01-01;1;2026-01-30;138;;;;;;;;;;;;;;;;33573757.8;31970699.92;31995092;0.999237630571589;0.001645;6.3E-05;0.014106;0.014106;0;0
58.160.171/0001-68;2026-01-01;1;2026-01-30;1;;1;;;;;;;;;;;;;;292240400.76;2467239.8;100;24672.398;0.0048;0;0.318694;0.318694;0;0
58.197.921/0001-76;2026-01-01;1;2026-01-30;2;0;0;0;0;0;0;0;0;0;0;0;0;2;0;0;37544921.06;37525053.7;38495.8022776;974.783001777707;7.99465877912921E-05;2.66488625970974E-05;-0.025436;-0.025436;0;0
58.198.613/0001-65;2026-01-01;1;2026-01-30;4652;;;;;;;;;;;;;;;;192036586;191862548.31;1938966;98.9509606202481;0.000833;0;0.012284;-0.001341;0.013625;0
58.239.657/0001-96;2026-01-01;1;2026-01-30;100;96;1;2;0;0;0;0;0;0;0;0;0;1;0;0;624602.33;593569.83;145356;4.083559;0.033694;0;0;0;0;0
58.250.751/0001-46;2026-01-01;1;2025-12-31;3;3;0;0;0;0;0;0;0;0;0;0;0;0;0;0;24751269.37;24686685.56;249723.0242;98.85626543;0.000608;0;5.103E-05;-0.01150796;0.01155899;0
58.263.012/0001-99;2026-01-01;1;2026-01-30;1;1;;;;;;;;;;;;;;;406186244.69;2613485.83;100;26134.8583;0.0031;0;0.217141;0.217141;0;0
58.268.583/0001-16;2026-01-01;1;2026-01-30;1;;;1;;;;;;;;;;;;;326226396.74;326164140.86;1237679.80193845;263.528693244539;0.0002;0;0.003571;0.003571;0;0
58.290.688/0001-71;2026-01-01;1;2026-01-30;2854;0;0;0;0;0;0;0;0;0;0;0;0;0;2854;0;126469532.72;126319430.69;1273090;99.222703;0.000789;0;0;0;0;0
58.316.418/0001-92;2026-01-01;1;2026-01-30;9158;9158;0;0;0;0;0;0;0;0;0;0;0;0;0;0;369559757.93;361786180.89;353525;1023.368025;0.000846;0;0.006629;0.003304;0.003325;0
58.350.082/0001-84;2026-01-01;1;2026-01-30;1;0;1;0;0;0;0;0;0;0;0;0;0;0;0;0;99722674.94;66587494.72;68847;967.180774;0.000505;0;0.025634;0.021811;0.003823;0
58.366.499/0001-35;2026-01-01;1;2026-01-31;5470;;;;;;;;;;;;;;;;24663734.75;24343240.41;2536202;9.59830502854268;0.000902300582422749;;0.645399;0.625952;0.019447;
58.372.239/0001-72;2026-01-01;1;2026-01-31;6;;;;;;;;;;;;;;;;17902333.31;17854446.94;18355.60896;972.697063818906;0.002629;0;-0.003965;-0.003965;0;0
58.378.463/0001-71;2026-01-01;1;2026-01-30;2445;2362;64;0;0;1;16;0;0;0;0;0;0;0;0;2;153919755.6;153821916.1;1505000;102.20725322;0.000152;0;0.01640857;0.00743886;0.00896971;0
58.410.974/0001-23;2026-01-01;1;2026-01-31;1;;;;;;;;;;;;;;;;5575763.09;5555165.43;80000;69.439567875;0;;-0.003444;-0.003444;;
58.478.226/0001-82;2026-01-01;1;2026-01-30;2;;;;;;;;;;;;;;;;55397179.09;54565198.75;466994.0532;116.843455;9.6E-05;0;0.01564328;0.01564328;0;0
58.478.291/0001-08;2026-01-01;1;2026-01-30;1;0;0;0;0;0;0;0;0;0;0;0;1;0;0;0;40913788.14;20546845.08;2100000;9.78421194285714;0.0017;0;-0.00182;-0.00182;0;0
58.478.291/0001-08;2026-02-01;1;2026-02-27;1;0;0;0;0;0;0;0;0;0;0;0;1;0;0;0;39728278.05;20521572.82;2100000;9.77217753333333;0.0016;0;-0.001716;-0.001716;0;0
58.495.684/0001-20;2026-01-01;1;2026-01-30;1;0;0;0;0;0;0;0;0;0;0;0;0;1;0;0;20957931.87;12130165.82;13742.13916887;882.698513742199;0.021352;0;-0.002059;-0.002059;0;
58.496.557/0001-45;2026-01-01;1;2026-01-30;2;0;0;0;0;0;0;0;0;0;0;0;2;0;0;0;54196509.19;35959150.74;36930.56106264;973.696302068297;0.000659358334974501;6.41042825669653E-05;0.001128;0.001128;0;0
58.501.860/0001-99;2026-01-01;1;2026-01-30;1;;;;;;;;;;;;;;;;226202185.25;223921623.38;19973705.226;11.21082047;9E-06;0;0.027423;0.01744;0.009983;0
58.523.596/0001-94;2026-01-01;1;2026-01-30;1;1;0;0;0;0;0;0;0;0;0;0;0;0;0;0;4233255.88;3689639.05;4048.05064607;911.460693700075;0.013613057895189;0;-0.002702;-0.002702;0;0
58.523.711/0001-20;2026-01-01;1;2026-01-30;1762;1726;35;0;0;0;1;0;0;0;0;0;0;0;0;0;25122058.03;25100255.39;254927;98.46056083;0.000319;0;-0.00029953;-0.00029953;0;0
58.544.087/0001-48;2026-01-01;1;2026-01-31;1;;;;;;;;;;;;;1;;;24233817.44;7194009.98;9141470.1757;0.786964223667571;0.00784;0;0.002449;0.002449;0;0
58.548.730/0001-01;2026-01-01;1;2026-01-30;1;0;0;0;0;0;1;0;0;0;0;0;0;0;0;0;100793339.31;91217407.43;64269.2704;1419.30049666;0.000165;0;0.01567004;0.01567004;0;0
58.561.054/0001-06;2026-01-01;1;2026-01-31;1;;;;;;;;;;;;;;;;11912323.6;11903194.38;219564;54.212869049571;0.000528;0;0.015556;0.015556;0;0
58.561.237/0001-21;2026-01-01;1;2026-01-31;129;;;;;;;;;;;;;;;;25898660.98;24791315.94;192892;128.524334549904;0.000424;0;0.003678;-0.002424;0.006102;0
58.561.306/0001-05;2026-01-01;1;2026-01-31;1;;;;;;;;;;;;;;;;4284552.62;4275423.4;45977;92.9904821976206;0.001471;0;0.00518;0.00518;0;0
58.561.581/0001-10;2026-01-01;1;2026-01-31;1;;;;;;;;;;;;;;;;5496527.22;5190428.86;48351;107.34894541995;0.001212;0;-0.013101;-0.013101;0;0
58.564.382/0001-66;2026-01-01;1;2026-01-31;1;;;;;;;;;;;;;;;;7983642.95;7972668.98;69802;114.218345892668;0.000789;0;-0.010666;-0.010666;0;0
58.564.425/0001-03;2026-01-01;1;2026-01-31;1;;;;;;;;;;;;;;;;8138712.18;8122318.26;67569;120.207761843449;0.000774;0;-0.010901;-0.010901;0;0
58.568.605/0001-63;2026-01-01;1;2026-01-30;1;0;0;0;0;0;0;0;0;0;0;0;0;1;0;0;2348553.75;2320528.65;279776.987;8.29420845;0.005387;0;-0.00888948;-0.00888948;0;0
58.580.017/0001-45;2026-01-01;1;2026-02-13;33;31;0;0;0;0;0;0;0;0;0;0;0;2;0;0;77032343.41;76960461.18;127311.80566068;604.503728311891;0.000303185813107676;0;-0.000262;-0.000262;0;0
58.580.017/0001-45;2026-02-01;1;2026-02-28;33;31;;;;;;;;;;;;2;;;77035539.96;76906055.03;127311.80566068;604.076382633164;0.0006;0;9.1E-05;9.1E-05;0;0
58.643.797/0001-25;2026-01-01;1;2026-01-30;2540;;;;;;;;;;;;;;;;124767853.02;124262160.78;12682745;9.79773391170445;0.000737;5.2E-05;0.014048;0.001778;0.01227;0
58.863.998/0001-38;2026-01-01;1;2026-01-30;11159;;;;;;;;;;;;;;;;1318030404.32;522686807.97;44375000;11.7788576443944;0.001009;3.6E-05;0.010652;-0.002056;0.012708;0
58.927.139/0001-65;2026-01-01;1;2026-01-30;1;1;0;0;0;0;0;0;0;0;0;0;0;0;0;0;292.18;-370396.89;10;-37039.689;-0.801106267387936;-0.0269980668574188;-0.088132;-0.088132;0;0
59.030.677/0001-15;2026-01-01;1;2026-01-30;2;;;;;;;;;;;;2;;;;40827715.92;40812715.92;32083475;1.27207903507959;0.0004;0;0.00901;-0.000783;0.009793;0
59.090.726/0001-05;2026-01-01;1;2026-01-30;127;107;0;0;0;0;0;0;0;0;0;0;4;16;0;0;582036849;444077970.49;43700000;10.161967;0.000208;0;0.00917;0.001306;0.007864;0
59.137.499/0001-26;2026-01-01;1;2026-01-30;2;;;;;;;;;;;;;;;;1403937.8;1344633.92;1600;840.3962;0.033838;0;-0.00261906;-0.00261906;0;0
59.137.587/0001-28;2026-01-01;1;2026-01-30;3;;;;;;;;;;;;2;1;;;140218354.71;140200617.65;1425000;98.386398;0.000119;0;0.00344039;0.00344039;0;0
59.139.645/0001-52;2026-01-01;1;2026-01-30;1;;;;;;;;;;;;;1;;;60873724.29;60845354.74;51501.56505447;1181.4272959598;0.0001;0;-0.000654;-0.000654;0;0
59.158.574/0001-35;2026-01-01;1;2026-01-30;115;;;;;;;;;;;;;;;;424374957.16;423687111.59;4268696;99.2544588769029;0.001241;0;0.016204;0.007482;0.008722;0
59.196.234/0001-07;2026-01-01;1;2026-01-30;7639;;;;;;;;;;;;;;;;318288667.16;318211155.05;3049473;104.349556480743;3.1E-05;0;0.008954;0.001394;0.00756;0
59.202.651/0001-07;2026-01-01;1;2026-01-30;123;122;0;0;0;0;0;0;0;0;0;0;0;1;0;0;21416157.65;21104117.53;200490;105.262694049579;0.000767622715186803;8.52914127985336E-05;0.009712;0.009712;0;0
59.255.025/0001-89;2026-01-01;1;2026-01-30;25;23;1;;;;;;;;;;1;;;;21723533.19;13993619.56;74712;187.300829317914;0.0007;0;-0.014259;-0.014259;0;0
59.269.477/0001-10;2026-01-01;1;2026-01-30;2;;2;;;;;;;;;;;;;;12787638.57;12765138.57;12893.24614936;990.06397784732;0.0006;0;-0.002266;-0.002266;0;0
59.337.307/0001-25;2026-01-01;1;2026-01-30;501;500;0;0;0;0;0;0;0;0;0;0;0;0;0;1;58023335.65;55986519.26;577656;96.920173;0.001301;0;0;0;0;0
59.604.698/0001-05;2026-01-01;1;2026-01-30;5952;;;;;;;;;;;;;;;;184376932.79;181695165.85;1814210;100.151121342072;0.001006;0;0.013008;2.7E-05;0.012981;0
59.658.166/0001-42;2026-01-01;1;2026-01-30;9942;9262;0;0;0;0;0;0;0;0;0;0;1;0;678;1;1069301609.01;997556213.01;79185608;12.597696;0.00072;0;-0.072305;-0.038859;-0.033446;0
59.663.265/0001-12;2026-01-01;1;2026-01-30;1;;;;;;;;;;;;;;;1;17902622.3;17880256.32;17588;1016.61680236525;0.0004;0;0.014074;0.012969;0.001105;0
59.669.570/0001-11;2026-01-01;1;2026-01-30;832;806;21;1;0;0;3;0;0;0;0;0;0;0;0;1;36588796.78;36528580.97;360110;101.43728575;0.000356;0;0.01246938;0.00356527;0.00890411;0
59.678.443/0001-89;2026-01-01;1;2026-01-30;111;;;;;;;;;;;;;;;;2982283964.24;2817912444.17;26401271;106.733969139971;5.8E-05;2.5E-05;0.045417;0.020474;0.024943;0
59.678.586/0001-90;2026-01-01;1;2026-01-31;3;;2;;;;;;;;;;;1;;;85277531.89;85153911.85;86475;984.722889274357;0.00041;0;-0.001422;-0.001422;0;0
59.680.687/0001-04;2026-01-01;1;2026-01-30;24;;;;;;;;;;;;;;;;133174086.26;129827464.48;1359951.9927;95.4647407973903;0.000116;0;-0.002775;-0.002775;0;0
59.693.395/0001-06;2026-01-01;1;2026-01-30;1;0;0;0;0;0;0;0;0;0;0;0;0;1;0;0;21611166.45;12932499.78;12302.84266828;1051.17980687044;0.000851;0;0.005247;0.005247;0;
59.718.930/0001-28;2026-01-01;1;2026-01-30;1;0;0;0;0;0;0;0;0;0;0;0;1;0;0;0;2906945.47;2795050.77;439533;6.359137;0.031024;0;0;0;0;0
59.890.241/0001-04;2026-01-01;1;2026-01-30;2;;;;;;;;;;;;;2;;;4900430.88;4890171.48;107992.76068164;45.2824008677406;0.001534;0;-0.001644;-0.001644;0;0
59.891.323/0001-65;2026-01-01;1;2026-01-30;1;;;;;;;;;;;;;1;;;1704903.12;1611006.63;53996.3804082;29.8354559661438;0.004655;0;-0.005272;-0.005272;0;0
59.891.409/0001-98;2026-01-01;1;2026-01-30;1;;;;;;;;;;;;;1;;;1722660.74;1628707.42;161989.14102246;10.0544234614725;0.004605;0;-0.005219;-0.005219;0;0
59.987.139/0001-13;2026-01-01;1;2026-01-30;1329;;;;;;;;;;;;;;;;560876935.45;548889686.49;425171;1290.9857127838;0.001267;0;0.021219;0.000797;0.020422;0
60.027.987/0001-60;2026-01-01;1;2026-01-30;8074;8073;0;0;0;0;0;0;0;0;0;0;0;0;0;1;593215728.23;588229217.63;58377030;10.076381;0.000931;0;0;0;0;0
60.077.386/0001-61;2026-01-01;1;2026-01-30;647;;;;;;;;;;;;;;;;51003690.92;50940655;5000000;10.188131;0.000939;0;0.00781503;-0.0053646;0.01317963;0
60.079.651/0001-40;2026-01-01;1;2026-01-30;4116;;;;;;;;;;;;;;;;167103874.54;166981872.14;1660390;100.567861851734;0.000415;0;0.005879;-0.005982;0.011861;0
60.117.144/0001-54;2026-01-01;1;2026-01-31;2;0;0;0;0;0;0;0;0;0;0;0;0;0;0;0;1364386.84;1359386.84;20000;67.969342;0.00366;1.8E-05;-0.146063;-0.146063;0;0
60.127.177/0001-85;2026-01-01;1;2026-01-30;456;455;0;0;0;0;0;0;0;0;0;0;0;0;0;1;56388256.39;56276998.59;5762063;9.766814;0.001188;0;0;0;0;0
60.176.399/0001-98;2026-01-01;1;2026-01-30;3448;;;;;;;;;;;;;;;;400454535.22;396051179.11;405905;975.723824811224;8.4E-05;0;0.008412;-0.001837;0.010249;0
60.220.343/0001-93;2026-01-01;2;2026-01-30;4;;;;;;;;;;;;;;;;77410094.22;77310982.78;487293.6737;158.65377894;0.001118;0;-0.000479;-0.000479;0;0
60.329.826/0001-20;2026-01-01;1;2026-01-30;24;0;2;0;0;0;0;2;6;14;0;0;0;0;0;0;339689806.24;339305070.75;33675336;10.075774;0.001082;0;0.036328;0.016923;0.019405;0
60.355.424/0001-09;2026-01-01;1;2026-01-30;135;133;;;;;1;;;;;;1;;;;112878721.44;112777290.18;11112000;10.1491441846652;0.000146306051277388;2.2167583526877E-05;0.011139;0.011139;0;0
60.373.688/0001-87;2026-01-01;1;2026-01-30;2687;2590;24;;;;1;;;;;;;1;;;147253032.28;146465499.23;1350000;108.492962392593;0.0001;0;0.011131;0.011131;0;0
60.413.964/0001-93;2026-01-01;1;2026-01-30;1;0;0;0;0;0;1;0;0;0;0;0;0;0;0;0;200138053.43;199714747.73;2003378.4043;99.68897903;0.0002;1E-05;0.02300379;0.01257665;0.01042714;-0.942607
60.480.984/0001-87;2026-01-01;1;2026-01-30;1491;1483;8;;;;;;;;;;;;;;31375977.44;31175865.14;290000;107.502983241379;0.0003;0;0.011837;0.011837;0;0
60.513.922/0001-24;2026-01-01;1;2026-01-30;5925;;;;;;;;;;;;;;;;236267325.37;236224146.61;2396872;98.5551780028304;5.5E-05;0;-0.006447;-0.015735;0.009288;0
60.522.814/0001-18;2026-01-01;1;2026-01-30;1;;;;;;;;;;;;;1;;;1151115.17;1130567.58;1214.80242558;930.659633364016;0.0088;0;0.022538;0.022538;0;0
60.535.430/0001-30;2026-01-01;1;2026-01-30;8799;;;;;;;;;;;;;;;;408164053.99;407676496.18;4017685;101.470497607453;0.000995;0;0.013718;0.000506;0.013212;0
60.551.924/0001-08;2026-01-01;1;2026-01-30;2;;;;;;;;;;;;;;2;;316810078.62;314390258.33;3195829;98.3751816289295;0.00054;0;-0.016126;-0.017215;0.001089;0
60.619.575/0001-19;2026-01-01;1;2026-01-30;136;;;;;;;;;;;;;;;;536546706.84;212264116.25;154572;1373.23782;0.001666;0;-0.00740217;-0.00740217;0;0
60.619.652/0001-30;2026-01-01;1;2026-01-30;2;;;;;;;;;;;;;;;;720784850.91;285483350.28;234107705;1.219453;4.3E-05;0;0.01755005;0.01755005;0;0
60.750.887/0001-67;2026-01-01;1;2026-01-30;16;9;;;;;;;;;;;5;1;;1;471199321.75;71087708.13;3600;19746.5855916667;0.0004;0;-0.050659;-0.050659;0;0
60.801.196/0001-45;2026-01-01;1;2026-01-30;294;291;0;0;0;0;0;2;0;0;0;0;0;1;0;0;44827273.11;43859796.99;422144;103.897715;0.001036;0;0;0;0;0
60.868.732/0001-20;2026-01-01;1;2026-01-30;1;0;0;0;0;0;0;0;0;0;0;0;1;0;0;0;172880992.03;6407832.33;75000;85.437764;0.011578;0;0.496511;0.236512;0.259999;0
60.871.972/0001-83;2026-01-01;1;2026-01-30;344;308;4;0;0;0;4;0;0;0;0;0;1;27;0;0;114669085.09;114630876.09;103504;1107.501895;0.000157;0;0;0;0;0
60.922.008/0001-37;2026-01-01;2;2026-01-30;13053;11110;0;0;0;0;0;0;0;0;0;0;1;0;1940;2;1150028621.9;1060721096.1;100410297;10.563868;0.00025;0;-0.174688;-0.177986;0.003298;0
60.958.603/0001-22;2026-01-01;1;2026-01-30;382;;;;;;;;;;;;;;;;44688198.01;39871729.83;402978.78445213;98.9425035965792;0.000376;0;-0.004244;-0.004244;0;0
61.007.289/0001-65;2026-01-01;1;2026-01-30;1;0;0;0;0;0;0;0;0;0;0;0;1;0;0;0;215668446.83;215647676.28;26854527;8.03021688968865;7.51225344944858E-05;8.34694827716509E-06;-0.00011;-0.00011;0;0
61.008.232/0001-80;2026-01-01;1;2026-01-30;1;0;0;0;0;0;0;0;0;0;0;0;1;0;0;0;217793632.48;217756442.66;28453961.715;7.65293932848746;2.89314057625228E-05;3.21460064028032E-06;-0.000287;-0.000287;0;0
61.090.977/0001-31;2026-01-01;1;2026-01-30;54;21;;;;;;;;;;;2;2;;29;94668422.91;91833329.55;897446;102.327415298525;0.000239564438181693;3.26678779338672E-05;0.019036;0.019036;0;0
61.103.762/0001-08;2026-01-01;1;2026-01-30;1;;;;;;;;;;;;;;;;84841076.47;84829263.85;850000.06909462;99.7991258287263;0.000118;0;-0.000148;-0.000148;0;0
61.112.477/0001-53;2026-01-01;1;2026-01-30;1;;;;;0;;;;;;;;;;;174169089.62;173147843.97;171520;1009.49069478778;0.000202;0.000297;-0.017263;-0.017263;0;0
61.232.706/0001-73;2026-01-01;1;2026-01-30;1540;;;;;;;;;;;;;;;;102088324.66;101966624.94;1025388;99.4419916558415;0.001007;0;0.008447;-0.00328;0.011727;0
61.238.364/0001-07;2026-01-01;1;2026-01-30;191;;;;;;;;;;;;;;;;728161680.99;719726082.96;7070000;101.800011734088;0.000166;0;0.024737;0.013074;0.011663;0
61.245.120/0001-43;2026-01-01;1;2026-01-30;3359;;;;;;;;;;;;;;;;511789832.05;505786343.32;5000000;101.157268664;0.000166;0;0.022614;0.011047;0.011567;0
61.247.681/0001-81;2026-01-01;1;2026-01-30;1;0;0;0;0;0;0;0;0;0;0;0;0;1;0;0;240120520.7;34490786.94;379683.9798;90.84077489;0.000385;0;-0.05680636;-0.05680636;0;0
61.248.346/0001-06;2026-01-01;1;2026-01-30;1;0;0;0;0;0;0;0;0;0;0;0;0;1;0;0;1857478.8;1857478.8;1908633.62530996;0.973198195488329;0;0;1.5E-05;1.5E-05;0;0
61.248.346/0001-06;2026-02-01;1;2026-02-27;1;0;0;0;0;0;0;0;0;0;0;0;0;1;0;0;1857580.99;1857580.99;1908633.62530996;0.973251736408202;0;0;7E-05;7E-05;0;0
61.250.889/0001-50;2026-01-01;3;2026-01-30;13369;13368;0;0;0;0;0;0;0;0;0;0;0;0;0;1;559088625.87;558742338.28;550337;1015.273075;0.000583;0;0.009461;0.000191;0.00927;0
61.271.000/0001-10;2026-01-01;1;2026-01-30;99;;;;;;;;;;;;;;;;32586217.55;23874574.25;32725;729.55154316272;0.0005;0;-0.000396;-0.000396;0;0
61.272.053/0001-56;2026-01-01;1;2026-01-30;51;51;0;0;0;0;0;0;0;0;0;0;0;0;0;0;11240561.92;11236332.14;102016.62907893;110.142162522411;0.000355988052877191;0;0.009731;0.009731;0;0
61.272.053/0001-56;2026-02-01;1;2026-02-28;5;;;;;;;;;;;;;5;;;11283275.33;11273284.94;102016.6290789;110.504385822053;0.0009;0;-0.004429;-0.004429;0;0
61.272.325/0001-18;2026-01-01;2;2026-01-30;352;101;0;2;;;;;;;;;5;;;244;411782368.54;297545672.13;2800000;106.26631147;0.000844;0;0.01899;0.000485;0.018505;0
61.293.720/0001-87;2026-01-01;1;2026-01-30;4;2;1;;;;;;;;;;1;;;;567528133.84;69496800.83;2400100;28.9557938544227;0;0;0.034093;0.034093;0;0
61.305.758/0001-22;2026-01-01;1;2026-01-30;101;98;2;0;0;0;0;0;0;0;0;0;0;0;0;1;20452385.49;19140236.14;0;0;0.002769;0;0;0;0;0
61.305.996/0001-38;2026-01-01;1;2026-01-30;120;120;0;0;0;0;0;0;0;0;0;0;0;0;0;0;22850465.37;21187163.38;0;0;0.002502;0;0;0;0;0
61.424.730/0001-04;2026-01-01;1;2026-01-30;9819;;;;;;;;;;;;;;;;353623846.91;353592538.73;34774460;10.1681676359604;3.4E-05;0;0.008917;0.001388;0.007529;0
61.453.937/0001-07;2026-01-01;1;2026-01-30;3956;;;;;;;;;;;;;;;;170434849.12;170385583.58;16788734;10.1488047627653;7.6E-05;0;0.013071;-0.000228;0.013299;0
61.458.257/0001-86;2026-01-01;1;2025-12-31;1;0;0;0;0;0;0;0;0;0;0;0;1;0;0;0;174563011.39;7947383.92;104;76417.15307692;0.002667;0;-0.23922047;-0.28961993;0.05039946;0
61.458.298/0001-72;2026-01-01;1;2025-12-31;9;3;0;0;0;0;5;0;0;0;0;0;1;0;0;0;18926934.28;18919036.16;122515.9219;154.42104063;0.000386;0;-0.19970402;-0.22225734;0.02255332;0
61.516.271/0001-99;2026-01-01;1;2026-01-30;;;;;;;;;;;;;;;;;821651209.53;437023465.56;40856670;10.6965023228765;0.000995;0;-0.007316;-0.013174;0.005858;0
61.516.444/0001-79;2026-01-01;1;2026-01-30;4;3;1;;;;;;;;;;;;;;17108937.36;17101794.52;16834683;1.01586673892226;0.0002;0;0;0;0;0
61.518.537/0001-32;2026-01-01;1;2026-01-30;17;;;;;;;;;;;;;;;;128082093.37;106647241.49;967914;110.182559080662;0.004392;-2.5E-05;-0.003429;-0.003429;0;0
61.530.579/0001-99;2026-01-01;1;2026-01-30;1;;;;;;;;;;;;;1;;;12963279.98;12929279.98;13000;994.559998461538;0.0009;0;-0.000379;-0.000379;0;0
61.537.964/0001-68;2026-01-01;1;2026-01-30;3;0;0;0;1;0;0;0;0;0;0;0;0;2;0;0;45838938.32;45821271.66;21534.26966918;2127.8303078734;0.000356;0;-7.9E-05;-7.9E-05;0;
61.594.920/0001-70;2026-01-01;1;2026-01-30;1;0;0;0;0;0;0;0;0;0;0;0;0;1;0;0;286019.18;235019.18;1477306.25628467;0.159086295749575;0.0765894936745163;0.0127649156124194;-0.078002;-0.078002;0;0
61.667.274/0001-23;2026-01-01;1;2026-01-30;105;103;0;0;0;0;1;0;0;0;0;0;1;0;0;0;39284953.18;30343771.26;31030.3832;977.87291465;0.000657;0;-0.00735988;-0.00735988;0;0
61.702.958/0001-19;2026-01-01;1;2026-01-31;1;;;;;;;;;;;;;1;;;17590844.84;17561844.84;55.9198184;314054.039202674;0.00091;0;-0.024185;-0.024185;0;0
61.761.762/0001-03;2026-01-01;1;2026-01-30;1;0;0;0;0;0;0;0;0;0;0;0;0;1;0;0;214891107.61;214780682.34;214994420.576189;0.999005842869707;0.0001;0;0.057187;0.057187;0;0
61.762.309/0001-03;2026-01-01;1;2026-01-30;1;;;;;;;;;;;;;;;;71840932.09;71324057.09;815800;87.4283612282422;0.000182266692759723;2.80410296553421E-05;0.047403;0.047403;0;0
61.781.547/0001-66;2026-01-01;1;2026-01-30;1;;;;;;;;;;;;;;;;171231733.37;111039058.87;59222.52504065;1874.94637882771;5.40350401116472E-05;1.80116800372157E-05;0.004578;0.004089;0.000489;0
61.793.651/0001-70;2026-01-01;1;2026-01-30;145;145;0;0;0;0;0;0;0;0;0;0;0;0;0;0;32828924.29;32659452.47;324034;100.790202;0.000762;0;0;0;0;0
61.796.062/0001-46;2026-01-01;1;2026-01-30;1;;;;;;;;;;;;;1;;;769496.15;717041.6;1007201.96335847;0.711914418444;0.0112;0;-0.255615;-0.255615;0;0
61.816.615/0001-85;2026-01-01;1;0001-01-01;9;0;0;9;0;0;0;0;0;0;0;0;0;0;0;0;8123160.09;8095638.73;0;0;0.0034;0;0;0;0;0
61.820.010/0001-68;2026-01-01;1;2026-01-30;3;;;;;;;;;;;;;;;;124219369.62;124071594.98;1230700;100.813841699846;0.000121;0;0.015546;0.002529;0.013017;0
61.839.325/0001-57;2026-01-01;1;2026-01-30;3;2;1;;;;;;;;;;;;;;4006383.8;4005517.13;268.39331329;14924.0570895744;0.001;0;0.001255;0.001255;0;0
61.848.349/0001-72;2026-01-01;1;2026-01-30;8841;;;;;;;;;;;;;;;;444169230.49;436069526.37;4374650;99.6810090795835;0.001007;0;0.007116;-0.003876;0.010992;0
61.865.925/0001-90;2026-01-01;1;2026-01-30;;;;;;;;;;;;;;;;;304802628.58;304751518.85;6466757.66944887;47.1258603503496;7.8E-05;0;-0.056611;-0.056611;0;0.105672
61.876.419/0001-04;2026-01-01;1;2026-01-31;1;;;;;;;;;;;;;1;;;491281.03;461281.03;5;92256.206;0;0;-0.013628;-0.013628;0;0
61.911.799/0001-62;2026-01-01;1;2026-01-30;2;;;;;;;;;;;;;;;;920407864.99;918655685.15;9071428;101.269137025615;0.000675;0;0.013895;0.012998;0.000897;0
61.912.292/0001-23;2026-01-01;1;2026-01-30;4;;;;;;;;;;;;;;;;218506023.22;213191509.6;1950000.078;109.328974908892;0.000731;0;0.050828;0.038386;0.012442;0
61.918.522/0001-61;2026-01-01;1;2026-01-30;6;;;;;;;;;;;;;;;;744420066.27;732749680.95;7500000;97.69995746;0.001246;0;0.007744;-0.002213;0.009957;0
61.922.643/0001-87;2026-01-01;1;2026-01-30;11493;;;;;;;;;;;;;;;;572316857.64;572267935.87;5625000;101.736521932444;2.3E-05;1.1E-05;0.012556;-0.000219;0.012775;0
61.974.505/0001-41;2026-01-01;1;2026-01-31;1;;;;;;;;;;;;;;;;15601033.44;15567801.14;15600;997.935970512821;0.000963527210111832;;3.7E-05;3.7E-05;;
62.017.234/0001-07;2026-01-01;1;2026-01-30;2;;;;;;;;;;;;;;;;593497096.27;592851016.36;5936500;99.865411666807;0.001078;0;0.013245;0.003243;0.010002;0
62.021.906/0001-40;2026-01-01;1;2026-01-30;10996;;;;;;;;;;;;;;;;504591925.51;504560217.35;5000000;100.91204347;3E-05;1.3E-05;0.010121;0.000417;0.009704;0
62.064.773/0001-99;2026-01-01;1;2026-01-30;3;;;;;;;;;;;;;;;;196859210.43;195784553.58;1871000;104.641664126136;0.000179;2.1E-05;0.031968;0.024138;0.00783;0
62.082.124/0001-10;2026-01-01;1;2026-01-30;151;;;;;;;;;;;;;;;;273064650.47;88200510.82;991249;88.9791675149231;0.001012;2.5E-05;0.008858;-0.004787;0.013645;0
62.105.992/0001-79;2026-01-01;1;2026-01-30;2;;;;;;;;;;;;2;;;;41362332.2;41336182.03;411350.0946;100.489054390994;0.000241918810807017;6.04797027017543E-05;0.01485;0.01485;0;0
62.145.710/0001-67;2026-01-01;1;2026-01-30;1;0;0;0;0;0;1;0;0;0;0;0;0;0;0;0;1186270.44;1138762.07;1200;948.96839167;0.017563;0;-0.03573213;-0.03573213;0;0
62.161.749/0001-78;2026-01-01;1;2026-01-30;7;2;3;;;;;;;;;;1;1;;;99803587.76;99787997.47;1000116.2706;99.776396;0.0001;0;-0.00770381;-0.00770381;0;0
62.173.370/0001-88;2026-01-01;1;2026-01-31;6;0;0;0;0;0;0;0;0;0;0;0;0;0;0;0;91072090.97;35878733.85;3600000;9.96631495833333;0.000229;0;-0.005111;-0.005111;0;0
62.173.916/0001-09;2026-01-01;1;2026-01-30;8663;8663;0;0;0;0;0;0;0;0;0;0;0;0;0;0;402015551.59;401602859.25;380990;1054.103413;0.00099;0;0.013505;0.009833;0.003672;0
62.203.816/0001-70;2026-01-01;1;2026-01-30;1;;;;;;;;;;;;;1;;;3000143.81;2992667.62;9150.79312998;327.039151414686;0;0;0;0;0;0
62.206.618/0001-60;2026-01-01;1;2026-01-30;10610;;;;;;;;;;;;;;;;2113426438.11;2103025098.07;20960329;100.333591999916;5.5E-05;0;0.009616;0.00262;0.006996;0
62.235.730/0001-29;2026-01-01;1;2026-01-30;127;121;1;0;0;0;4;0;0;0;0;0;1;0;0;0;146717429.93;138211830.42;1150000;120.18420037;0.000154;0;-0.0476662;-0.05320522;0.00553902;0
62.252.669/0001-28;2026-01-01;1;2026-01-30;2144;;;;;;;;;;;;;;;;118299880.51;118180718;1173156;100.737427929448;0.000748;0;0.00155;0.00155;0;0
62.254.106/0001-79;2026-01-01;1;2026-01-30;6;3;;;;;;;;;;;;3;;;33093614.01;30982076.91;310000;99.9421835806452;0.000258213806106003;6.45534515265007E-05;-0.000626;-0.000626;0;0
62.293.353/0001-84;2026-01-01;1;2026-01-30;2;;;;;;;;;;;;;;;;181285201.16;180813599.57;1800000;100.45199976;0.00072;0;0.01187627;0.00378222;0.00809405;0
62.296.221/0001-06;2026-01-01;1;2026-01-30;8;4;1;;;;;;;;;;;3;;;42011374.1;22160640.37;32.44683258;682983.163776043;0.0005;0;96.133012;96.133012;0;0
62.305.611/0001-03;2026-01-01;2;2026-01-30;5577;5577;0;0;0;0;0;0;0;0;0;0;0;0;0;0;195947682.29;189079764.91;1883652;100.379351;0.001275;0;0.011833;0.000297;0.011536;0
62.308.074/0001-47;2026-01-01;1;2026-01-30;11896;;;;;;;;;;;;;;;;735088007;734981920.18;65537085;11.2147484158015;5E-05;3E-06;0.020455;0.011436;0.009019;0
62.334.936/0001-06;2026-01-01;1;2026-01-31;1;;;;;;;;;;;;;;;;13719159.58;13532651.36;13400;1009.89935522388;0.00110843024038417;;0.009898;0.009898;;
62.363.267/0001-09;2026-01-01;1;2026-01-30;1;;;;;;;;;;;;;1;;;20152727.1;13475227.1;137100;98.2875791393144;0.000705;0;0.045649;0.045649;0;0
62.364.712/0001-47;2026-01-01;1;2026-01-30;3;;;;;;;;;;;;;1;;2;409134698.58;147828920.13;14991799.66;9.86065205529834;0.0001;0;-0.005089;-0.005089;0;0
62.385.601/0001-17;2026-01-01;1;2026-01-30;1;;;;;;;;;;;;;1;;;139273010.56;15418344.32;11850;1301.12610295359;0.0021;0;0.1174;0.1174;0;0
62.385.601/0001-17;2026-02-01;1;2026-02-28;1;;;;;;;;;;;;;1;;;141900489.95;18654630.93;13314.9746;1401.0264000053;0;0;0.0767;0.0767;0;0
62.429.810/0001-15;2026-01-01;1;2026-01-30;2;2;;;;;;;;;;;;;;;88985371.4;88947991.42;942500;94.3745267055703;0.0001;0;0.028588;0.028588;0;0
62.452.316/0001-71;2026-01-01;1;2026-01-30;105;;;;;;;;;;;;;;;;35873692.68;35840313.53;353779.6771095;101.306875009971;0.000712;0.000133;0.011898;0.011898;0;0
62.455.533/0001-15;2026-01-01;1;2026-01-31;3;1;0;0;0;0;2;0;0;0;0;0;0;0;0;0;58634025.34;56074175.36;524510.3867;106.907654799355;0.000446;0;-0.000161;-0.000161;0;0
62.502.267/0001-34;2026-01-01;1;2026-01-30;1;0;0;0;0;0;0;0;0;0;0;0;1;0;0;0;55249356.48;53772344.2;379620;141.647817;0.000186;0;0;0;0;0
62.526.654/0001-00;2026-01-01;1;2026-01-30;18427;;;;;;;;;;;;;;;;914785914.49;914731064.14;8761367;104.405061920132;1.4E-05;0;0.008535;0.00148;0.007055;0
62.529.006/0001-08;2026-01-01;1;2026-01-30;17;;;;;;;;;;;;;;;;86727466.23;86711627.26;175387.00000001;494.401678915741;0.000173;0;0.170124;0.170124;0;0
62.547.973/0001-00;2026-01-01;1;2026-01-31;1;;;;;;;;;;;;;1;;;13461665.8;13450029.44;3182.95212176;4225.64616918047;0;0;-0.013628;-0.013628;0;0
62.572.251/0001-06;2026-01-01;1;2026-01-30;3;3;0;0;0;0;0;0;0;0;0;0;0;0;0;0;155297442.69;155098873.94;20;7754943.697;0;0;0;0;0;0
62.572.288/0001-26;2026-01-01;1;2026-01-30;1;1;0;0;0;0;0;0;0;0;0;0;0;0;0;0;48780685.16;48680396.93;200;243401.98465;0.00656;0;0;0;0;0
62.603.652/0001-78;2026-01-01;1;2026-01-30;3;;;;;;;;;;;;;;;;341946047.58;198956638.76;2053000;96.910718;0.001483;0;0.002791;0.002791;0;0
62.662.477/0001-90;2026-01-01;1;2026-01-31;84;;;;;;;;;;;;;;;;113033074.34;92020176.6;969847;94.8811272293465;0.000834;0;-0.000669;-0.001406;0.000737;0
62.683.216/0001-56;2026-01-01;1;2026-01-30;3;;;;;;;;;;;;;;;;377824118.87;371039014.67;3700000;100.280814775676;0.000125;4E-05;0.046363;0.044098;0.002265;0
62.731.360/0001-10;2026-01-01;1;2026-01-30;2353;;;;;;;;;;;;;;;;169971166.73;169683937.62;1664396;101.949258241428;0.001497;0;0.004188;0.004188;0;0
62.736.870/0001-80;2026-01-01;1;2026-01-30;1;0;0;0;0;0;0;0;0;0;0;0;0;1;0;0;55539798.29;55494403.14;155559;356.741835;0.000809;0;0;0;0;0
62.739.410/0001-06;2026-01-01;1;2026-01-30;6515;;;;;;;;;;;;;;;;288819386.94;288786044.26;2775000;104.067042976577;4.5E-05;0;0.009565;0.00215;0.007415;0
62.754.323/0001-28;2026-01-01;1;;;;1;;;;;;;;;;;;;;323680.96;315680.96;375000;0.841815893333333;0.00019;6.3E-05;-0.050081;-0.050081;0;0
62.805.438/0001-02;2026-01-01;1;2026-01-31;;;;;;;;;;;;;;;;;0;0;1;0;0;0;-0.013628;-0.013628;0;0
62.808.826/0001-39;2026-01-01;1;2026-01-30;351;346;2;0;0;0;2;0;0;0;0;0;1;0;0;0;25768766.06;25530324.67;300060;85.084065;0.008633;0;-0.158027;-0.151458;-0.006569;0
62.811.491/0001-08;2026-01-01;1;2026-01-30;1;0;0;0;0;0;0;0;0;0;0;0;1;0;0;0;101860587.53;70502110.42;6939200;10.15997671;0.000283;0;0.0033661;0.0033661;0;0
62.855.536/0001-46;2026-01-01;1;2026-01-30;11330;11330;0;0;0;0;0;0;0;0;0;0;0;0;0;0;408683462.68;408265935;395110;1033.296892;0.00099;0;0.013764;0.010073;0.003691;0
62.864.543/0001-04;2026-01-01;1;2026-01-30;42;41;0;0;0;0;0;0;0;0;0;0;1;0;0;0;1325962.72;660249.73;6680.5145;98.83216733;0;0;-0.01167833;-0.01167833;0;0
62.883.138/0001-33;2026-01-01;1;2026-01-30;2549;;;;;;;;;;;;;;1903;;255629660.02;255550660.02;2532000;100.928380734597;3.5E-05;0;0.016843;0.008885;0.007958;0
62.894.743/0001-00;2026-01-01;1;2026-01-30;1;0;0;0;0;0;0;0;0;0;0;0;0;1;0;0;1216623979.6;1191743375.4;1212349.54980515;983.003107966294;2E-05;0;0;0;0;0
62.935.643/0001-84;2026-01-01;1;2026-01-30;1;0;0;0;0;0;0;0;0;0;0;0;0;1;0;0;471942569.59;214903442.2;2180200;98.570517475461;0.000240961380003433;3.57355374180228E-05;-0.000762;-0.000762;0;0
62.950.991/0001-20;2026-01-01;1;2026-01-30;2;;;;;;;;;;;;;;;;973142472.71;972974889.75;9999075.859405;97.3064814619676;0;0;-0.02152;-0.028707;0.007187;0
62.951.756/0001-73;2026-01-01;1;2026-01-30;1769;1719;46;0;0;0;1;0;1;0;0;0;1;0;0;1;80444726.03;63671292.08;627751;101.4276235;0.000278;0;0.01455618;0.01455618;0;0
62.952.567/0001-15;2026-01-01;1;2026-01-30;1;0;0;0;0;0;0;0;0;0;0;0;1;0;0;0;61780131.89;61746798.56;6105945;10.11257;0.000324;0;0;0;0;0
62.959.750/0001-42;2026-01-01;1;2026-01-30;923;905;15;;1;;;;;;;;1;1;;;114335261.15;114258356.18;1159297.12518906;98.5583020068014;0.0001;0;-0.0004;-0.0004;0;0
62.959.750/0001-42;2026-02-01;1;2026-01-30;923;903;17;;1;;;;;;;;1;1;;;114278059.52;114207669.94;1159297.12518906;98.5145804802844;0.0001;0;-0.000443;-0.000443;0;0
62.962.772/0001-61;2026-01-01;1;2026-01-31;1;;;;;;;;;;;;;;;;16729800.88;4250399.38;310957.00000392;13.6687689292938;0.00258327489215849;;-0.739138;-0.739138;;
62.992.889/0001-98;2026-01-01;2;2026-01-30;2;0;0;0;0;0;0;0;0;0;0;0;2;0;0;0;1168172921.95;1167101855.7;11914710;97.954701;0.000907;0;0.000779;-0.00846;0.009239;0
62.995.191/0001-26;2026-01-01;1;2026-01-30;32;;;;;;;;;;;;;;;;319134407.55;316575388.79;3165000;100.023819522907;7.3E-05;0;-1.9E-05;-1.9E-05;0;0
62.995.712/0001-45;2026-01-01;1;2026-01-30;12769;;;;;;;;;;;;;;;;1022005571.62;1021899019.69;10000000;102.189901969;2.5E-05;0;0.009688;0.00162;0.008068;0
63.009.499/0001-18;2026-01-01;1;2026-01-30;1911;;;;;;;;;;;;;;;;303029747.19;303027123.66;3000000;101.00904122;0;0;0.003144;0.003144;0;0
63.032.672/0001-07;2026-01-01;1;2026-01-30;262;262;0;0;0;0;0;0;0;0;0;0;0;0;0;0;114413768.02;114388768.02;1131937;101.055773;0.000219;0;0;0;0;0
63.034.061/0001-90;2026-01-01;1;2026-01-30;2;0;0;0;0;0;2;0;0;0;0;0;0;0;0;0;135797787.64;135750345.46;1280627.0288;106.00303008;0.000163;0;0.0029942;-0.00330548;0.00629968;0
63.034.711/0001-05;2026-01-01;1;2026-01-30;1;0;0;0;0;0;0;0;0;0;0;0;0;1;0;0;33123343.04;33117343.04;331233.4304;99.9818858863589;0.000181173954467091;0;-0.000181;-0.000181;0;0
63.051.078/0001-55;2026-01-01;1;2026-01-31;1;;;;;;;;;;;;;;;;54084133.04;53873703.55;80000;673.421294375;0;;0;0;;
63.104.203/0001-48;2026-01-01;1;2026-01-30;2478;;;;;;;;;;;;;;;;187736476.52;187510142.6;18629097;10.0654445355027;0.000863;0;0.00732;-0.005524;0.012844;0
63.105.082/0001-59;2026-01-01;2;2026-01-30;1;;;;;;;;;;;;;;;;12507662.41;12405087.76;124282;99.81403389;0.001209;0;-0.001531;-0.001531;0;0
63.134.454/0001-75;2026-01-01;1;2026-01-30;1;;;;;;;;;;;;1;;;;221852440.04;221788786.12;228742505.2;0.969600232042925;0.0002;0;-0.002514;-0.002514;0;0
63.168.672/0001-20;2026-01-01;1;2026-01-30;1;0;1;0;0;0;0;0;0;0;0;0;0;0;0;0;11333459.7;-823040.3;30;-27434.6766666667;0.0371;0.0012;-8.283931;-8.283931;0;0
63.168.672/0001-20;2026-02-01;1;2026-02-27;1;0;1;0;0;0;0;0;0;0;0;0;0;0;0;0;-546305.63;-594805.63;30;-19826.8543333333;0.0505;0.0017;-0.57501;-0.57501;0;0
63.225.091/0001-83;2026-01-01;1;2026-01-30;2;;;;;;;;;;;;;;;;37141845.45;37086158.73;369300;100.422850609261;0.000324;0;0.011905;0.011905;0;0
63.240.822/0001-60;2026-01-01;2;2026-01-30;1;0;0;0;0;0;0;0;0;0;0;0;1;0;0;0;1687101955.74;1159186132.85;11470415;101.058779;0;0;0.014343;0.00268;0.011663;0
63.249.022/0001-00;2026-01-01;1;2026-01-30;1;;;;;;;;;;;;;1;;;10014670.6;10014670.6;10000;1001.46706;0;0;0;0;0;0
63.266.685/0001-32;2026-01-01;1;2026-01-30;996;;;;;;;;;;;;;;;;307182454.56;307102635.5;303000;1013.54005115512;5.4E-05;0;0.007217;0.007217;0;0
63.279.000/0001-92;2026-01-01;1;2026-01-30;24;24;0;0;0;0;0;0;0;0;0;0;0;0;0;0;98773844.63;98445943.37;9936794.899;9.90721298;0.000202;0;0.00298259;-0.00737726;0.01035985;0
63.279.539/0001-41;2026-01-01;1;2026-01-30;1;0;1;0;0;0;0;0;0;0;0;0;0;0;0;0;8387530.62;460588.27;1238.33187439;371.942513574469;0.000319;0;-0.062439;-0.062439;0;0
63.286.011/0001-08;2026-01-01;1;2026-01-31;4;;;;;;;;;;;;;;;;46269486.65;46252906.13;46100;1003.31683579176;0.00032;0;-0.000287;-0.000287;0;0
63.320.393/0001-30;2026-01-01;2;2026-01-30;131;120;2;;;;;;;;;;;9;;;63704275.4;7587281.2;10000000;0.75872812;0.0002;0;-0.236397;-0.236397;0;0
63.327.294/0001-80;2026-01-01;1;2026-01-31;10;;;;;;;;;;;;;;;;32319494.05;13656593.07;60656;225.148263485888;0.003959;0;-0.143455;-0.143455;0;0
63.360.692/0001-07;2026-01-01;1;2026-01-30;1;;;;;;;;;;;;;;;;25977250.12;25968190.23;258000;100.651900116279;0.000308;0;0.004658;0.004658;0;0
63.375.304/0001-53;2026-01-01;1;2026-01-30;3;;;;;;;;;;;;;;;;182056049.54;181952715.37;18200000;9.99740194340659;5.7E-05;0;0.003225;0.003225;0;0
63.416.131/0001-74;2026-01-01;1;2026-01-30;997;979;17;0;0;0;0;0;0;0;0;0;0;1;0;0;64413440.93;52500244.71;184244;284.94954902;0.000149;0;-0.07379514;-0.07379514;0;0
63.420.458/0001-10;2026-01-01;1;2026-01-30;546;;;;;;;;;;;;;;;;403697222.3;400245184.19;4000000;100.0612960475;4.9E-05;4.2E-05;0.025205;0.008437;0.016768;0
63.429.256/0001-39;2026-01-01;1;2026-01-30;91;87;3;0;0;0;1;0;0;0;0;0;0;0;0;0;62314531.57;62248559.33;6295231.6873;9.88820784;0.00032;0;-0.0145934;-0.0145934;0;0
63.441.263/0001-56;2026-01-01;1;2026-01-30;3611;3611;0;0;0;0;0;0;0;0;0;0;0;0;0;0;148214234.52;146191514.14;1442940;101.315033;0.002149;0;0;0;0;0
63.460.267/0001-81;2026-01-01;1;2026-01-31;1;;;;;;;;;;;;;1;;;8066431.47;8043340.67;8070;996.696489467162;0.00542;0;-0.002925;-0.002925;0;0
63.460.267/0001-81;2026-02-01;1;2026-02-28;1;;;;;;;;;;;;;1;;;8044072.6;8021345.4;8070;993.97092936803;0.000499;0.001246;-0.002499;-0.002499;0;0
63.461.382/0001-70;2026-01-01;1;2026-01-31;2;;;;;;;;;;;;;;;;138151716.88;124139864.73;1240000;100.112794137097;0.000934954136227211;;0.000424;0.000424;;
63.492.653/0001-55;2026-01-01;1;2026-01-30;1459;1427;27;0;0;0;3;0;1;0;0;0;0;0;0;1;143907040.49;33819033.29;394163;85.79961409;0.000491;0;-0.0008772;-0.00750543;0.00662823;0
63.496.639/0001-20;2026-01-01;1;2026-01-30;9616;;;;;;;;;;;;;;;;569258757.06;569235414.38;5623589;101.222798177463;2.8E-05;0;0.012354;0.000786;0.011568;0
63.505.786/0001-19;2026-01-01;1;2026-01-30;1;;;;;;;;;;;;;1;;;1081343509.97;18621553.04;9900;1880.96495353535;0.000403;0;0.896448;0.896448;0;0
63.566.516/0001-18;2026-01-01;1;2026-01-30;2;;;;;;;;;;;;;2;;;39227101.19;2019362.83;20000;100.9681415;0.00396164566424153;0.000990411416060382;-0.007619;-0.007619;0;0
63.573.987/0001-53;2026-01-01;1;2026-01-30;114;111;1;0;0;0;1;0;0;0;0;0;0;1;0;0;100717525.39;100689975.01;102864;978.865055;0.000149;0;0;0;0;0
63.574.240/0001-10;2026-01-01;2;2026-01-30;59;59;;;;;;;;;;;;;;;62069252.84;61998000.57;614412.33239466;100.906178637991;0.0002;0;0.007382;0.007382;0;0
63.574.892/0001-54;2026-01-01;1;2026-01-30;3;;;;;;;;;;;;3;;;;61114788.18;31245594.94;352120;88.7356439282063;0.000384054137008537;6.40090228347561E-05;0.013339;-0.114168;0.127507;0
63.601.980/0001-06;2026-01-01;2;2026-01-30;1;;;;;;;;;;;;;;;;421982104.09;420263199.87;361527;1162.4669799766;2.9E-05;0;0.004037;7.9E-05;0.003958;0
63.602.404/0001-75;2026-01-01;1;2026-01-31;1;;1;;;;;;;;;;;;;;223863.44;169836.15;260972.03;0.650782959384575;0.170753;0;-0.25187;-0.25187;0;0
63.616.278/0001-08;2026-01-01;1;2026-01-30;1;0;0;;;;;;;;;;1;;;;99847845.29;99086330.35;9800000;10.11085;8.6E-05;0;0.0027749;0.0027749;0;0
63.616.390/0001-49;2026-01-01;1;2026-01-30;5;0;3;;;;;;;;;;2;;;;128744901.38;128742615.67;12869000;10.004089;1.7E-05;0;0;0;0;0
63.626.722/0001-76;2026-01-01;1;2026-01-30;2;;;;;;;;;;;;;;;;710327325.59;711046239.73;7029487;101.151938929541;0.000991;0;0.016055;0.006739;0.009316;0
63.638.368/0001-08;2026-01-01;1;2026-01-30;6;;;;;;;;;;;;;;;;2758985346.65;2724089810.85;26839400;101.495928033041;0.000166;0;0.012708;0.012708;0;0
63.638.435/0001-86;2026-01-01;1;2026-01-30;475;;;;;;;;;;;;;;;;307709637.86;303587536.44;3000000;101.19584548;2.6E-05;0;0.023374;0.011422;0.011952;0
63.638.500/0001-73;2026-01-01;1;2026-01-30;190;;;;;;;;;;;;;;;;307856862.09;303661214.26;3000000;101.220404753333;2.6E-05;0;0.023853;0.011656;0.012197;0
63.638.558/0001-17;2026-01-01;1;2026-01-30;4473;;;;;;;;;;;;;;;;717688043.9;708129832.68;7000000;101.161404668571;1.1E-05;0;0.0227;0.011092;0.011608;0
63.700.460/0001-42;2026-01-01;2;2026-01-30;7479;7479;0;0;0;0;0;0;0;0;0;0;0;0;0;0;300800990.15;300628192.08;295663;1016.793417;0.000575;0;0.031573;0.014864;0.016709;0
63.756.393/0001-88;2026-01-01;1;2026-01-30;97;;;;;;;;;;;;;;;;36481182.04;36467836.38;356446;102.309568293655;8.2E-05;8.2E-05;0.018744;0.018744;0;0
63.757.906/0001-75;2026-01-01;1;2026-01-30;10;8;0;0;0;0;0;0;0;0;0;0;1;1;0;0;44652905.06;44605168.35;45080;989.466911;0.00107;0;0;0;0;0
63.759.978/0001-51;2026-01-01;1;2026-01-30;2;0;1;;;;;;;;;;1;;;;379528962.91;379490087.37;38000000;9.98658125;5.9E-05;0;0.00123565;0.00123565;0;0
63.779.981/0001-37;2026-01-01;1;2026-01-30;1;0;0;0;0;0;0;0;0;0;0;0;0;1;0;0;10429127.47;5423922.92;5400;1004.43017037037;0.0008;0;0.001281;0.001281;0;0
63.779.981/0001-37;2026-02-01;1;2026-02-27;1;0;0;0;0;0;0;0;0;0;0;0;0;1;0;0;10428924.9;5423220.35;5400;1004.30006481481;0.0007;0;-0.00013;-0.00013;0;0
63.787.107/0001-41;2026-01-01;1;2026-01-30;1;0;0;0;0;0;0;0;0;0;0;0;0;1;0;0;144503496.81;21903493.81;17817.94042392;1229.29436786057;1E-06;0;0;0;0;0
63.787.222/0001-16;2026-01-01;1;2026-01-30;1;0;0;;;;;;;;;;;;;;120505520.07;120493520.07;8800000;13.692445;7.1E-05;0;0.37052937;0.37052937;0;0
63.787.595/0001-97;2026-01-01;1;2026-01-30;1;0;0;;;;;;;;;;;;;;149811863.94;149799863.94;13250000;11.30565;5.7E-05;0;0.14097745;0.14097745;0;0
63.787.833/0001-64;2026-01-01;1;2026-01-31;1;;;;;;;;;;;;;;;;4694102.27;4685017.73;58218;80.4736976536467;0.000165;0;0.007982;0.007982;0;0
63.791.163/0001-50;2026-01-01;1;2026-01-30;29;29;0;0;0;0;0;0;0;0;0;0;0;0;0;0;257807972.25;30757972.25;35104.46537121;876.184038832431;4E-06;0;0;0;0;0
63.801.471/0001-19;2026-01-01;2;2026-01-30;3;;;;;;;;;;;;;;;;70500599.5;70471896.08;2500000;28.188758432;0.000147671349557365;;0.035976;0.035976;;
63.806.554/0001-09;2026-01-01;1;2026-01-30;9;7;0;0;0;0;1;0;0;0;0;0;1;0;0;0;443308929.58;274436306.15;2740301;100.14823414;0.000126;0;0.00500088;-0.00167204;0.00667292;0
63.811.693/0001-12;2026-01-01;1;2026-01-30;1;;;;;;;;;;;;;;;;288447200.36;210335853.22;2100000;100.159930104762;0.000167;2.5E-05;0.012535;0.005308;0.007227;0
63.812.442/0001-52;2026-01-01;1;2026-01-30;1;0;0;0;0;0;0;0;0;0;0;0;1;0;0;0;34309776.71;34302276.71;34700;988.538234;0.000219;0;0;0;0;0
63.821.784/0001-39;2026-01-01;1;2026-01-31;1;;;;;;;;;;;;;;;;45522545.98;45486483.59;45593.64510096;997.649639314367;0.000769459347868662;;-0.00106;-0.00106;;
63.848.135/0001-21;2026-01-01;1;2026-01-30;3;0;0;;;;;;;;;;3;;;;60979344.72;45966336.58;451500;101.808054;0.000228;0;0.01647134;0.01647134;0;0
63.852.839/0001-78;2026-01-01;1;2026-01-30;38;38;0;0;0;0;0;0;0;0;0;0;0;0;0;0;56764515.7;8977014.42;9708.335;924.670854477107;1E-06;0;0;0;0;0
63.879.307/0001-24;2026-01-01;1;2026-01-30;4;;;;;;;;;;;;1;3;;;4800000;4774133.84;4800;994.611216666667;0.004999;0.000419;-0.002796;-0.002796;0;0
63.879.307/0001-24;2026-02-01;1;2026-02-27;4;;;;;;;;;;;;1;3;;;4800000;4761094.8;4800;991.89475;0.007541;0.00063;-0.002731;-0.002731;0;0
63.879.740/0001-60;2026-01-01;1;2026-01-30;3;0;0;;;;;;;;;;;3;;;136656000;136540702.81;136656;999.156296174336;0.000157;1.5E-05;-0.000506;-0.000506;0;0
63.879.740/0001-60;2026-02-01;1;2026-02-27;3;0;0;;;;;;;;;;;3;;;136656000;136481069.34;136656;998.719919652266;0.00023;2.2E-05;-0.000437;-0.000437;0;0
63.918.369/0001-06;2026-01-01;1;2026-01-30;15554;;;;;;;;;;;;;;;;758980940.63;758958558.92;7500000;101.194474522667;1.7E-05;9E-06;0.012521;0.011521;0.001;0
63.941.672/0001-11;2026-01-01;1;2026-01-30;2;;;;;;;;;;;;;;;;366733579.22;61865201.82;650000;95.1772335692308;0.000946;9E-05;-0.048228;-0.048228;0;0
63.952.812/0001-57;2026-01-01;1;2026-01-30;1;0;0;;;;;;;;;;;;;1;50088313.75;50000000;500000;100;0;0;0;0;0;0
63.952.986/0001-10;2026-01-01;1;2026-01-30;29;;;;;;;;;;;;;;;;11577130.58;11567499.41;11700;988.675163247863;0.000216;7.2E-05;-0.011325;-0.011325;0;0
63.954.054/0001-06;2026-01-01;1;2026-01-30;9;;;;;;;;;;;;;;;;1001902126.9;1000671958.52;10000000;100.067195852;0.00116;4.6E-05;0.004422;0.000672;0.00375;0
63.973.003/0001-21;2026-01-01;1;2026-01-30;1;;;;;;;;;;;;;;;;210522069.48;107967110.76;121302.52130878;890.064852693093;0.000199;6E-05;0.000116;0.000116;0;0
63.976.969/0001-12;2026-01-01;1;2026-01-30;1;0;1;0;0;0;0;0;0;0;0;0;0;0;0;0;97208143.95;97171463.77;79228;1226.47881772;0.00016;0;0.55222105;0.55222105;0;-0.985755
63.992.956/0001-37;2026-01-01;1;2026-01-30;15;;;;;;;;;;;;2;3;1;;187574077.45;187531414.5;18900000;9.92229706349206;5E-05;0;-0.004943;-0.004943;0;0
64.012.870/0001-63;2026-01-01;1;2026-01-30;2;;;;;;;;;;;;;2;;;117496384.13;116092544.29;100000;1160.9254429;0.000119;0;0.175067;0.161027;0.01404;0
64.030.930/0001-70;2026-01-01;1;2026-01-30;1;;;;;;;;;;;;;;;;247224482.07;243395292.7;2400000;101.414705291667;3.3E-05;0;0.025515;0.011406;0.014109;0
64.030.981/0001-00;2026-01-01;1;2026-01-30;286;;;;;;;;;;;;;;;;226750098;223175277.87;2200000;101.443308122727;3.6E-05;0;0.02603;0.011637;0.014393;0
64.031.021/0001-57;2026-01-01;1;2026-01-30;7857;;;;;;;;;;;;;;1;;926402538.84;912379973.69;9000000;101.375552632222;9E-06;0;0.024813;0.011094;0.013719;0
64.083.111/0001-91;2026-01-01;1;2026-01-30;1;0;0;0;0;0;0;0;0;0;0;0;1;0;0;0;115798321.81;115783321.81;1218782;94.999206;8.6E-05;0;0;0;0;0
64.089.566/0001-14;2026-01-01;1;2026-01-30;1;;;;;;;;;;;;1;;;;25616450.36;24845063.55;250740;99.0869568078488;0.0003;0;-0.010005;-0.010005;0;0
64.144.327/0001-10;2026-01-01;1;2026-01-30;17;16;0;0;0;0;0;0;0;0;0;0;0;1;0;0;8728133;2938133;3476.0345024;845.254268325412;1E-06;0;0;0;0;0
64.145.714/0001-70;2026-01-01;1;2026-01-30;13;13;0;0;0;0;0;0;0;0;0;0;0;0;0;0;50700079.48;4746124.93;5193.99999999;913.770683482699;0.00295;0;0;0;0;0
64.145.927/0001-00;2026-01-01;1;2026-01-30;1;0;0;0;0;0;0;0;0;0;0;0;1;0;0;0;12700000;12700000;1270000;10;0;0;0;0;0;0
64.156.203/0001-54;2026-01-01;1;2026-01-30;1;;1;;;;;;;;;;;;;;2101059.52;2099695.88;21000;99.9855180952381;0.0004;0;0;0;0;0
64.280.202/0001-17;2026-02-01;1;2026-02-28;10;10;;;;;;;;;;;;;;;920590.98;855251.54;10000;85.525154;0.0209;0;-0.1447;-0.1447;0;0
64.581.643/0001-59;2026-01-01;1;2026-01-30;1;1;0;0;0;0;0;0;0;0;0;0;0;0;0;0;142450267.42;121857268.15;1219600;99.91576595;0;0;-0.00214475;-0.00214475;0;0
97.521.225/0001-25;2026-01-01;2;2026-01-30;1389786;1388936;793;0;0;0;17;3;0;0;0;2;14;17;0;4;4403408479.44;4356171528.14;460269531;9.464393;0.000748;0;0.018464;0.008378;0.010086;0
